• turbo 2.8.3
• Packages in scope: @bb/app
• Running lint in 1 packages
• Remote caching disabled
@bb/app:lint: cache miss, executing 2522c6cb109c9465
@bb/app:lint:
@bb/app:lint: > @bb/app@0.0.1 lint <checkout>/apps/app
@bb/app:lint: > oxlint src vite.config.ts vite.dev.config.ts vite-bundle-stats.ts vite-font-preload.ts vite-shared-ui-seam.ts
@bb/app:lint:
@bb/app:lint:
@bb/app:lint:   ! react(purity): Cannot call impure function during render
@bb/app:lint:      ,-[src/components/settings/MachinesSettingsSection.tsx:269:15]
@bb/app:lint:  268 |
@bb/app:lint:  269 |   const now = Date.now();
@bb/app:lint:      :               ^^^^^|^^^^
@bb/app:lint:      :                    `-- Cannot call impure function
@bb/app:lint:  270 |   const primaryHostPlatform = systemConfig.data?.primaryHostPlatform ?? null;
@bb/app:lint:      `----
@bb/app:lint:   help: `Date.now` is an impure function. Calling an impure function can produce unstable results that update unpredictably when the component re-renders
@bb/app:lint:   note: React Compiler skipped optimizing this component or hook. Additional guidance: https://react.dev/reference/eslint-plugin-react-hooks/lints/purity
@bb/app:lint:
@bb/app:lint:   ! react(preserve-manual-memoization): Existing memoization could not be preserved
@bb/app:lint:      ,-[src/views/ProjectDetailSettingsView.tsx:232:56]
@bb/app:lint:  231 |   const projectSources = project?.sources;
@bb/app:lint:  232 |   const sources = useMemo(() => projectSources ?? [], [projectSources]);
@bb/app:lint:      :                                                        ^^^^^^^|^^^^^^
@bb/app:lint:      :                                                               `-- This dependency may be modified later
@bb/app:lint:  233 |   const projectName = project?.name ?? "";
@bb/app:lint:      `----
@bb/app:lint:   help: React Compiler has skipped optimizing this component because the existing manual memoization could not be preserved. This dependency may be mutated later, which could cause the value to change unexpectedly
@bb/app:lint:   note: React Compiler skipped optimizing this component or hook. Additional guidance: https://react.dev/reference/eslint-plugin-react-hooks/lints/preserve-manual-memoization
@bb/app:lint:
@bb/app:lint:   ! react(preserve-manual-memoization): Existing memoization could not be preserved
@bb/app:lint:      ,-[src/views/ProjectDetailSettingsView.tsx:299:39]
@bb/app:lint:  298 |     },
@bb/app:lint:  299 |     [localSourcePicker, pickerHostId, project],
@bb/app:lint:      :                                       ^^^|^^^
@bb/app:lint:      :                                          `-- This dependency may be modified later
@bb/app:lint:  300 |   );
@bb/app:lint:      `----
@bb/app:lint:   help: React Compiler has skipped optimizing this component because the existing manual memoization could not be preserved. This dependency may be mutated later, which could cause the value to change unexpectedly
@bb/app:lint:   note: React Compiler skipped optimizing this component or hook. Additional guidance: https://react.dev/reference/eslint-plugin-react-hooks/lints/preserve-manual-memoization
@bb/app:lint:
@bb/app:lint:   ! react(preserve-manual-memoization): Existing memoization could not be preserved
@bb/app:lint:      ,-[src/views/ProjectDetailSettingsView.tsx:280:21]
@bb/app:lint:  279 |
@bb/app:lint:  280 |   const openSetUp = useCallback(
@bb/app:lint:      :                     ^^^^^|^^^^^
@bb/app:lint:      :                          `-- Manual memoization is not preserved here
@bb/app:lint:  281 |     (host: Host) => {
@bb/app:lint:      :     |
@bb/app:lint:      :     `-- Manual memoization callback starts here
@bb/app:lint:  282 |       if (!project) return;
@bb/app:lint:      `----
@bb/app:lint:   help: React Compiler could not prove that this useMemo/useCallback remains memoized. Fix related React Compiler errors inside the callback first. If manual memoization is not required for semantics, remove it; otherwise restructure the callback to avoid values that invalidate memoization
@bb/app:lint:   note: React Compiler skipped optimizing this component or hook. Additional guidance: https://react.dev/reference/eslint-plugin-react-hooks/lints/preserve-manual-memoization
@bb/app:lint:
@bb/app:lint:   ! react(purity): Cannot call impure function during render
@bb/app:lint:      ,-[src/views/ProjectDetailSettingsView.tsx:342:15]
@bb/app:lint:  341 |         )?.label ?? defaults.permissionMode);
@bb/app:lint:  342 |   const now = Date.now();
@bb/app:lint:      :               ^^^^^|^^^^
@bb/app:lint:      :                    `-- Cannot call impure function
@bb/app:lint:  343 |
@bb/app:lint:      `----
@bb/app:lint:   help: `Date.now` is an impure function. Calling an impure function can produce unstable results that update unpredictably when the component re-renders
@bb/app:lint:   note: React Compiler skipped optimizing this component or hook. Additional guidance: https://react.dev/reference/eslint-plugin-react-hooks/lints/purity
@bb/app:lint:
@bb/app:lint:   ! react(set-state-in-effect): Calling setState synchronously within an effect can trigger cascading renders
@bb/app:lint:      ,-[src/components/plugin/PluginSettings.tsx:337:7]
@bb/app:lint:  334 |
@bb/app:lint:  335 |   useEffect(() => {
@bb/app:lint:      :   ^^^^|^^^^
@bb/app:lint:      :       `-- This is the containing effect
@bb/app:lint:  336 |     if (!draftState.hasNewerDraft && !save.isPending && !save.isError) {
@bb/app:lint:  337 |       setDraftState({ value: initialDraft, hasNewerDraft: false });
@bb/app:lint:      :       ^^^^^^|^^^^^^
@bb/app:lint:      :             `-- Avoid calling setState() directly within an effect
@bb/app:lint:  338 |     }
@bb/app:lint:      `----
@bb/app:lint:   help: Effects should synchronize React with external systems. Calling setState synchronously inside an effect starts another render and is usually unnecessary. Derive the value during render, initialize state directly, or update it from the event that caused the change. Use an effect only when synchronizing with an external system.
@bb/app:lint:   note: React Compiler skipped optimizing this component or hook. Additional guidance: https://react.dev/reference/eslint-plugin-react-hooks/lints/set-state-in-effect
@bb/app:lint:
@bb/app:lint:   ! react(purity): Cannot call impure function during render
@bb/app:lint:      ,-[src/views/MachineSettingsView.tsx:225:15]
@bb/app:lint:  224 |
@bb/app:lint:  225 |   const now = Date.now();
@bb/app:lint:      :               ^^^^^|^^^^
@bb/app:lint:      :                    `-- Cannot call impure function
@bb/app:lint:  226 |   const platformLabel =
@bb/app:lint:      `----
@bb/app:lint:   help: `Date.now` is an impure function. Calling an impure function can produce unstable results that update unpredictably when the component re-renders
@bb/app:lint:   note: React Compiler skipped optimizing this component or hook. Additional guidance: https://react.dev/reference/eslint-plugin-react-hooks/lints/purity
@bb/app:lint:
@bb/app:lint:   ! react(set-state-in-effect): Calling setState synchronously within an effect can trigger cascading renders
@bb/app:lint:      ,-[src/components/pickers/BranchPicker.tsx:505:7]
@bb/app:lint:  502 |
@bb/app:lint:  503 |   useEffect(() => {
@bb/app:lint:      :   ^^^^|^^^^
@bb/app:lint:      :       `-- This is the containing effect
@bb/app:lint:  504 |     if (!open) {
@bb/app:lint:  505 |       setQuery("");
@bb/app:lint:      :       ^^^^|^^^
@bb/app:lint:      :           `-- Avoid calling setState() directly within an effect
@bb/app:lint:  506 |       onSearchQueryChange?.("");
@bb/app:lint:      `----
@bb/app:lint:   help: Effects should synchronize React with external systems. Calling setState synchronously inside an effect starts another render and is usually unnecessary. Derive the value during render, initialize state directly, or update it from the event that caused the change. Use an effect only when synchronizing with an external system.
@bb/app:lint:   note: React Compiler skipped optimizing this component or hook. Additional guidance: https://react.dev/reference/eslint-plugin-react-hooks/lints/set-state-in-effect
@bb/app:lint:
@bb/app:lint:   ! react(set-state-in-effect): Calling setState synchronously within an effect can trigger cascading renders
@bb/app:lint:       ,-[src/components/promptbox/banner/QueuedMessagesList.tsx:1366:5]
@bb/app:lint:  1364 |
@bb/app:lint:  1365 |   useLayoutEffect(() => {
@bb/app:lint:       :   ^^^^^^^|^^^^^^^
@bb/app:lint:       :          `-- This is the containing effect
@bb/app:lint:  1366 |     measureInlineEditorMaxHeight();
@bb/app:lint:       :     ^^^^^^^^^^^^^^|^^^^^^^^^^^^^
@bb/app:lint:       :                   `-- Avoid calling setState() directly within an effect
@bb/app:lint:  1367 |     if (!inlineEditorActive) return;
@bb/app:lint:       `----
@bb/app:lint:   help: Effects should synchronize React with external systems. Calling setState synchronously inside an effect starts another render and is usually unnecessary. Derive the value during render, initialize state directly, or update it from the event that caused the change. Use an effect only when synchronizing with an external system.
@bb/app:lint:   note: React Compiler skipped optimizing this component or hook. Additional guidance: https://react.dev/reference/eslint-plugin-react-hooks/lints/set-state-in-effect
@bb/app:lint:
@bb/app:lint:   ! react(set-state-in-effect): Calling setState synchronously within an effect can trigger cascading renders
@bb/app:lint:       ,-[src/components/promptbox/banner/QueuedMessagesList.tsx:1500:7]
@bb/app:lint:  1494 |
@bb/app:lint:  1495 |   useEffect(() => {
@bb/app:lint:       :   ^^^^|^^^^
@bb/app:lint:       :       `-- This is the containing effect
@bb/app:lint:  1496 |     if (inlineEditor) {
@bb/app:lint:  1497 |       if (!wasInlineEditingRef.current) {
@bb/app:lint:  1498 |         inlineEditorDismissModeRef.current = null;
@bb/app:lint:  1499 |       }
@bb/app:lint:  1500 |       setMode("workspace");
@bb/app:lint:       :       ^^^|^^^
@bb/app:lint:       :          `-- Avoid calling setState() directly within an effect
@bb/app:lint:  1501 |     } else if (wasInlineEditingRef.current) {
@bb/app:lint:       `----
@bb/app:lint:   help: Effects should synchronize React with external systems. Calling setState synchronously inside an effect starts another render and is usually unnecessary. Derive the value during render, initialize state directly, or update it from the event that caused the change. Use an effect only when synchronizing with an external system.
@bb/app:lint:   note: React Compiler skipped optimizing this component or hook. Additional guidance: https://react.dev/reference/eslint-plugin-react-hooks/lints/set-state-in-effect
@bb/app:lint:
@bb/app:lint:   ! react(set-state-in-effect): Calling setState synchronously within an effect can trigger cascading renders
@bb/app:lint:      ,-[src/hooks/useAudioInputDevices.ts:125:5]
@bb/app:lint:  122 |
@bb/app:lint:  123 |   useEffect(() => {
@bb/app:lint:      :   ^^^^|^^^^
@bb/app:lint:      :       `-- This is the containing effect
@bb/app:lint:  124 |     const mediaDevices = getMediaDevices();
@bb/app:lint:  125 |     setIsSupported(mediaDevices !== null);
@bb/app:lint:      :     ^^^^^^^|^^^^^^
@bb/app:lint:      :            `-- Avoid calling setState() directly within an effect
@bb/app:lint:  126 |     if (mediaDevices === null) {
@bb/app:lint:      `----
@bb/app:lint:   help: Effects should synchronize React with external systems. Calling setState synchronously inside an effect starts another render and is usually unnecessary. Derive the value during render, initialize state directly, or update it from the event that caused the change. Use an effect only when synchronizing with an external system.
@bb/app:lint:   note: React Compiler skipped optimizing this component or hook. Additional guidance: https://react.dev/reference/eslint-plugin-react-hooks/lints/set-state-in-effect
@bb/app:lint:
@bb/app:lint:   ! react(set-state-in-effect): Calling setState synchronously within an effect can trigger cascading renders
@bb/app:lint:      ,-[src/components/secondary-panel/FilePreview.tsx:448:5]
@bb/app:lint:  446 |   );
@bb/app:lint:  447 |   useEffect(() => {
@bb/app:lint:      :   ^^^^|^^^^
@bb/app:lint:      :       `-- This is the containing effect
@bb/app:lint:  448 |     setViewMode(
@bb/app:lint:      :     ^^^^^|^^^^^
@bb/app:lint:      :          `-- Avoid calling setState() directly within an effect
@bb/app:lint:  449 |       getInitialFilePreviewViewMode({
@bb/app:lint:      `----
@bb/app:lint:   help: Effects should synchronize React with external systems. Calling setState synchronously inside an effect starts another render and is usually unnecessary. Derive the value during render, initialize state directly, or update it from the event that caused the change. Use an effect only when synchronizing with an external system.
@bb/app:lint:   note: React Compiler skipped optimizing this component or hook. Additional guidance: https://react.dev/reference/eslint-plugin-react-hooks/lints/set-state-in-effect
@bb/app:lint:
@bb/app:lint:   ! react(set-state-in-effect): Calling setState synchronously within an effect can trigger cascading renders
@bb/app:lint:       ,-[src/components/secondary-panel/FilePreview.tsx:1073:5]
@bb/app:lint:  1071 |
@bb/app:lint:  1072 |   useEffect(() => {
@bb/app:lint:       :   ^^^^|^^^^
@bb/app:lint:       :       `-- This is the containing effect
@bb/app:lint:  1073 |     setLoadState("loading");
@bb/app:lint:       :     ^^^^^^|^^^^^
@bb/app:lint:       :           `-- Avoid calling setState() directly within an effect
@bb/app:lint:  1074 |   }, [url]);
@bb/app:lint:       `----
@bb/app:lint:   help: Effects should synchronize React with external systems. Calling setState synchronously inside an effect starts another render and is usually unnecessary. Derive the value during render, initialize state directly, or update it from the event that caused the change. Use an effect only when synchronizing with an external system.
@bb/app:lint:   note: React Compiler skipped optimizing this component or hook. Additional guidance: https://react.dev/reference/eslint-plugin-react-hooks/lints/set-state-in-effect
@bb/app:lint:
@bb/app:lint:   ! react(set-state-in-effect): Calling setState synchronously within an effect can trigger cascading renders
@bb/app:lint:       ,-[src/components/secondary-panel/FilePreview.tsx:1078:7]
@bb/app:lint:  1075 |
@bb/app:lint:  1076 |   useEffect(() => {
@bb/app:lint:       :   ^^^^|^^^^
@bb/app:lint:       :       `-- This is the containing effect
@bb/app:lint:  1077 |     if (loadState !== "loading") {
@bb/app:lint:  1078 |       setShowLoadingIndicator(false);
@bb/app:lint:       :       ^^^^^^^^^^^|^^^^^^^^^^^
@bb/app:lint:       :                  `-- Avoid calling setState() directly within an effect
@bb/app:lint:  1079 |       return;
@bb/app:lint:       `----
@bb/app:lint:   help: Effects should synchronize React with external systems. Calling setState synchronously inside an effect starts another render and is usually unnecessary. Derive the value during render, initialize state directly, or update it from the event that caused the change. Use an effect only when synchronizing with an external system.
@bb/app:lint:   note: React Compiler skipped optimizing this component or hook. Additional guidance: https://react.dev/reference/eslint-plugin-react-hooks/lints/set-state-in-effect
@bb/app:lint:
@bb/app:lint:   ! react(incompatible-library): Use of incompatible library
@bb/app:lint:      ,-[src/components/secondary-panel/FilePreview.tsx:928:26]
@bb/app:lint:  927 |   const scrollRef = useRef<HTMLDivElement>(null);
@bb/app:lint:  928 |   const rowVirtualizer = useVirtualizer({
@bb/app:lint:      :                          ^^^^^^^|^^^^^^
@bb/app:lint:      :                                 `-- TanStack Virtual's `useVirtualizer()` API returns functions that cannot be memoized safely
@bb/app:lint:  929 |     count: bodyRows.length,
@bb/app:lint:      `----
@bb/app:lint:   help: This API returns functions which cannot be memoized without leading to stale UI. To prevent this, by default React Compiler will skip memoizing this component/hook. However, you may see issues if values from this API are passed to other components/hooks that are memoized
@bb/app:lint:   note: React Compiler skipped optimizing this component or hook. Additional guidance: https://react.dev/reference/eslint-plugin-react-hooks/lints/incompatible-library
@bb/app:lint:
@bb/app:lint:   ! react(purity): Cannot call impure function during render
@bb/app:lint:      ,-[src/components/promptbox/banner/ThreadWorkflowCard.stories.tsx:299:20]
@bb/app:lint:  298 |         description: "Audit the entire repository across forty phases",
@bb/app:lint:  299 |         startedAt: Date.now() - 1_472_000,
@bb/app:lint:      :                    ^^^^^|^^^^
@bb/app:lint:      :                         `-- Cannot call impure function
@bb/app:lint:  300 |         workflow: buildManyPhasesSnapshot(40, activePhase),
@bb/app:lint:      `----
@bb/app:lint:   help: `Date.now` is an impure function. Calling an impure function can produce unstable results that update unpredictably when the component re-renders
@bb/app:lint:   note: React Compiler skipped optimizing this component or hook. Additional guidance: https://react.dev/reference/eslint-plugin-react-hooks/lints/purity
@bb/app:lint:
@bb/app:lint:   ! react(purity): Cannot call impure function during render
@bb/app:lint:     ,-[src/components/pickers/MachinePicker.tsx:75:15]
@bb/app:lint:  74 |   );
@bb/app:lint:  75 |   const now = Date.now();
@bb/app:lint:     :               ^^^^^|^^^^
@bb/app:lint:     :                    `-- Cannot call impure function
@bb/app:lint:  76 |
@bb/app:lint:     `----
@bb/app:lint:   help: `Date.now` is an impure function. Calling an impure function can produce unstable results that update unpredictably when the component re-renders
@bb/app:lint:   note: React Compiler skipped optimizing this component or hook. Additional guidance: https://react.dev/reference/eslint-plugin-react-hooks/lints/purity
@bb/app:lint:
@bb/app:lint:   ! react(refs): Cannot access refs during render
@bb/app:lint:      ,-[src/views/ToolsView.tsx:509:12]
@bb/app:lint:  508 |   const panelTabs = useMemo<readonly SecondaryPanelRenderableTab[]>(
@bb/app:lint:  509 |     () => (panelTab === null ? [] : [panelTab]),
@bb/app:lint:      :            ^^^^|^^^
@bb/app:lint:      :                `-- Cannot access ref value during render
@bb/app:lint:  510 |     [panelTab],
@bb/app:lint:      `----
@bb/app:lint:   help: React refs are values that are not needed for rendering. Refs should only be accessed outside of render, such as in event handlers or effects. Accessing a ref value (the `current` property) during render can cause your component not to update as expected
@bb/app:lint:   note: React Compiler skipped optimizing this component or hook. Additional guidance: https://react.dev/reference/eslint-plugin-react-hooks/lints/refs
@bb/app:lint:
@bb/app:lint:   ! react(refs): Cannot access refs during render
@bb/app:lint:      ,-[src/views/ToolsView.tsx:555:31]
@bb/app:lint:  554 |     ),
@bb/app:lint:  555 |     [closePanel, isPanelOpen, panelTab?.tab, panelTabs],
@bb/app:lint:      :                               ^^^^|^^^
@bb/app:lint:      :                                   `-- Cannot access ref value during render
@bb/app:lint:  556 |   );
@bb/app:lint:      `----
@bb/app:lint:   help: React refs are values that are not needed for rendering. Refs should only be accessed outside of render, such as in event handlers or effects. Accessing a ref value (the `current` property) during render can cause your component not to update as expected
@bb/app:lint:   note: React Compiler skipped optimizing this component or hook. Additional guidance: https://react.dev/reference/eslint-plugin-react-hooks/lints/refs
@bb/app:lint:
@bb/app:lint:   ! react(refs): Cannot access refs during render
@bb/app:lint:     ,-[src/components/dialogs/ProviderCliInstallLogDialog.tsx:37:21]
@bb/app:lint:  36 |   if (state !== null) {
@bb/app:lint:  37 |     renderedStateRef.current = state;
@bb/app:lint:     :     ^^^^^^^^|^^^^^^^^^^^|^^^
@bb/app:lint:     :             |           `-- Cannot update ref value during render
@bb/app:lint:     :             `-- This value is a ref
@bb/app:lint:  38 |   }
@bb/app:lint:     `----
@bb/app:lint:   help: React refs are values that are not needed for rendering. Refs should only be accessed outside of render, such as in event handlers or effects. Accessing a ref value (the `current` property) during render can cause your component not to update as expected
@bb/app:lint:   note: React Compiler skipped optimizing this component or hook. Additional guidance: https://react.dev/reference/eslint-plugin-react-hooks/lints/refs
@bb/app:lint:
@bb/app:lint:   ! react(refs): Cannot access refs during render
@bb/app:lint:     ,-[src/components/dialogs/ProviderCliInstallLogDialog.tsx:40:33]
@bb/app:lint:  39 |
@bb/app:lint:  40 |   const currentState = state ?? renderedStateRef.current;
@bb/app:lint:     :                                 ^^^^^^^^^^^^|^^^^^^^^^^^
@bb/app:lint:     :                                             `-- Cannot access ref value during render
@bb/app:lint:  41 |
@bb/app:lint:     `----
@bb/app:lint:   help: React refs are values that are not needed for rendering. Refs should only be accessed outside of render, such as in event handlers or effects. Accessing a ref value (the `current` property) during render can cause your component not to update as expected
@bb/app:lint:   note: React Compiler skipped optimizing this component or hook. Additional guidance: https://react.dev/reference/eslint-plugin-react-hooks/lints/refs
@bb/app:lint:
@bb/app:lint:   ! react(refs): Cannot access refs during render
@bb/app:lint:     ,-[src/components/dialogs/ProviderCliInstallLogDialog.tsx:40:33]
@bb/app:lint:  39 |
@bb/app:lint:  40 |   const currentState = state ?? renderedStateRef.current;
@bb/app:lint:     :                                 ^^^^^^^^^^^^|^^^^^^^^^^^
@bb/app:lint:     :                                             `-- Cannot access ref value during render
@bb/app:lint:  41 |
@bb/app:lint:     `----
@bb/app:lint:   help: React refs are values that are not needed for rendering. Refs should only be accessed outside of render, such as in event handlers or effects. Accessing a ref value (the `current` property) during render can cause your component not to update as expected
@bb/app:lint:   note: React Compiler skipped optimizing this component or hook. Additional guidance: https://react.dev/reference/eslint-plugin-react-hooks/lints/refs
@bb/app:lint:
@bb/app:lint:   ! react(set-state-in-effect): Calling setState synchronously within an effect can trigger cascading renders
@bb/app:lint:      ,-[src/components/secondary-panel/git-diff/useGitDiffPanel.ts:125:5]
@bb/app:lint:  123 |   }, [mergeBaseRemoteBranchList, selectedMergeBaseBranchRef]);
@bb/app:lint:  124 |   useEffect(() => {
@bb/app:lint:      :   ^^^^|^^^^
@bb/app:lint:      :       `-- This is the containing effect
@bb/app:lint:  125 |     setMergeBaseBranchSearchQuery("");
@bb/app:lint:      :     ^^^^^^^^^^^^^^|^^^^^^^^^^^^^^
@bb/app:lint:      :                   `-- Avoid calling setState() directly within an effect
@bb/app:lint:  126 |     setPendingGitDiffIntent(null);
@bb/app:lint:      `----
@bb/app:lint:   help: Effects should synchronize React with external systems. Calling setState synchronously inside an effect starts another render and is usually unnecessary. Derive the value during render, initialize state directly, or update it from the event that caused the change. Use an effect only when synchronizing with an external system.
@bb/app:lint:   note: React Compiler skipped optimizing this component or hook. Additional guidance: https://react.dev/reference/eslint-plugin-react-hooks/lints/set-state-in-effect
@bb/app:lint:
@bb/app:lint:   ! react(set-state-in-effect): Calling setState synchronously within an effect can trigger cascading renders
@bb/app:lint:      ,-[src/components/ui/sidebar.tsx:577:9]
@bb/app:lint:  574 |
@bb/app:lint:  575 |     React.useEffect(() => {
@bb/app:lint:      :     ^^^^^^^|^^^^^^^
@bb/app:lint:      :            `-- This is the containing effect
@bb/app:lint:  576 |       if (openMobile) {
@bb/app:lint:  577 |         setSuppressMobileCloseAnimation(false);
@bb/app:lint:      :         ^^^^^^^^^^^^^^^|^^^^^^^^^^^^^^^
@bb/app:lint:      :                        `-- Avoid calling setState() directly within an effect
@bb/app:lint:  578 |       } else {
@bb/app:lint:      `----
@bb/app:lint:   help: Effects should synchronize React with external systems. Calling setState synchronously inside an effect starts another render and is usually unnecessary. Derive the value during render, initialize state directly, or update it from the event that caused the change. Use an effect only when synchronizing with an external system.
@bb/app:lint:   note: React Compiler skipped optimizing this component or hook. Additional guidance: https://react.dev/reference/eslint-plugin-react-hooks/lints/set-state-in-effect
@bb/app:lint:
@bb/app:lint:   ! react(immutability): This value cannot be modified
@bb/app:lint:     ,-[src/hooks/useAutoGrow.ts:16:7]
@bb/app:lint:   8 | export function useAutoGrow(
@bb/app:lint:   9 |   ref: RefObject<HTMLTextAreaElement | null>,
@bb/app:lint:     :   ^|^
@bb/app:lint:     :    `-- `ref` originates here
@bb/app:lint:  10 |   { minHeight, maxHeight }: UseAutoGrowOptions,
@bb/app:lint:  11 | ) {
@bb/app:lint:  12 |   const resize = useCallback(
@bb/app:lint:  13 |     (textarea?: HTMLTextAreaElement | null) => {
@bb/app:lint:  14 |       const element = textarea ?? ref.current;
@bb/app:lint:  15 |       if (!element) return;
@bb/app:lint:  16 |       element.style.height = "auto";
@bb/app:lint:     :       ^^^^^^|^^^^^^
@bb/app:lint:     :             `-- `ref` cannot be modified
@bb/app:lint:  17 |       element.style.height = `${Math.min(
@bb/app:lint:     `----
@bb/app:lint:   help: Do not mutate component props or hook arguments. If the value should change, update it where it is owned and pass an update callback, or use local state
@bb/app:lint:   note: React Compiler skipped optimizing this component or hook. Additional guidance: https://react.dev/reference/eslint-plugin-react-hooks/lints/immutability
@bb/app:lint:
@bb/app:lint:   ! react(set-state-in-effect): Calling setState synchronously within an effect can trigger cascading renders
@bb/app:lint:     ,-[src/views/thread-detail/useThreadUnreadDividerState.ts:98:7]
@bb/app:lint:  86 |
@bb/app:lint:  87 |   useEffect(() => {
@bb/app:lint:     :   ^^^^|^^^^
@bb/app:lint:     :       `-- This is the containing effect
@bb/app:lint:  88 |     if (
@bb/app:lint:  89 |       threadId === undefined ||
@bb/app:lint:  90 |       threadLastReadAt === undefined ||
@bb/app:lint:  91 |       threadLatestAttentionAt === undefined ||
@bb/app:lint:  92 |       !shouldTrackThreadUnreadDivider({
@bb/app:lint:  93 |         routeThreadId,
@bb/app:lint:  94 |         threadId,
@bb/app:lint:  95 |       })
@bb/app:lint:  96 |     ) {
@bb/app:lint:  97 |       trackedThreadIdRef.current = null;
@bb/app:lint:  98 |       setSnapshot(null);
@bb/app:lint:     :       ^^^^^|^^^^^
@bb/app:lint:     :            `-- Avoid calling setState() directly within an effect
@bb/app:lint:  99 |       return;
@bb/app:lint:     `----
@bb/app:lint:   help: Effects should synchronize React with external systems. Calling setState synchronously inside an effect starts another render and is usually unnecessary. Derive the value during render, initialize state directly, or update it from the event that caused the change. Use an effect only when synchronizing with an external system.
@bb/app:lint:   note: React Compiler skipped optimizing this component or hook. Additional guidance: https://react.dev/reference/eslint-plugin-react-hooks/lints/set-state-in-effect
@bb/app:lint:
@bb/app:lint:   ! react(set-state-in-effect): Calling setState synchronously within an effect can trigger cascading renders
@bb/app:lint:      ,-[src/components/secondary-panel/git-diff/DiffFileCard.tsx:191:5]
@bb/app:lint:  188 |
@bb/app:lint:  189 |   useEffect(() => {
@bb/app:lint:      :   ^^^^|^^^^
@bb/app:lint:      :       `-- This is the containing effect
@bb/app:lint:  190 |     statusRef.current = "idle";
@bb/app:lint:  191 |     setState(EMPTY_BINARY_IMAGE_PREVIEW_STATE);
@bb/app:lint:      :     ^^^^|^^^
@bb/app:lint:      :         `-- Avoid calling setState() directly within an effect
@bb/app:lint:  192 |   }, [planIdentity, onRequestFileContents]);
@bb/app:lint:      `----
@bb/app:lint:   help: Effects should synchronize React with external systems. Calling setState synchronously inside an effect starts another render and is usually unnecessary. Derive the value during render, initialize state directly, or update it from the event that caused the change. Use an effect only when synchronizing with an external system.
@bb/app:lint:   note: React Compiler skipped optimizing this component or hook. Additional guidance: https://react.dev/reference/eslint-plugin-react-hooks/lints/set-state-in-effect
@bb/app:lint:
@bb/app:lint:   ! react(set-state-in-effect): Calling setState synchronously within an effect can trigger cascading renders
@bb/app:lint:      ,-[src/components/secondary-panel/git-diff/DiffFileCard.tsx:272:5]
@bb/app:lint:  270 |     useState<GitDiffCardSvgDisplayMode>("preview");
@bb/app:lint:  271 |   useEffect(() => {
@bb/app:lint:      :   ^^^^|^^^^
@bb/app:lint:      :       `-- This is the containing effect
@bb/app:lint:  272 |     setSvgDisplayMode("preview");
@bb/app:lint:      :     ^^^^^^^^|^^^^^^^^
@bb/app:lint:      :             `-- Avoid calling setState() directly within an effect
@bb/app:lint:  273 |   }, [entry.path, entry.previousPath, patchState.patch]);
@bb/app:lint:      `----
@bb/app:lint:   help: Effects should synchronize React with external systems. Calling setState synchronously inside an effect starts another render and is usually unnecessary. Derive the value during render, initialize state directly, or update it from the event that caused the change. Use an effect only when synchronizing with an external system.
@bb/app:lint:   note: React Compiler skipped optimizing this component or hook. Additional guidance: https://react.dev/reference/eslint-plugin-react-hooks/lints/set-state-in-effect
@bb/app:lint:
@bb/app:lint:   ! react(incompatible-library): Use of incompatible library
@bb/app:lint:      ,-[src/components/dialogs/RemotePathBrowser.tsx:114:28]
@bb/app:lint:  113 |   );
@bb/app:lint:  114 |   const entryVirtualizer = useVirtualizer({
@bb/app:lint:      :                            ^^^^^^^|^^^^^^
@bb/app:lint:      :                                   `-- TanStack Virtual's `useVirtualizer()` API returns functions that cannot be memoized safely
@bb/app:lint:  115 |     count: entries.length,
@bb/app:lint:      `----
@bb/app:lint:   help: This API returns functions which cannot be memoized without leading to stale UI. To prevent this, by default React Compiler will skip memoizing this component/hook. However, you may see issues if values from this API are passed to other components/hooks that are memoized
@bb/app:lint:   note: React Compiler skipped optimizing this component or hook. Additional guidance: https://react.dev/reference/eslint-plugin-react-hooks/lints/incompatible-library
@bb/app:lint:
@bb/app:lint:   ! react(set-state-in-effect): Calling setState synchronously within an effect can trigger cascading renders
@bb/app:lint:     ,-[src/views/thread-detail/useThreadSecondaryPanelVisibility.ts:87:5]
@bb/app:lint:  85 |
@bb/app:lint:  86 |   useEffect(() => {
@bb/app:lint:     :   ^^^^|^^^^
@bb/app:lint:     :       `-- This is the containing effect
@bb/app:lint:  87 |     setOpenDrawerThreadId(null);
@bb/app:lint:     :     ^^^^^^^^^^|^^^^^^^^^^
@bb/app:lint:     :               `-- Avoid calling setState() directly within an effect
@bb/app:lint:  88 |   }, [threadId]);
@bb/app:lint:     `----
@bb/app:lint:   help: Effects should synchronize React with external systems. Calling setState synchronously inside an effect starts another render and is usually unnecessary. Derive the value during render, initialize state directly, or update it from the event that caused the change. Use an effect only when synchronizing with an external system.
@bb/app:lint:   note: React Compiler skipped optimizing this component or hook. Additional guidance: https://react.dev/reference/eslint-plugin-react-hooks/lints/set-state-in-effect
@bb/app:lint:
@bb/app:lint:   ! react(set-state-in-effect): Calling setState synchronously within an effect can trigger cascading renders
@bb/app:lint:     ,-[src/views/thread-detail/useThreadSecondaryPanelVisibility.ts:92:7]
@bb/app:lint:  89 |
@bb/app:lint:  90 |   useEffect(() => {
@bb/app:lint:     :   ^^^^|^^^^
@bb/app:lint:     :       `-- This is the containing effect
@bb/app:lint:  91 |     if (!isCompactViewport) {
@bb/app:lint:  92 |       setOpenDrawerThreadId(null);
@bb/app:lint:     :       ^^^^^^^^^^|^^^^^^^^^^
@bb/app:lint:     :                 `-- Avoid calling setState() directly within an effect
@bb/app:lint:  93 |     }
@bb/app:lint:     `----
@bb/app:lint:   help: Effects should synchronize React with external systems. Calling setState synchronously inside an effect starts another render and is usually unnecessary. Derive the value during render, initialize state directly, or update it from the event that caused the change. Use an effect only when synchronizing with an external system.
@bb/app:lint:   note: React Compiler skipped optimizing this component or hook. Additional guidance: https://react.dev/reference/eslint-plugin-react-hooks/lints/set-state-in-effect
@bb/app:lint:
@bb/app:lint:   ! react(set-state-in-effect): Calling setState synchronously within an effect can trigger cascading renders
@bb/app:lint:     ,-[src/lib/plugin-code-theme.ts:41:7]
@bb/app:lint:  37 |
@bb/app:lint:  38 |   useEffect(() => {
@bb/app:lint:     :   ^^^^|^^^^
@bb/app:lint:     :       `-- This is the containing effect
@bb/app:lint:  39 |     const cached = cache.get(name);
@bb/app:lint:  40 |     if (cached !== undefined) {
@bb/app:lint:  41 |       setTheme(cached);
@bb/app:lint:     :       ^^^^|^^^
@bb/app:lint:     :           `-- Avoid calling setState() directly within an effect
@bb/app:lint:  42 |       return;
@bb/app:lint:     `----
@bb/app:lint:   help: Effects should synchronize React with external systems. Calling setState synchronously inside an effect starts another render and is usually unnecessary. Derive the value during render, initialize state directly, or update it from the event that caused the change. Use an effect only when synchronizing with an external system.
@bb/app:lint:   note: React Compiler skipped optimizing this component or hook. Additional guidance: https://react.dev/reference/eslint-plugin-react-hooks/lints/set-state-in-effect
@bb/app:lint:
@bb/app:lint:   ! react(set-state-in-effect): Calling setState synchronously within an effect can trigger cascading renders
@bb/app:lint:     ,-[src/components/ui/hooks/use-hover-popover.ts:76:18]
@bb/app:lint:  69 |
@bb/app:lint:  70 |   useEffect(() => {
@bb/app:lint:     :   ^^^^|^^^^
@bb/app:lint:     :       `-- This is the containing effect
@bb/app:lint:  71 |     if (isPointerCoarse) return;
@bb/app:lint:  72 |
@bb/app:lint:  73 |     clearToggleTimeout();
@bb/app:lint:  74 |
@bb/app:lint:  75 |     if (isFocusOverTrigger || isFocusOverContent) {
@bb/app:lint:  76 |       if (!open) setOpen(true);
@bb/app:lint:     :                  ^^^|^^^
@bb/app:lint:     :                     `-- Avoid calling setState() directly within an effect
@bb/app:lint:  77 |       return;
@bb/app:lint:     `----
@bb/app:lint:   help: Effects should synchronize React with external systems. Calling setState synchronously inside an effect starts another render and is usually unnecessary. Derive the value during render, initialize state directly, or update it from the event that caused the change. Use an effect only when synchronizing with an external system.
@bb/app:lint:   note: React Compiler skipped optimizing this component or hook. Additional guidance: https://react.dev/reference/eslint-plugin-react-hooks/lints/set-state-in-effect
@bb/app:lint:
@bb/app:lint:   ! react(set-state-in-effect): Calling setState synchronously within an effect can trigger cascading renders
@bb/app:lint:     ,-[src/components/secondary-panel/git-diff/useGitDiffPanelState.ts:53:5]
@bb/app:lint:  51 |
@bb/app:lint:  52 |   useEffect(() => {
@bb/app:lint:     :   ^^^^|^^^^
@bb/app:lint:     :       `-- This is the containing effect
@bb/app:lint:  53 |     setSelectedGitDiffSelection(null);
@bb/app:lint:     :     ^^^^^^^^^^^^^|^^^^^^^^^^^^^
@bb/app:lint:     :                  `-- Avoid calling setState() directly within an effect
@bb/app:lint:  54 |   }, [environmentId]);
@bb/app:lint:     `----
@bb/app:lint:   help: Effects should synchronize React with external systems. Calling setState synchronously inside an effect starts another render and is usually unnecessary. Derive the value during render, initialize state directly, or update it from the event that caused the change. Use an effect only when synchronizing with an external system.
@bb/app:lint:   note: React Compiler skipped optimizing this component or hook. Additional guidance: https://react.dev/reference/eslint-plugin-react-hooks/lints/set-state-in-effect
@bb/app:lint:
@bb/app:lint:   ! react(set-state-in-effect): Calling setState synchronously within an effect can trigger cascading renders
@bb/app:lint:     ,-[src/components/secondary-panel/git-diff/useGitDiffPanelState.ts:58:7]
@bb/app:lint:  55 |
@bb/app:lint:  56 |   useEffect(() => {
@bb/app:lint:     :   ^^^^|^^^^
@bb/app:lint:     :       `-- This is the containing effect
@bb/app:lint:  57 |     if (pendingGitDiffScrollPath) {
@bb/app:lint:  58 |       setSelectedGitDiffSelection(null);
@bb/app:lint:     :       ^^^^^^^^^^^^^|^^^^^^^^^^^^^
@bb/app:lint:     :                    `-- Avoid calling setState() directly within an effect
@bb/app:lint:  59 |     }
@bb/app:lint:     `----
@bb/app:lint:   help: Effects should synchronize React with external systems. Calling setState synchronously inside an effect starts another render and is usually unnecessary. Derive the value during render, initialize state directly, or update it from the event that caused the change. Use an effect only when synchronizing with an external system.
@bb/app:lint:   note: React Compiler skipped optimizing this component or hook. Additional guidance: https://react.dev/reference/eslint-plugin-react-hooks/lints/set-state-in-effect
@bb/app:lint:
@bb/app:lint:   ! react(set-state-in-effect): Calling setState synchronously within an effect can trigger cascading renders
@bb/app:lint:     ,-[src/components/secondary-panel/git-diff/useGitDiffPanelState.ts:64:7]
@bb/app:lint:  61 |
@bb/app:lint:  62 |   useEffect(() => {
@bb/app:lint:     :   ^^^^|^^^^
@bb/app:lint:     :       `-- This is the containing effect
@bb/app:lint:  63 |     if (pendingGitDiffCommitSha) {
@bb/app:lint:  64 |       setSelectedGitDiffSelection(pendingGitDiffCommitSha);
@bb/app:lint:     :       ^^^^^^^^^^^^^|^^^^^^^^^^^^^
@bb/app:lint:     :                    `-- Avoid calling setState() directly within an effect
@bb/app:lint:  65 |       onClearPendingGitDiffIntent?.();
@bb/app:lint:     `----
@bb/app:lint:   help: Effects should synchronize React with external systems. Calling setState synchronously inside an effect starts another render and is usually unnecessary. Derive the value during render, initialize state directly, or update it from the event that caused the change. Use an effect only when synchronizing with an external system.
@bb/app:lint:   note: React Compiler skipped optimizing this component or hook. Additional guidance: https://react.dev/reference/eslint-plugin-react-hooks/lints/set-state-in-effect
@bb/app:lint:
@bb/app:lint:   ! react(set-state-in-effect): Calling setState synchronously within an effect can trigger cascading renders
@bb/app:lint:     ,-[src/components/secondary-panel/git-diff/useGitDiffPanelState.ts:80:7]
@bb/app:lint:  71 |
@bb/app:lint:  72 |   useEffect(() => {
@bb/app:lint:     :   ^^^^|^^^^
@bb/app:lint:     :       `-- This is the containing effect
@bb/app:lint:  73 |     if (
@bb/app:lint:  74 |       shouldResetSelectedGitDiffSelection(
@bb/app:lint:  75 |         selectedGitDiffSelection,
@bb/app:lint:  76 |         workspaceStatus?.mergeBase?.commits ?? [],
@bb/app:lint:  77 |         { hasUncommittedChanges },
@bb/app:lint:  78 |       )
@bb/app:lint:  79 |     ) {
@bb/app:lint:  80 |       setSelectedGitDiffSelection(null);
@bb/app:lint:     :       ^^^^^^^^^^^^^|^^^^^^^^^^^^^
@bb/app:lint:     :                    `-- Avoid calling setState() directly within an effect
@bb/app:lint:  81 |     }
@bb/app:lint:     `----
@bb/app:lint:   help: Effects should synchronize React with external systems. Calling setState synchronously inside an effect starts another render and is usually unnecessary. Derive the value during render, initialize state directly, or update it from the event that caused the change. Use an effect only when synchronizing with an external system.
@bb/app:lint:   note: React Compiler skipped optimizing this component or hook. Additional guidance: https://react.dev/reference/eslint-plugin-react-hooks/lints/set-state-in-effect
@bb/app:lint:
@bb/app:lint:   ! react(set-state-in-effect): Calling setState synchronously within an effect can trigger cascading renders
@bb/app:lint:      ,-[src/components/dialogs/ProjectPathDialog.tsx:208:5]
@bb/app:lint:  206 |
@bb/app:lint:  207 |   useEffect(() => {
@bb/app:lint:      :   ^^^^|^^^^
@bb/app:lint:      :       `-- This is the containing effect
@bb/app:lint:  208 |     setValidationMessage(null);
@bb/app:lint:      :     ^^^^^^^^^^|^^^^^^^^^
@bb/app:lint:      :               `-- Avoid calling setState() directly within an effect
@bb/app:lint:  209 |   }, [selectedPath]);
@bb/app:lint:      `----
@bb/app:lint:   help: Effects should synchronize React with external systems. Calling setState synchronously inside an effect starts another render and is usually unnecessary. Derive the value during render, initialize state directly, or update it from the event that caused the change. Use an effect only when synchronizing with an external system.
@bb/app:lint:   note: React Compiler skipped optimizing this component or hook. Additional guidance: https://react.dev/reference/eslint-plugin-react-hooks/lints/set-state-in-effect
@bb/app:lint:
@bb/app:lint:   ! react(set-state-in-effect): Calling setState synchronously within an effect can trigger cascading renders
@bb/app:lint:      ,-[src/components/secondary-panel/NewTabFileSearch.tsx:503:5]
@bb/app:lint:  501 |
@bb/app:lint:  502 |   useEffect(() => {
@bb/app:lint:      :   ^^^^|^^^^
@bb/app:lint:      :       `-- This is the containing effect
@bb/app:lint:  503 |     setActiveIndex(navigableEntries.length > 0 ? 0 : -1);
@bb/app:lint:      :     ^^^^^^^|^^^^^^
@bb/app:lint:      :            `-- Avoid calling setState() directly within an effect
@bb/app:lint:  504 |   }, [navigableEntries]);
@bb/app:lint:      `----
@bb/app:lint:   help: Effects should synchronize React with external systems. Calling setState synchronously inside an effect starts another render and is usually unnecessary. Derive the value during render, initialize state directly, or update it from the event that caused the change. Use an effect only when synchronizing with an external system.
@bb/app:lint:   note: React Compiler skipped optimizing this component or hook. Additional guidance: https://react.dev/reference/eslint-plugin-react-hooks/lints/set-state-in-effect
@bb/app:lint:
@bb/app:lint:   ! react(refs): Cannot access refs during render
@bb/app:lint:      ,-[src/components/dialogs/AddMachineDialog.tsx:217:7]
@bb/app:lint:  216 |   const baselineHostIds = useRef<Set<string> | null>(null);
@bb/app:lint:  217 |   if (baselineHostIds.current === null && hostsQuery.data !== undefined) {
@bb/app:lint:      :       ^^^^^^^^^^^^^^^^|^^^^^^^^^^^^^^^
@bb/app:lint:      :                       `-- Cannot access ref value during render
@bb/app:lint:  218 |     baselineHostIds.current = new Set(hostsQuery.data.map((host) => host.id));
@bb/app:lint:      `----
@bb/app:lint:   help: React refs are values that are not needed for rendering. Refs should only be accessed outside of render, such as in event handlers or effects. Accessing a ref value (the `current` property) during render can cause your component not to update as expected
@bb/app:lint:   note: React Compiler skipped optimizing this component or hook. Additional guidance: https://react.dev/reference/eslint-plugin-react-hooks/lints/refs
@bb/app:lint:
@bb/app:lint:   ! react(refs): Cannot access refs during render
@bb/app:lint:      ,-[src/components/dialogs/AddMachineDialog.tsx:217:7]
@bb/app:lint:  216 |   const baselineHostIds = useRef<Set<string> | null>(null);
@bb/app:lint:  217 |   if (baselineHostIds.current === null && hostsQuery.data !== undefined) {
@bb/app:lint:      :       ^^^^^^^^^^^^^^^^|^^^^^^^^^^^^^^^
@bb/app:lint:      :                       `-- Cannot access ref value during render
@bb/app:lint:  218 |     baselineHostIds.current = new Set(hostsQuery.data.map((host) => host.id));
@bb/app:lint:      `----
@bb/app:lint:   help: React refs are values that are not needed for rendering. Refs should only be accessed outside of render, such as in event handlers or effects. Accessing a ref value (the `current` property) during render can cause your component not to update as expected
@bb/app:lint:   note: React Compiler skipped optimizing this component or hook. Additional guidance: https://react.dev/reference/eslint-plugin-react-hooks/lints/refs
@bb/app:lint:
@bb/app:lint:   ! react(refs): Cannot access refs during render
@bb/app:lint:      ,-[src/components/dialogs/AddMachineDialog.tsx:217:7]
@bb/app:lint:  216 |   const baselineHostIds = useRef<Set<string> | null>(null);
@bb/app:lint:  217 |   if (baselineHostIds.current === null && hostsQuery.data !== undefined) {
@bb/app:lint:      :       ^^^^^^^^^^^^^^^^|^^^^^^^^^^^^^^^
@bb/app:lint:      :                       `-- Cannot access ref value during render
@bb/app:lint:  218 |     baselineHostIds.current = new Set(hostsQuery.data.map((host) => host.id));
@bb/app:lint:      `----
@bb/app:lint:   help: React refs are values that are not needed for rendering. Refs should only be accessed outside of render, such as in event handlers or effects. Accessing a ref value (the `current` property) during render can cause your component not to update as expected
@bb/app:lint:   note: React Compiler skipped optimizing this component or hook. Additional guidance: https://react.dev/reference/eslint-plugin-react-hooks/lints/refs
@bb/app:lint:
@bb/app:lint:   ! react(refs): Cannot access refs during render
@bb/app:lint:      ,-[src/components/dialogs/AddMachineDialog.tsx:221:6]
@bb/app:lint:  220 |   const connectedNewHost: Host | null =
@bb/app:lint:  221 |     (baselineHostIds.current !== null
@bb/app:lint:      :      ^^^^^^^^^^^^^^^^|^^^^^^^^^^^^^^^
@bb/app:lint:      :                      `-- Cannot access ref value during render
@bb/app:lint:  222 |       ? hostsQuery.data?.find(
@bb/app:lint:      `----
@bb/app:lint:   help: React refs are values that are not needed for rendering. Refs should only be accessed outside of render, such as in event handlers or effects. Accessing a ref value (the `current` property) during render can cause your component not to update as expected
@bb/app:lint:   note: React Compiler skipped optimizing this component or hook. Additional guidance: https://react.dev/reference/eslint-plugin-react-hooks/lints/refs
@bb/app:lint:
@bb/app:lint:   ! react(refs): Cannot access refs during render
@bb/app:lint:      ,-[src/components/dialogs/AddMachineDialog.tsx:223:11]
@bb/app:lint:  222 |           ? hostsQuery.data?.find(
@bb/app:lint:  223 | ,->           (host) =>
@bb/app:lint:  224 | |               host.status === "connected" &&
@bb/app:lint:  225 | |->             !baselineHostIds.current?.has(host.id),
@bb/app:lint:      : `---- Passing a ref to a function may read its value during render
@bb/app:lint:  226 |             )
@bb/app:lint:      `----
@bb/app:lint:   help: React refs are values that are not needed for rendering. Refs should only be accessed outside of render, such as in event handlers or effects. Accessing a ref value (the `current` property) during render can cause your component not to update as expected
@bb/app:lint:   note: React Compiler skipped optimizing this component or hook. Additional guidance: https://react.dev/reference/eslint-plugin-react-hooks/lints/refs
@bb/app:lint:
@bb/app:lint:   ! react(set-state-in-effect): Calling setState synchronously within an effect can trigger cascading renders
@bb/app:lint:      ,-[src/hooks/queries/use-environment-diff-patches.ts:168:5]
@bb/app:lint:  159 |
@bb/app:lint:  160 |   useEffect(() => {
@bb/app:lint:      :   ^^^^|^^^^
@bb/app:lint:      :       `-- This is the containing effect
@bb/app:lint:  161 |     targetIdentityRef.current = targetIdentity;
@bb/app:lint:  162 |     pendingPathsRef.current = { visible: [], overscan: [] };
@bb/app:lint:  163 |     if (debounceTimerRef.current !== null) {
@bb/app:lint:  164 |       clearTimeout(debounceTimerRef.current);
@bb/app:lint:  165 |       debounceTimerRef.current = null;
@bb/app:lint:  166 |     }
@bb/app:lint:  167 |     abortPatchRequests(abortControllersRef.current);
@bb/app:lint:  168 |     setInFlight(EMPTY_IN_FLIGHT);
@bb/app:lint:      :     ^^^^^|^^^^^
@bb/app:lint:      :          `-- Avoid calling setState() directly within an effect
@bb/app:lint:  169 |   }, [targetIdentity]);
@bb/app:lint:      `----
@bb/app:lint:   help: Effects should synchronize React with external systems. Calling setState synchronously inside an effect starts another render and is usually unnecessary. Derive the value during render, initialize state directly, or update it from the event that caused the change. Use an effect only when synchronizing with an external system.
@bb/app:lint:   note: React Compiler skipped optimizing this component or hook. Additional guidance: https://react.dev/reference/eslint-plugin-react-hooks/lints/set-state-in-effect
@bb/app:lint:
@bb/app:lint:   ! react(purity): Cannot call impure function during render
@bb/app:lint:     ,-[src/components/secondary-panel/BrowserNewTabScreen.tsx:67:15]
@bb/app:lint:  66 | }: BrowserNewTabScreenProps) {
@bb/app:lint:  67 |   const now = Date.now();
@bb/app:lint:     :               ^^^^^|^^^^
@bb/app:lint:     :                    `-- Cannot call impure function
@bb/app:lint:  68 |
@bb/app:lint:     `----
@bb/app:lint:   help: `Date.now` is an impure function. Calling an impure function can produce unstable results that update unpredictably when the component re-renders
@bb/app:lint:   note: React Compiler skipped optimizing this component or hook. Additional guidance: https://react.dev/reference/eslint-plugin-react-hooks/lints/purity
@bb/app:lint:
@bb/app:lint:   ! react(immutability): This value cannot be modified
@bb/app:lint:      ,-[src/components/promptbox/mentions/MentionMenu.tsx:257:9]
@bb/app:lint:  249 |   onApply,
@bb/app:lint:  250 |   itemRefs,
@bb/app:lint:      :   ^^^^|^^^
@bb/app:lint:      :       `-- `itemRefs` originates here
@bb/app:lint:  251 | }: SuggestionRowProps) {
@bb/app:lint:  252 |   const isSelected = index === selectedIndex;
@bb/app:lint:  253 |   return (
@bb/app:lint:  254 |     <button
@bb/app:lint:  255 |       key={rowKey}
@bb/app:lint:  256 |       ref={(element) => {
@bb/app:lint:  257 |         itemRefs.current[index] = element;
@bb/app:lint:      :         ^^^^^^^^|^^^^^^^
@bb/app:lint:      :                 `-- `itemRefs` cannot be modified
@bb/app:lint:  258 |       }}
@bb/app:lint:      `----
@bb/app:lint:   help: Do not mutate component props or hook arguments. If the value should change, update it where it is owned and pass an update callback, or use local state
@bb/app:lint:   note: React Compiler skipped optimizing this component or hook. Additional guidance: https://react.dev/reference/eslint-plugin-react-hooks/lints/immutability
@bb/app:lint:
@bb/app:lint:   ! react(set-state-in-effect): Calling setState synchronously within an effect can trigger cascading renders
@bb/app:lint:     ,-[src/hooks/queries/connection-aware-query-state.ts:68:7]
@bb/app:lint:  65 |
@bb/app:lint:  66 |   useEffect(() => {
@bb/app:lint:     :   ^^^^|^^^^
@bb/app:lint:     :       `-- This is the containing effect
@bb/app:lint:  67 |     if (connectionState === "connected") {
@bb/app:lint:  68 |       setElapsed(false);
@bb/app:lint:     :       ^^^^^|^^^^
@bb/app:lint:     :            `-- Avoid calling setState() directly within an effect
@bb/app:lint:  69 |       return;
@bb/app:lint:     `----
@bb/app:lint:   help: Effects should synchronize React with external systems. Calling setState synchronously inside an effect starts another render and is usually unnecessary. Derive the value during render, initialize state directly, or update it from the event that caused the change. Use an effect only when synchronizing with an external system.
@bb/app:lint:   note: React Compiler skipped optimizing this component or hook. Additional guidance: https://react.dev/reference/eslint-plugin-react-hooks/lints/set-state-in-effect
@bb/app:lint:
@bb/app:lint:   ! react(set-state-in-effect): Calling setState synchronously within an effect can trigger cascading renders
@bb/app:lint:     ,-[src/components/git-diff/GitDiffCard.tsx:85:5]
@bb/app:lint:  83 |     useState<GitDiffCardSvgDisplayMode>("preview");
@bb/app:lint:  84 |   useEffect(() => {
@bb/app:lint:     :   ^^^^|^^^^
@bb/app:lint:     :       `-- This is the containing effect
@bb/app:lint:  85 |     setSvgDisplayMode("preview");
@bb/app:lint:     :     ^^^^^^^^|^^^^^^^^
@bb/app:lint:     :             `-- Avoid calling setState() directly within an effect
@bb/app:lint:  86 |   }, [fileDiff]);
@bb/app:lint:     `----
@bb/app:lint:   help: Effects should synchronize React with external systems. Calling setState synchronously inside an effect starts another render and is usually unnecessary. Derive the value during render, initialize state directly, or update it from the event that caused the change. Use an effect only when synchronizing with an external system.
@bb/app:lint:   note: React Compiler skipped optimizing this component or hook. Additional guidance: https://react.dev/reference/eslint-plugin-react-hooks/lints/set-state-in-effect
@bb/app:lint:
@bb/app:lint:   ! react(refs): Cannot access refs during render
@bb/app:lint:       ,-[src/components/promptbox/PromptBoxInternal.tsx:1085:10]
@bb/app:lint:  1084 |   ref.current ??= new WeakSet<KeyboardEvent>();
@bb/app:lint:  1085 |   return ref.current;
@bb/app:lint:       :          ^^^^^|^^^^^
@bb/app:lint:       :               `-- Cannot access ref value during render
@bb/app:lint:  1086 | }
@bb/app:lint:       `----
@bb/app:lint:   help: React refs are values that are not needed for rendering. Refs should only be accessed outside of render, such as in event handlers or effects. Accessing a ref value (the `current` property) during render can cause your component not to update as expected
@bb/app:lint:   note: React Compiler skipped optimizing this component or hook. Additional guidance: https://react.dev/reference/eslint-plugin-react-hooks/lints/refs
@bb/app:lint:
@bb/app:lint:   ! react(set-state-in-effect): Calling setState synchronously within an effect can trigger cascading renders
@bb/app:lint:      ,-[src/components/git-diff/GitDiffCardBody.tsx:279:5]
@bb/app:lint:  276 |   const isPointerCoarse = usePointerCoarse();
@bb/app:lint:  277 |   useEffect(() => {
@bb/app:lint:      :   ^^^^|^^^^
@bb/app:lint:      :       `-- This is the containing effect
@bb/app:lint:  278 |     enrichmentStatusRef.current = "idle";
@bb/app:lint:  279 |     setEnrichment({ status: "idle" });
@bb/app:lint:      :     ^^^^^^|^^^^^^
@bb/app:lint:      :           `-- Avoid calling setState() directly within an effect
@bb/app:lint:  280 |     setHasLoadedDeletedDiff(false);
@bb/app:lint:      `----
@bb/app:lint:   help: Effects should synchronize React with external systems. Calling setState synchronously inside an effect starts another render and is usually unnecessary. Derive the value during render, initialize state directly, or update it from the event that caused the change. Use an effect only when synchronizing with an external system.
@bb/app:lint:   note: React Compiler skipped optimizing this component or hook. Additional guidance: https://react.dev/reference/eslint-plugin-react-hooks/lints/set-state-in-effect
@bb/app:lint:
@bb/app:lint:   ! react(set-state-in-effect): Calling setState synchronously within an effect can trigger cascading renders
@bb/app:lint:      ,-[src/components/git-diff/GitDiffCardBody.tsx:285:7]
@bb/app:lint:  282 |   }, [fileContentPlan.identity, isImageCard, isSvgCard]);
@bb/app:lint:  283 |   useEffect(() => {
@bb/app:lint:      :   ^^^^|^^^^
@bb/app:lint:      :       `-- This is the containing effect
@bb/app:lint:  284 |     if (isBodyVisible) {
@bb/app:lint:  285 |       setHasBodyEnteredViewport(true);
@bb/app:lint:      :       ^^^^^^^^^^^^|^^^^^^^^^^^^
@bb/app:lint:      :                   `-- Avoid calling setState() directly within an effect
@bb/app:lint:  286 |     }
@bb/app:lint:      `----
@bb/app:lint:   help: Effects should synchronize React with external systems. Calling setState synchronously inside an effect starts another render and is usually unnecessary. Derive the value during render, initialize state directly, or update it from the event that caused the change. Use an effect only when synchronizing with an external system.
@bb/app:lint:   note: React Compiler skipped optimizing this component or hook. Additional guidance: https://react.dev/reference/eslint-plugin-react-hooks/lints/set-state-in-effect
@bb/app:lint:
@bb/app:lint:   ! react(refs): Cannot access refs during render
@bb/app:lint:      ,-[src/components/ui/disclosure.tsx:300:9]
@bb/app:lint:  299 |     : isClosing
@bb/app:lint:  300 |       ? renderedBodyRef.current
@bb/app:lint:      :         ^^^^^^^^^^^|^^^^^^^^^^^
@bb/app:lint:      :                    `-- Cannot access ref value during render
@bb/app:lint:  301 |       : null;
@bb/app:lint:      `----
@bb/app:lint:   help: React refs are values that are not needed for rendering. Refs should only be accessed outside of render, such as in event handlers or effects. Accessing a ref value (the `current` property) during render can cause your component not to update as expected
@bb/app:lint:   note: React Compiler skipped optimizing this component or hook. Additional guidance: https://react.dev/reference/eslint-plugin-react-hooks/lints/refs
@bb/app:lint:
@bb/app:lint:   ! react(refs): Cannot access refs during render
@bb/app:lint:      ,-[src/components/ui/disclosure.tsx:300:9]
@bb/app:lint:  299 |     : isClosing
@bb/app:lint:  300 |       ? renderedBodyRef.current
@bb/app:lint:      :         ^^^^^^^^^^^|^^^^^^^^^^^
@bb/app:lint:      :                    `-- Cannot access ref value during render
@bb/app:lint:  301 |       : null;
@bb/app:lint:      `----
@bb/app:lint:   help: React refs are values that are not needed for rendering. Refs should only be accessed outside of render, such as in event handlers or effects. Accessing a ref value (the `current` property) during render can cause your component not to update as expected
@bb/app:lint:   note: React Compiler skipped optimizing this component or hook. Additional guidance: https://react.dev/reference/eslint-plugin-react-hooks/lints/refs
@bb/app:lint:
@bb/app:lint:   ! react(set-state-in-effect): Calling setState synchronously within an effect can trigger cascading renders
@bb/app:lint:      ,-[src/components/secondary-panel/ThreadSecondaryPanel.stories.tsx:134:5]
@bb/app:lint:  132 |   const [panel, setPanel] = useState(initialPanel);
@bb/app:lint:  133 |   useEffect(() => {
@bb/app:lint:      :   ^^^^|^^^^
@bb/app:lint:      :       `-- This is the containing effect
@bb/app:lint:  134 |     setPanel(initialPanel);
@bb/app:lint:      :     ^^^^|^^^
@bb/app:lint:      :         `-- Avoid calling setState() directly within an effect
@bb/app:lint:  135 |   }, [initialPanel]);
@bb/app:lint:      `----
@bb/app:lint:   help: Effects should synchronize React with external systems. Calling setState synchronously inside an effect starts another render and is usually unnecessary. Derive the value during render, initialize state directly, or update it from the event that caused the change. Use an effect only when synchronizing with an external system.
@bb/app:lint:   note: React Compiler skipped optimizing this component or hook. Additional guidance: https://react.dev/reference/eslint-plugin-react-hooks/lints/set-state-in-effect
@bb/app:lint:
@bb/app:lint:   ! react(set-state-in-effect): Calling setState synchronously within an effect can trigger cascading renders
@bb/app:lint:      ,-[src/components/secondary-panel/ThreadSecondaryPanel.stories.tsx:483:5]
@bb/app:lint:  481 |   );
@bb/app:lint:  482 |   useEffect(() => {
@bb/app:lint:      :   ^^^^|^^^^
@bb/app:lint:      :       `-- This is the containing effect
@bb/app:lint:  483 |     setOpenTerminals(terminals);
@bb/app:lint:      :     ^^^^^^^^|^^^^^^^
@bb/app:lint:      :             `-- Avoid calling setState() directly within an effect
@bb/app:lint:  484 |     setActiveTerminalId(initialActiveTerminalId);
@bb/app:lint:      `----
@bb/app:lint:   help: Effects should synchronize React with external systems. Calling setState synchronously inside an effect starts another render and is usually unnecessary. Derive the value during render, initialize state directly, or update it from the event that caused the change. Use an effect only when synchronizing with an external system.
@bb/app:lint:   note: React Compiler skipped optimizing this component or hook. Additional guidance: https://react.dev/reference/eslint-plugin-react-hooks/lints/set-state-in-effect
@bb/app:lint:
@bb/app:lint:   ! react(set-state-in-effect): Calling setState synchronously within an effect can trigger cascading renders
@bb/app:lint:      ,-[src/components/secondary-panel/BrowserTabContent.tsx:446:5]
@bb/app:lint:  442 |   const [control, setControl] = useState<BbDesktopBrowserControl | null>(null);
@bb/app:lint:  443 |   useEffect(() => {
@bb/app:lint:      :   ^^^^|^^^^
@bb/app:lint:      :       `-- This is the containing effect
@bb/app:lint:  444 |     let current = true;
@bb/app:lint:  445 |     let receivedEvent = false;
@bb/app:lint:  446 |     setControl(null);
@bb/app:lint:      :     ^^^^^|^^^^
@bb/app:lint:      :          `-- Avoid calling setState() directly within an effect
@bb/app:lint:  447 |     const accept = (next: {
@bb/app:lint:      `----
@bb/app:lint:   help: Effects should synchronize React with external systems. Calling setState synchronously inside an effect starts another render and is usually unnecessary. Derive the value during render, initialize state directly, or update it from the event that caused the change. Use an effect only when synchronizing with an external system.
@bb/app:lint:   note: React Compiler skipped optimizing this component or hook. Additional guidance: https://react.dev/reference/eslint-plugin-react-hooks/lints/set-state-in-effect
@bb/app:lint:
@bb/app:lint:   ! react(set-state-in-effect): Calling setState synchronously within an effect can trigger cascading renders
@bb/app:lint:      ,-[src/components/secondary-panel/BrowserTabContent.tsx:575:5]
@bb/app:lint:  559 |
@bb/app:lint:  560 |   useEffect(() => {
@bb/app:lint:      :   ^^^^|^^^^
@bb/app:lint:      :       `-- This is the containing effect
@bb/app:lint:  561 |     if (desktopBrowser === null) {
@bb/app:lint:  562 |       return;
@bb/app:lint:  563 |     }
@bb/app:lint:  564 |     const initialBounds = syncInitialBounds();
@bb/app:lint:  565 |     const mountUrl = initialUrlRef.current;
@bb/app:lint:  566 |     registerBrowserView({ environmentId, tabId, threadId });
@bb/app:lint:  567 |     desktopBrowser.attach({
@bb/app:lint:  568 |       tabId,
@bb/app:lint:  569 |       threadId,
@bb/app:lint:  570 |       ...(existingOnly === true ? { existingOnly } : {}),
@bb/app:lint:  571 |       url: mountUrl,
@bb/app:lint:  572 |       bounds: initialBounds,
@bb/app:lint:  573 |       visible: false,
@bb/app:lint:  574 |     });
@bb/app:lint:  575 |     setAttachedBrowserViewIdentity({ environmentId, tabId, threadId });
@bb/app:lint:      :     ^^^^^^^^^^^^^^^|^^^^^^^^^^^^^^
@bb/app:lint:      :                    `-- Avoid calling setState() directly within an effect
@bb/app:lint:  576 |
@bb/app:lint:      `----
@bb/app:lint:   help: Effects should synchronize React with external systems. Calling setState synchronously inside an effect starts another render and is usually unnecessary. Derive the value during render, initialize state directly, or update it from the event that caused the change. Use an effect only when synchronizing with an external system.
@bb/app:lint:   note: React Compiler skipped optimizing this component or hook. Additional guidance: https://react.dev/reference/eslint-plugin-react-hooks/lints/set-state-in-effect
@bb/app:lint:
@bb/app:lint:   ! react(set-state-in-effect): Calling setState synchronously within an effect can trigger cascading renders
@bb/app:lint:      ,-[src/components/secondary-panel/BrowserTabContent.tsx:729:5]
@bb/app:lint:  716 |
@bb/app:lint:  717 |   useEffect(() => {
@bb/app:lint:      :   ^^^^|^^^^
@bb/app:lint:      :       `-- This is the containing effect
@bb/app:lint:  718 |     if (addressFocusRequest === null) {
@bb/app:lint:  719 |       return;
@bb/app:lint:  720 |     }
@bb/app:lint:  721 |     if (addressFocusRequest.tabId !== tabId) {
@bb/app:lint:  722 |       return;
@bb/app:lint:  723 |     }
@bb/app:lint:  724 |     if (isPointerCoarse) {
@bb/app:lint:  725 |       onAddressFocusRequestConsumed?.(addressFocusRequest);
@bb/app:lint:  726 |       return;
@bb/app:lint:  727 |     }
@bb/app:lint:  728 |
@bb/app:lint:  729 |     setAddressDraft(currentUrl);
@bb/app:lint:      :     ^^^^^^^|^^^^^^^
@bb/app:lint:      :            `-- Avoid calling setState() directly within an effect
@bb/app:lint:  730 |     setIsEditing(true);
@bb/app:lint:      `----
@bb/app:lint:   help: Effects should synchronize React with external systems. Calling setState synchronously inside an effect starts another render and is usually unnecessary. Derive the value during render, initialize state directly, or update it from the event that caused the change. Use an effect only when synchronizing with an external system.
@bb/app:lint:   note: React Compiler skipped optimizing this component or hook. Additional guidance: https://react.dev/reference/eslint-plugin-react-hooks/lints/set-state-in-effect
@bb/app:lint:
@bb/app:lint:   ! react(set-state-in-effect): Calling setState synchronously within an effect can trigger cascading renders
@bb/app:lint:      ,-[src/components/secondary-panel/BrowserTabContent.tsx:861:7]
@bb/app:lint:  858 |
@bb/app:lint:  859 |   useEffect(() => {
@bb/app:lint:      :   ^^^^|^^^^
@bb/app:lint:      :       `-- This is the containing effect
@bb/app:lint:  860 |     if (isFindOpen && !canFindInPage) {
@bb/app:lint:  861 |       setIsFindOpen(false);
@bb/app:lint:      :       ^^^^^^|^^^^^^
@bb/app:lint:      :             `-- Avoid calling setState() directly within an effect
@bb/app:lint:  862 |       clearFind();
@bb/app:lint:      `----
@bb/app:lint:   help: Effects should synchronize React with external systems. Calling setState synchronously inside an effect starts another render and is usually unnecessary. Derive the value during render, initialize state directly, or update it from the event that caused the change. Use an effect only when synchronizing with an external system.
@bb/app:lint:   note: React Compiler skipped optimizing this component or hook. Additional guidance: https://react.dev/reference/eslint-plugin-react-hooks/lints/set-state-in-effect
@bb/app:lint:
@bb/app:lint:   ! react(refs): Cannot access refs during render
@bb/app:lint:      ,-[src/components/secondary-panel/BrowserTabContent.tsx:476:16]
@bb/app:lint:  475 |   const isFindOpenRef = useRef(false);
@bb/app:lint:  476 |   isFindOpenRef.current = isFindOpen;
@bb/app:lint:      :   ^^^^^^|^^^^^^^^^^|^^^
@bb/app:lint:      :         |          `-- Cannot update ref value during render
@bb/app:lint:      :         `-- This value is a ref
@bb/app:lint:  477 |   const [findQuery, setFindQuery] = useState("");
@bb/app:lint:      `----
@bb/app:lint:   help: React refs are values that are not needed for rendering. Refs should only be accessed outside of render, such as in event handlers or effects. Accessing a ref value (the `current` property) during render can cause your component not to update as expected
@bb/app:lint:   note: React Compiler skipped optimizing this component or hook. Additional guidance: https://react.dev/reference/eslint-plugin-react-hooks/lints/refs
@bb/app:lint:
@bb/app:lint:   ! react(refs): Cannot access refs during render
@bb/app:lint:      ,-[src/components/secondary-panel/BrowserTabContent.tsx:487:14]
@bb/app:lint:  486 |   const recordVisitRef = useRef(recordVisit);
@bb/app:lint:  487 |   onUpdateRef.current = onUpdate;
@bb/app:lint:      :   ^^^^^|^^^^^^^^^|^^^
@bb/app:lint:      :        |         `-- Cannot update ref value during render
@bb/app:lint:      :        `-- This value is a ref
@bb/app:lint:  488 |   recordVisitRef.current = recordVisit;
@bb/app:lint:      `----
@bb/app:lint:   help: React refs are values that are not needed for rendering. Refs should only be accessed outside of render, such as in event handlers or effects. Accessing a ref value (the `current` property) during render can cause your component not to update as expected
@bb/app:lint:   note: React Compiler skipped optimizing this component or hook. Additional guidance: https://react.dev/reference/eslint-plugin-react-hooks/lints/refs
@bb/app:lint:
@bb/app:lint:   ! react(refs): Cannot access refs during render
@bb/app:lint:      ,-[src/components/secondary-panel/BrowserTabContent.tsx:488:17]
@bb/app:lint:  487 |   onUpdateRef.current = onUpdate;
@bb/app:lint:  488 |   recordVisitRef.current = recordVisit;
@bb/app:lint:      :   ^^^^^^^|^^^^^^^^^^|^^^
@bb/app:lint:      :          |          `-- Cannot update ref value during render
@bb/app:lint:      :          `-- This value is a ref
@bb/app:lint:  489 |   const initialUrlRef = useRef(initialUrl);
@bb/app:lint:      `----
@bb/app:lint:   help: React refs are values that are not needed for rendering. Refs should only be accessed outside of render, such as in event handlers or effects. Accessing a ref value (the `current` property) during render can cause your component not to update as expected
@bb/app:lint:   note: React Compiler skipped optimizing this component or hook. Additional guidance: https://react.dev/reference/eslint-plugin-react-hooks/lints/refs
@bb/app:lint:
@bb/app:lint:   ! react(set-state-in-effect): Calling setState synchronously within an effect can trigger cascading renders
@bb/app:lint:      ,-[src/components/ui/markdown-mermaid-diagram.tsx:636:7]
@bb/app:lint:  631 |
@bb/app:lint:  632 |   useEffect(() => {
@bb/app:lint:      :   ^^^^|^^^^
@bb/app:lint:      :       `-- This is the containing effect
@bb/app:lint:  633 |     if (!open) {
@bb/app:lint:  634 |       const initialView = createInitialMermaidDiagramView();
@bb/app:lint:  635 |       viewRef.current = initialView;
@bb/app:lint:  636 |       setView(initialView);
@bb/app:lint:      :       ^^^|^^^
@bb/app:lint:      :          `-- Avoid calling setState() directly within an effect
@bb/app:lint:  637 |       setDragState(null);
@bb/app:lint:      `----
@bb/app:lint:   help: Effects should synchronize React with external systems. Calling setState synchronously inside an effect starts another render and is usually unnecessary. Derive the value during render, initialize state directly, or update it from the event that caused the change. Use an effect only when synchronizing with an external system.
@bb/app:lint:   note: React Compiler skipped optimizing this component or hook. Additional guidance: https://react.dev/reference/eslint-plugin-react-hooks/lints/set-state-in-effect
@bb/app:lint:
@bb/app:lint:   ! react(set-state-in-effect): Calling setState synchronously within an effect can trigger cascading renders
@bb/app:lint:       ,-[src/components/ui/markdown-mermaid-diagram.tsx:1019:7]
@bb/app:lint:  1003 |
@bb/app:lint:  1004 |   useEffect(() => {
@bb/app:lint:       :   ^^^^|^^^^
@bb/app:lint:       :       `-- This is the containing effect
@bb/app:lint:  1005 |     if (!hasEnteredViewport) {
@bb/app:lint:  1006 |       return;
@bb/app:lint:  1007 |     }
@bb/app:lint:  1008 |     const cacheKey = buildMermaidRenderCacheKey({
@bb/app:lint:  1009 |       appThemeEpoch,
@bb/app:lint:  1010 |       preferredTheme,
@bb/app:lint:  1011 |       source,
@bb/app:lint:  1012 |     });
@bb/app:lint:  1013 |     const cachedDiagram = readMermaidRenderCache(cacheKey);
@bb/app:lint:  1014 |     const isSourceUpdate =
@bb/app:lint:  1015 |       renderedSourceRef.current !== null &&
@bb/app:lint:  1016 |       renderedSourceRef.current !== source;
@bb/app:lint:  1017 |     renderedSourceRef.current = source;
@bb/app:lint:  1018 |     if (cachedDiagram !== null) {
@bb/app:lint:  1019 |       setRenderState((currentState) =>
@bb/app:lint:       :       ^^^^^^^|^^^^^^
@bb/app:lint:       :              `-- Avoid calling setState() directly within an effect
@bb/app:lint:  1020 |         currentState.kind === "rendered" &&
@bb/app:lint:       `----
@bb/app:lint:   help: Effects should synchronize React with external systems. Calling setState synchronously inside an effect starts another render and is usually unnecessary. Derive the value during render, initialize state directly, or update it from the event that caused the change. Use an effect only when synchronizing with an external system.
@bb/app:lint:   note: React Compiler skipped optimizing this component or hook. Additional guidance: https://react.dev/reference/eslint-plugin-react-hooks/lints/set-state-in-effect
@bb/app:lint:
@bb/app:lint:   ! react(set-state-in-effect): Calling setState synchronously within an effect can trigger cascading renders
@bb/app:lint:      ,-[src/components/secondary-panel/CompactSecondaryPanelShelf.tsx:110:5]
@bb/app:lint:  108 |   const [portalTarget, setPortalTarget] = useState<HTMLElement | null>(null);
@bb/app:lint:  109 |   useEffect(() => {
@bb/app:lint:      :   ^^^^|^^^^
@bb/app:lint:      :       `-- This is the containing effect
@bb/app:lint:  110 |     setPortalTarget(document.body);
@bb/app:lint:      :     ^^^^^^^|^^^^^^^
@bb/app:lint:      :            `-- Avoid calling setState() directly within an effect
@bb/app:lint:  111 |   }, []);
@bb/app:lint:      `----
@bb/app:lint:   help: Effects should synchronize React with external systems. Calling setState synchronously inside an effect starts another render and is usually unnecessary. Derive the value during render, initialize state directly, or update it from the event that caused the change. Use an effect only when synchronizing with an external system.
@bb/app:lint:   note: React Compiler skipped optimizing this component or hook. Additional guidance: https://react.dev/reference/eslint-plugin-react-hooks/lints/set-state-in-effect
@bb/app:lint:
@bb/app:lint:   ! react(set-state-in-effect): Calling setState synchronously within an effect can trigger cascading renders
@bb/app:lint:      ,-[src/components/secondary-panel/BrowserTabDeck.tsx:116:5]
@bb/app:lint:  113 |     useState<BbDesktopBrowserTarget | null>(null);
@bb/app:lint:  114 |   useEffect(() => {
@bb/app:lint:      :   ^^^^|^^^^
@bb/app:lint:      :       `-- This is the containing effect
@bb/app:lint:  115 |     let current = true;
@bb/app:lint:  116 |     setVerifiedTarget(null);
@bb/app:lint:      :     ^^^^^^^^|^^^^^^^^
@bb/app:lint:      :             `-- Avoid calling setState() directly within an effect
@bb/app:lint:  117 |     if (targetHostId !== undefined) {
@bb/app:lint:      `----
@bb/app:lint:   help: Effects should synchronize React with external systems. Calling setState synchronously inside an effect starts another render and is usually unnecessary. Derive the value during render, initialize state directly, or update it from the event that caused the change. Use an effect only when synchronizing with an external system.
@bb/app:lint:   note: React Compiler skipped optimizing this component or hook. Additional guidance: https://react.dev/reference/eslint-plugin-react-hooks/lints/set-state-in-effect
@bb/app:lint:
@bb/app:lint:   ! react(refs): Cannot access refs during render
@bb/app:lint:      ,-[src/components/thread/timeline/TimelineSelectionMenu.tsx:145:19]
@bb/app:lint:  144 |   const virtualAnchorRef = useRef(virtualAnchor);
@bb/app:lint:  145 |   virtualAnchorRef.current = virtualAnchor;
@bb/app:lint:      :   ^^^^^^^^|^^^^^^^^^^^|^^^
@bb/app:lint:      :           |           `-- Cannot update ref value during render
@bb/app:lint:      :           `-- This value is a ref
@bb/app:lint:  146 |
@bb/app:lint:      `----
@bb/app:lint:   help: React refs are values that are not needed for rendering. Refs should only be accessed outside of render, such as in event handlers or effects. Accessing a ref value (the `current` property) during render can cause your component not to update as expected
@bb/app:lint:   note: React Compiler skipped optimizing this component or hook. Additional guidance: https://react.dev/reference/eslint-plugin-react-hooks/lints/refs
@bb/app:lint:
@bb/app:lint:   ! react(refs): Cannot access refs during render
@bb/app:lint:     ,-[src/components/thread/timeline/useStickyBottomScroll.test.tsx:24:17]
@bb/app:lint:  23 |     >
@bb/app:lint:  24 |       <div ref={sticky.contentRef} data-testid="content" />
@bb/app:lint:     :                 ^^^^^^^^|^^^^^^^^
@bb/app:lint:     :                         `-- Cannot access ref value during render
@bb/app:lint:  25 |     </div>
@bb/app:lint:     `----
@bb/app:lint:   help: React refs are values that are not needed for rendering. Refs should only be accessed outside of render, such as in event handlers or effects. Accessing a ref value (the `current` property) during render can cause your component not to update as expected
@bb/app:lint:   note: React Compiler skipped optimizing this component or hook. Additional guidance: https://react.dev/reference/eslint-plugin-react-hooks/lints/refs
@bb/app:lint:
@bb/app:lint:   ! react(refs): Cannot access refs during render
@bb/app:lint:     ,-[src/components/thread/timeline/useStickyBottomScroll.test.tsx:19:12]
@bb/app:lint:  18 |     <div
@bb/app:lint:  19 |       ref={sticky.ref}
@bb/app:lint:     :            ^^^^^|^^^^
@bb/app:lint:     :                 `-- Cannot access ref value during render
@bb/app:lint:  20 |       data-testid="scroll"
@bb/app:lint:     `----
@bb/app:lint:   help: React refs are values that are not needed for rendering. Refs should only be accessed outside of render, such as in event handlers or effects. Accessing a ref value (the `current` property) during render can cause your component not to update as expected
@bb/app:lint:   note: React Compiler skipped optimizing this component or hook. Additional guidance: https://react.dev/reference/eslint-plugin-react-hooks/lints/refs
@bb/app:lint:
@bb/app:lint:   ! react(refs): Cannot access refs during render
@bb/app:lint:     ,-[src/components/thread/timeline/useStickyBottomScroll.test.tsx:21:17]
@bb/app:lint:  20 |       data-testid="scroll"
@bb/app:lint:  21 |       onScroll={sticky.onScroll}
@bb/app:lint:     :                 ^^^^^^^|^^^^^^^
@bb/app:lint:     :                        `-- Cannot access ref value during render
@bb/app:lint:  22 |       onWheel={sticky.onWheel}
@bb/app:lint:     `----
@bb/app:lint:   help: React refs are values that are not needed for rendering. Refs should only be accessed outside of render, such as in event handlers or effects. Accessing a ref value (the `current` property) during render can cause your component not to update as expected
@bb/app:lint:   note: React Compiler skipped optimizing this component or hook. Additional guidance: https://react.dev/reference/eslint-plugin-react-hooks/lints/refs
@bb/app:lint:
@bb/app:lint:   ! react(refs): Cannot access refs during render
@bb/app:lint:     ,-[src/components/thread/timeline/useStickyBottomScroll.test.tsx:22:16]
@bb/app:lint:  21 |       onScroll={sticky.onScroll}
@bb/app:lint:  22 |       onWheel={sticky.onWheel}
@bb/app:lint:     :                ^^^^^^^|^^^^^^
@bb/app:lint:     :                       `-- Cannot access ref value during render
@bb/app:lint:  23 |     >
@bb/app:lint:     `----
@bb/app:lint:   help: React refs are values that are not needed for rendering. Refs should only be accessed outside of render, such as in event handlers or effects. Accessing a ref value (the `current` property) during render can cause your component not to update as expected
@bb/app:lint:   note: React Compiler skipped optimizing this component or hook. Additional guidance: https://react.dev/reference/eslint-plugin-react-hooks/lints/refs
@bb/app:lint:
@bb/app:lint:   ! react(set-state-in-effect): Calling setState synchronously within an effect can trigger cascading renders
@bb/app:lint:      ,-[src/hooks/useThreadCreationOptions.ts:365:5]
@bb/app:lint:  360 |       : queriedReadyProviderId;
@bb/app:lint:  361 |   useEffect(() => {
@bb/app:lint:      :   ^^^^|^^^^
@bb/app:lint:      :       `-- This is the containing effect
@bb/app:lint:  362 |     if (!shouldResolveReadyProvider || providerStatesQuery.isPending) {
@bb/app:lint:  363 |       return;
@bb/app:lint:  364 |     }
@bb/app:lint:  365 |     setInitialReadyProvider((current) =>
@bb/app:lint:      :     ^^^^^^^^^^^|^^^^^^^^^^^
@bb/app:lint:      :                `-- Avoid calling setState() directly within an effect
@bb/app:lint:  366 |       current.status === "resolved"
@bb/app:lint:      `----
@bb/app:lint:   help: Effects should synchronize React with external systems. Calling setState synchronously inside an effect starts another render and is usually unnecessary. Derive the value during render, initialize state directly, or update it from the event that caused the change. Use an effect only when synchronizing with an external system.
@bb/app:lint:   note: React Compiler skipped optimizing this component or hook. Additional guidance: https://react.dev/reference/eslint-plugin-react-hooks/lints/set-state-in-effect
@bb/app:lint:
@bb/app:lint:   ! react(refs): Cannot access refs during render
@bb/app:lint:      ,-[src/hooks/useThreadCreationOptions.ts:295:9]
@bb/app:lint:  294 |     }
@bb/app:lint:  295 |     if (threadResetKeyRef.current !== resetKey) {
@bb/app:lint:      :         ^^^^^^^^^^^^|^^^^^^^^^^^^
@bb/app:lint:      :                     `-- Cannot access ref value during render
@bb/app:lint:  296 |       return nextThreadSelections;
@bb/app:lint:      `----
@bb/app:lint:   help: React refs are values that are not needed for rendering. Refs should only be accessed outside of render, such as in event handlers or effects. Accessing a ref value (the `current` property) during render can cause your component not to update as expected
@bb/app:lint:   note: React Compiler skipped optimizing this component or hook. Additional guidance: https://react.dev/reference/eslint-plugin-react-hooks/lints/refs
@bb/app:lint:
@bb/app:lint:   ! react(refs): Cannot access refs during render
@bb/app:lint:      ,-[src/hooks/useThreadCreationOptions.ts:301:22]
@bb/app:lint:  300 |       nextSelections: nextThreadSelections,
@bb/app:lint:  301 |       touchedFields: touchedThreadFieldsRef.current,
@bb/app:lint:      :                      ^^^^^^^^^^^^^^^|^^^^^^^^^^^^^^
@bb/app:lint:      :                                     `-- Cannot access ref value during render
@bb/app:lint:  302 |     });
@bb/app:lint:      `----
@bb/app:lint:   help: React refs are values that are not needed for rendering. Refs should only be accessed outside of render, such as in event handlers or effects. Accessing a ref value (the `current` property) during render can cause your component not to update as expected
@bb/app:lint:   note: React Compiler skipped optimizing this component or hook. Additional guidance: https://react.dev/reference/eslint-plugin-react-hooks/lints/refs
@bb/app:lint:
@bb/app:lint:   ! react(refs): Cannot access refs during render
@bb/app:lint:      ,-[src/hooks/useThreadCreationOptions.ts:301:22]
@bb/app:lint:  300 |       nextSelections: nextThreadSelections,
@bb/app:lint:  301 |       touchedFields: touchedThreadFieldsRef.current,
@bb/app:lint:      :                      ^^^^^^^^^^^^^^^|^^^^^^^^^^^^^^
@bb/app:lint:      :                                     `-- Passing a ref to a function may read its value during render
@bb/app:lint:  302 |     });
@bb/app:lint:      `----
@bb/app:lint:   help: React refs are values that are not needed for rendering. Refs should only be accessed outside of render, such as in event handlers or effects. Accessing a ref value (the `current` property) during render can cause your component not to update as expected
@bb/app:lint:   note: React Compiler skipped optimizing this component or hook. Additional guidance: https://react.dev/reference/eslint-plugin-react-hooks/lints/refs
@bb/app:lint:
@bb/app:lint:   ! react(refs): Cannot access refs during render
@bb/app:lint:      ,-[src/hooks/useThreadCreationOptions.ts:576:34]
@bb/app:lint:  575 |   const touchedFieldsPendingReset =
@bb/app:lint:  576 |     usesLocalThreadSelections && threadResetKeyRef.current !== resetKey;
@bb/app:lint:      :                                  ^^^^^^^^^^^^|^^^^^^^^^^^^
@bb/app:lint:      :                                              `-- Cannot access ref value during render
@bb/app:lint:  577 |   const effectiveInitialProviderSource: ExecutionInputFieldSource | undefined =
@bb/app:lint:      `----
@bb/app:lint:   help: React refs are values that are not needed for rendering. Refs should only be accessed outside of render, such as in event handlers or effects. Accessing a ref value (the `current` property) during render can cause your component not to update as expected
@bb/app:lint:   note: React Compiler skipped optimizing this component or hook. Additional guidance: https://react.dev/reference/eslint-plugin-react-hooks/lints/refs
@bb/app:lint:
@bb/app:lint:   ! react(refs): Cannot access refs during render
@bb/app:lint:      ,-[src/hooks/useThreadCreationOptions.ts:605:13]
@bb/app:lint:  604 |           ? new Set<ThreadPromptField>()
@bb/app:lint:  605 |           : touchedThreadFieldsRef.current,
@bb/app:lint:      :             ^^^^^^^^^^^^^^^|^^^^^^^^^^^^^^
@bb/app:lint:      :                            `-- Cannot access ref value during render
@bb/app:lint:  606 |       }),
@bb/app:lint:      `----
@bb/app:lint:   help: React refs are values that are not needed for rendering. Refs should only be accessed outside of render, such as in event handlers or effects. Accessing a ref value (the `current` property) during render can cause your component not to update as expected
@bb/app:lint:   note: React Compiler skipped optimizing this component or hook. Additional guidance: https://react.dev/reference/eslint-plugin-react-hooks/lints/refs
@bb/app:lint:
@bb/app:lint:   ! react(refs): Cannot access refs during render
@bb/app:lint:      ,-[src/hooks/useThreadCreationOptions.ts:605:13]
@bb/app:lint:  604 |           ? new Set<ThreadPromptField>()
@bb/app:lint:  605 |           : touchedThreadFieldsRef.current,
@bb/app:lint:      :             ^^^^^^^^^^^^^^^|^^^^^^^^^^^^^^
@bb/app:lint:      :                            `-- Passing a ref to a function may read its value during render
@bb/app:lint:  606 |       }),
@bb/app:lint:      `----
@bb/app:lint:   help: React refs are values that are not needed for rendering. Refs should only be accessed outside of render, such as in event handlers or effects. Accessing a ref value (the `current` property) during render can cause your component not to update as expected
@bb/app:lint:   note: React Compiler skipped optimizing this component or hook. Additional guidance: https://react.dev/reference/eslint-plugin-react-hooks/lints/refs
@bb/app:lint:
@bb/app:lint:   ! react(set-state-in-effect): Calling setState synchronously within an effect can trigger cascading renders
@bb/app:lint:      ,-[src/components/thread/timeline/TimelineRowDetails.tsx:102:5]
@bb/app:lint:  100 |
@bb/app:lint:  101 |   useEffect(() => {
@bb/app:lint:      :   ^^^^|^^^^
@bb/app:lint:      :       `-- This is the containing effect
@bb/app:lint:  102 |     setLoadError(false);
@bb/app:lint:      :     ^^^^^^|^^^^^
@bb/app:lint:      :           `-- Avoid calling setState() directly within an effect
@bb/app:lint:  103 |     setLightboxOpen(false);
@bb/app:lint:      `----
@bb/app:lint:   help: Effects should synchronize React with external systems. Calling setState synchronously inside an effect starts another render and is usually unnecessary. Derive the value during render, initialize state directly, or update it from the event that caused the change. Use an effect only when synchronizing with an external system.
@bb/app:lint:   note: React Compiler skipped optimizing this component or hook. Additional guidance: https://react.dev/reference/eslint-plugin-react-hooks/lints/set-state-in-effect
@bb/app:lint:
@bb/app:lint:   ! react(set-state-in-effect): Calling setState synchronously within an effect can trigger cascading renders
@bb/app:lint:      ,-[src/components/thread/timeline/ConversationAttachments.tsx:125:5]
@bb/app:lint:  120 |
@bb/app:lint:  121 |   useEffect(() => {
@bb/app:lint:      :   ^^^^|^^^^
@bb/app:lint:      :       `-- This is the containing effect
@bb/app:lint:  122 |     if (expandedImageIndex === null || expandedImageIndex < imageItems.length) {
@bb/app:lint:  123 |       return;
@bb/app:lint:  124 |     }
@bb/app:lint:  125 |     setExpandedImageIndex(null);
@bb/app:lint:      :     ^^^^^^^^^^|^^^^^^^^^^
@bb/app:lint:      :               `-- Avoid calling setState() directly within an effect
@bb/app:lint:  126 |   }, [expandedImageIndex, imageItems.length]);
@bb/app:lint:      `----
@bb/app:lint:   help: Effects should synchronize React with external systems. Calling setState synchronously inside an effect starts another render and is usually unnecessary. Derive the value during render, initialize state directly, or update it from the event that caused the change. Use an effect only when synchronizing with an external system.
@bb/app:lint:   note: React Compiler skipped optimizing this component or hook. Additional guidance: https://react.dev/reference/eslint-plugin-react-hooks/lints/set-state-in-effect
@bb/app:lint:
@bb/app:lint:   ! react(set-state-in-effect): Calling setState synchronously within an effect can trigger cascading renders
@bb/app:lint:      ,-[src/hooks/useVoiceInput.ts:209:5]
@bb/app:lint:  206 |
@bb/app:lint:  207 |   useEffect(() => {
@bb/app:lint:      :   ^^^^|^^^^
@bb/app:lint:      :       `-- This is the containing effect
@bb/app:lint:  208 |     const support = resolveVoiceSupport(readVoiceSupportEnvironment());
@bb/app:lint:  209 |     setIsSupported(support.isSupported);
@bb/app:lint:      :     ^^^^^^^|^^^^^^
@bb/app:lint:      :            `-- Avoid calling setState() directly within an effect
@bb/app:lint:  210 |     setUnsupportedReason(support.reason);
@bb/app:lint:      `----
@bb/app:lint:   help: Effects should synchronize React with external systems. Calling setState synchronously inside an effect starts another render and is usually unnecessary. Derive the value during render, initialize state directly, or update it from the event that caused the change. Use an effect only when synchronizing with an external system.
@bb/app:lint:   note: React Compiler skipped optimizing this component or hook. Additional guidance: https://react.dev/reference/eslint-plugin-react-hooks/lints/set-state-in-effect
@bb/app:lint:
@bb/app:lint:   ! react(refs): Cannot access refs during render
@bb/app:lint:     ,-[src/hooks/useWebSocket.ts:13:32]
@bb/app:lint:  12 |   );
@bb/app:lint:  13 |   deletedResourceRouteChangeRef.current = handleDeletedResourceRouteChange;
@bb/app:lint:     :   ^^^^^^^^^^^^^^|^^^^^^^^^^^^^^^^^^|^^^
@bb/app:lint:     :                 |                  `-- Cannot update ref value during render
@bb/app:lint:     :                 `-- This value is a ref
@bb/app:lint:  14 |
@bb/app:lint:     `----
@bb/app:lint:   help: React refs are values that are not needed for rendering. Refs should only be accessed outside of render, such as in event handlers or effects. Accessing a ref value (the `current` property) during render can cause your component not to update as expected
@bb/app:lint:   note: React Compiler skipped optimizing this component or hook. Additional guidance: https://react.dev/reference/eslint-plugin-react-hooks/lints/refs
@bb/app:lint:
@bb/app:lint:   ! react(set-state-in-effect): Calling setState synchronously within an effect can trigger cascading renders
@bb/app:lint:     ,-[src/components/thread/timeline/Streaming.stories.tsx:53:5]
@bb/app:lint:  51 |   const [step, setStep] = useState(0);
@bb/app:lint:  52 |   useEffect(() => {
@bb/app:lint:     :   ^^^^|^^^^
@bb/app:lint:     :       `-- This is the containing effect
@bb/app:lint:  53 |     setStep(0);
@bb/app:lint:     :     ^^^|^^^
@bb/app:lint:     :        `-- Avoid calling setState() directly within an effect
@bb/app:lint:  54 |     if (totalSteps === 0) return;
@bb/app:lint:     `----
@bb/app:lint:   help: Effects should synchronize React with external systems. Calling setState synchronously inside an effect starts another render and is usually unnecessary. Derive the value during render, initialize state directly, or update it from the event that caused the change. Use an effect only when synchronizing with an external system.
@bb/app:lint:   note: React Compiler skipped optimizing this component or hook. Additional guidance: https://react.dev/reference/eslint-plugin-react-hooks/lints/set-state-in-effect
@bb/app:lint:
@bb/app:lint:   ! react(refs): Cannot access refs during render
@bb/app:lint:      ,-[src/components/thread/timeline/SelectableMessageProse.tsx:533:14]
@bb/app:lint:  532 |   const onSelectRef = useRef(onSelect);
@bb/app:lint:  533 |   onSelectRef.current = onSelect;
@bb/app:lint:      :   ^^^^^|^^^^^^^^^|^^^
@bb/app:lint:      :        |         `-- Cannot update ref value during render
@bb/app:lint:      :        `-- This value is a ref
@bb/app:lint:  534 |
@bb/app:lint:      `----
@bb/app:lint:   help: React refs are values that are not needed for rendering. Refs should only be accessed outside of render, such as in event handlers or effects. Accessing a ref value (the `current` property) during render can cause your component not to update as expected
@bb/app:lint:   note: React Compiler skipped optimizing this component or hook. Additional guidance: https://react.dev/reference/eslint-plugin-react-hooks/lints/refs
@bb/app:lint:
@bb/app:lint:   ! react(set-state-in-effect): Calling setState synchronously within an effect can trigger cascading renders
@bb/app:lint:     ,-[src/components/thread/timeline/useScrollOverflowState.ts:53:7]
@bb/app:lint:  50 |
@bb/app:lint:  51 |   useEffect(() => {
@bb/app:lint:     :   ^^^^|^^^^
@bb/app:lint:     :       `-- This is the containing effect
@bb/app:lint:  52 |     if (options.enabled === false) {
@bb/app:lint:  53 |       applyFlags({ above: false, below: false });
@bb/app:lint:     :       ^^^^^|^^^^
@bb/app:lint:     :            `-- Avoid calling setState() directly within an effect
@bb/app:lint:  54 |       return;
@bb/app:lint:     `----
@bb/app:lint:   help: Effects should synchronize React with external systems. Calling setState synchronously inside an effect starts another render and is usually unnecessary. Derive the value during render, initialize state directly, or update it from the event that caused the change. Use an effect only when synchronizing with an external system.
@bb/app:lint:   note: React Compiler skipped optimizing this component or hook. Additional guidance: https://react.dev/reference/eslint-plugin-react-hooks/lints/set-state-in-effect
@bb/app:lint:
@bb/app:lint:   ! react(refs): Cannot access refs during render
@bb/app:lint:     ,-[src/hooks/useAppSettingsRouteMemory.ts:64:9]
@bb/app:lint:  63 |     appRoutePath: isSettingsRoute
@bb/app:lint:  64 |       ? lastAppRoutePathRef.current
@bb/app:lint:     :         ^^^^^^^^^^^^^|^^^^^^^^^^^^^
@bb/app:lint:     :                      `-- Cannot access ref value during render
@bb/app:lint:  65 |       : currentRoutePath,
@bb/app:lint:     `----
@bb/app:lint:   help: React refs are values that are not needed for rendering. Refs should only be accessed outside of render, such as in event handlers or effects. Accessing a ref value (the `current` property) during render can cause your component not to update as expected
@bb/app:lint:   note: React Compiler skipped optimizing this component or hook. Additional guidance: https://react.dev/reference/eslint-plugin-react-hooks/lints/refs
@bb/app:lint:
@bb/app:lint:   ! react(refs): Cannot access refs during render
@bb/app:lint:     ,-[src/hooks/useAppSettingsRouteMemory.ts:68:9]
@bb/app:lint:  67 |       ? currentRoutePath
@bb/app:lint:  68 |       : lastSettingsRoutePathRef.current,
@bb/app:lint:     :         ^^^^^^^^^^^^^^^^|^^^^^^^^^^^^^^^
@bb/app:lint:     :                         `-- Cannot access ref value during render
@bb/app:lint:  69 |     toolsRoutePath: isCurrentToolsRoute
@bb/app:lint:     `----
@bb/app:lint:   help: React refs are values that are not needed for rendering. Refs should only be accessed outside of render, such as in event handlers or effects. Accessing a ref value (the `current` property) during render can cause your component not to update as expected
@bb/app:lint:   note: React Compiler skipped optimizing this component or hook. Additional guidance: https://react.dev/reference/eslint-plugin-react-hooks/lints/refs
@bb/app:lint:
@bb/app:lint:   ! react(refs): Cannot access refs during render
@bb/app:lint:     ,-[src/hooks/useAppSettingsRouteMemory.ts:73:9]
@bb/app:lint:  72 |     toolsBackRoutePath: isCurrentToolsRoute
@bb/app:lint:  73 |       ? lastCoreAppRoutePathRef.current
@bb/app:lint:     :         ^^^^^^^^^^^^^^^|^^^^^^^^^^^^^^^
@bb/app:lint:     :                        `-- Cannot access ref value during render
@bb/app:lint:  74 |       : currentRoutePath,
@bb/app:lint:     `----
@bb/app:lint:   help: React refs are values that are not needed for rendering. Refs should only be accessed outside of render, such as in event handlers or effects. Accessing a ref value (the `current` property) during render can cause your component not to update as expected
@bb/app:lint:   note: React Compiler skipped optimizing this component or hook. Additional guidance: https://react.dev/reference/eslint-plugin-react-hooks/lints/refs
@bb/app:lint:
@bb/app:lint:   ! react(refs): Cannot access refs during render
@bb/app:lint:     ,-[src/hooks/useAppSettingsRouteMemory.ts:62:10]
@bb/app:lint:  61 |
@bb/app:lint:  62 | ,->   return {
@bb/app:lint:  63 | |       appRoutePath: isSettingsRoute
@bb/app:lint:  64 | |         ? lastAppRoutePathRef.current
@bb/app:lint:  65 | |         : currentRoutePath,
@bb/app:lint:  66 | |       settingsRoutePath: isSettingsRoute
@bb/app:lint:  67 | |         ? currentRoutePath
@bb/app:lint:  68 | |         : lastSettingsRoutePathRef.current,
@bb/app:lint:  69 | |       toolsRoutePath: isCurrentToolsRoute
@bb/app:lint:  70 | |         ? currentRoutePath
@bb/app:lint:  71 | |         : getPluginsRoutePath(),
@bb/app:lint:  72 | |       toolsBackRoutePath: isCurrentToolsRoute
@bb/app:lint:  73 | |         ? lastCoreAppRoutePathRef.current
@bb/app:lint:  74 | |         : currentRoutePath,
@bb/app:lint:  75 | |->   };
@bb/app:lint:     : `---- Cannot access ref value during render
@bb/app:lint:  76 |     }
@bb/app:lint:     `----
@bb/app:lint:   help: React refs are values that are not needed for rendering. Refs should only be accessed outside of render, such as in event handlers or effects. Accessing a ref value (the `current` property) during render can cause your component not to update as expected
@bb/app:lint:   note: React Compiler skipped optimizing this component or hook. Additional guidance: https://react.dev/reference/eslint-plugin-react-hooks/lints/refs
@bb/app:lint:
@bb/app:lint:   ! react(incompatible-library): Use of incompatible library
@bb/app:lint:      ,-[src/components/thread/timeline/TimelineWindowedItems.tsx:184:23]
@bb/app:lint:  183 |
@bb/app:lint:  184 |   const virtualizer = useVirtualizer<HTMLElement, HTMLDivElement>({
@bb/app:lint:      :                       ^^^^^^^|^^^^^^
@bb/app:lint:      :                              `-- TanStack Virtual's `useVirtualizer()` API returns functions that cannot be memoized safely
@bb/app:lint:  185 |     count: itemKeys.length,
@bb/app:lint:      `----
@bb/app:lint:   help: This API returns functions which cannot be memoized without leading to stale UI. To prevent this, by default React Compiler will skip memoizing this component/hook. However, you may see issues if values from this API are passed to other components/hooks that are memoized
@bb/app:lint:   note: React Compiler skipped optimizing this component or hook. Additional guidance: https://react.dev/reference/eslint-plugin-react-hooks/lints/incompatible-library
@bb/app:lint:
@bb/app:lint:   ! react(set-state-in-effect): Calling setState synchronously within an effect can trigger cascading renders
@bb/app:lint:      ,-[src/components/ui/bottom-anchored-scroll-body.tsx:780:5]
@bb/app:lint:  772 |
@bb/app:lint:  773 |   useLayoutEffect(() => {
@bb/app:lint:      :   ^^^^^^^|^^^^^^^
@bb/app:lint:      :          `-- This is the containing effect
@bb/app:lint:  774 |     if (scrollAnchorThreadId === undefined) return;
@bb/app:lint:  775 |     const anchor = store.get(
@bb/app:lint:  776 |       threadTimelineScrollAnchorAtomFamily(scrollAnchorThreadId),
@bb/app:lint:  777 |     );
@bb/app:lint:  778 |     if (!anchor || anchor.atBottom) return;
@bb/app:lint:  779 |     shouldStickToBottomRef.current = false;
@bb/app:lint:  780 |     setIsAtBottom(false);
@bb/app:lint:      :     ^^^^^^|^^^^^^
@bb/app:lint:      :           `-- Avoid calling setState() directly within an effect
@bb/app:lint:  781 |     pendingScrollRestoreRef.current = {
@bb/app:lint:      `----
@bb/app:lint:   help: Effects should synchronize React with external systems. Calling setState synchronously inside an effect starts another render and is usually unnecessary. Derive the value during render, initialize state directly, or update it from the event that caused the change. Use an effect only when synchronizing with an external system.
@bb/app:lint:   note: React Compiler skipped optimizing this component or hook. Additional guidance: https://react.dev/reference/eslint-plugin-react-hooks/lints/set-state-in-effect
@bb/app:lint:
@bb/app:lint:   ! react(set-state-in-effect): Calling setState synchronously within an effect can trigger cascading renders
@bb/app:lint:      ,-[src/components/thread/timeline/StreamingRows.stories.tsx:106:5]
@bb/app:lint:  104 |   const [counter, setCounter] = useState(0);
@bb/app:lint:  105 |   useEffect(() => {
@bb/app:lint:      :   ^^^^|^^^^
@bb/app:lint:      :       `-- This is the containing effect
@bb/app:lint:  106 |     setCounter(0);
@bb/app:lint:      :     ^^^^^|^^^^
@bb/app:lint:      :          `-- Avoid calling setState() directly within an effect
@bb/app:lint:  107 |   }, [restartKey]);
@bb/app:lint:      `----
@bb/app:lint:   help: Effects should synchronize React with external systems. Calling setState synchronously inside an effect starts another render and is usually unnecessary. Derive the value during render, initialize state directly, or update it from the event that caused the change. Use an effect only when synchronizing with an external system.
@bb/app:lint:   note: React Compiler skipped optimizing this component or hook. Additional guidance: https://react.dev/reference/eslint-plugin-react-hooks/lints/set-state-in-effect
@bb/app:lint:
@bb/app:lint:   ! react(set-state-in-effect): Calling setState synchronously within an effect can trigger cascading renders
@bb/app:lint:      ,-[src/components/thread/timeline/StreamingRows.stories.tsx:662:5]
@bb/app:lint:  660 |   const [phaseIndex, setPhaseIndex] = useState(0);
@bb/app:lint:  661 |   useEffect(() => {
@bb/app:lint:      :   ^^^^|^^^^
@bb/app:lint:      :       `-- This is the containing effect
@bb/app:lint:  662 |     setPhaseIndex(0);
@bb/app:lint:      :     ^^^^^^|^^^^^^
@bb/app:lint:      :           `-- Avoid calling setState() directly within an effect
@bb/app:lint:  663 |   }, [restartKey]);
@bb/app:lint:      `----
@bb/app:lint:   help: Effects should synchronize React with external systems. Calling setState synchronously inside an effect starts another render and is usually unnecessary. Derive the value during render, initialize state directly, or update it from the event that caused the change. Use an effect only when synchronizing with an external system.
@bb/app:lint:   note: React Compiler skipped optimizing this component or hook. Additional guidance: https://react.dev/reference/eslint-plugin-react-hooks/lints/set-state-in-effect
@bb/app:lint:
@bb/app:lint:   ! react(refs): Cannot access refs during render
@bb/app:lint:      ,-[src/components/plugin/PluginNavSidebarItems.tsx:862:14]
@bb/app:lint:  861 |         type="button"
@bb/app:lint:  862 |         ref={dragBindings.setActivatorNodeRef}
@bb/app:lint:      :              ^^^^^^^^^^^^^^^^|^^^^^^^^^^^^^^^
@bb/app:lint:      :                              `-- Cannot access ref value during render
@bb/app:lint:  863 |         {...dragBindings.attributes}
@bb/app:lint:      `----
@bb/app:lint:   help: React refs are values that are not needed for rendering. Refs should only be accessed outside of render, such as in event handlers or effects. Accessing a ref value (the `current` property) during render can cause your component not to update as expected
@bb/app:lint:   note: React Compiler skipped optimizing this component or hook. Additional guidance: https://react.dev/reference/eslint-plugin-react-hooks/lints/refs
@bb/app:lint:
@bb/app:lint:   ! react(refs): Cannot access refs during render
@bb/app:lint:      ,-[src/components/plugin/PluginNavSidebarItems.tsx:863:13]
@bb/app:lint:  862 |         ref={dragBindings.setActivatorNodeRef}
@bb/app:lint:  863 |         {...dragBindings.attributes}
@bb/app:lint:      :             ^^^^^^^^^^^|^^^^^^^^^^^
@bb/app:lint:      :                        `-- Cannot access ref value during render
@bb/app:lint:  864 |         {...dragBindings.listeners}
@bb/app:lint:      `----
@bb/app:lint:   help: React refs are values that are not needed for rendering. Refs should only be accessed outside of render, such as in event handlers or effects. Accessing a ref value (the `current` property) during render can cause your component not to update as expected
@bb/app:lint:   note: React Compiler skipped optimizing this component or hook. Additional guidance: https://react.dev/reference/eslint-plugin-react-hooks/lints/refs
@bb/app:lint:
@bb/app:lint:   ! react(refs): Cannot access refs during render
@bb/app:lint:      ,-[src/components/plugin/PluginNavSidebarItems.tsx:864:13]
@bb/app:lint:  863 |         {...dragBindings.attributes}
@bb/app:lint:  864 |         {...dragBindings.listeners}
@bb/app:lint:      :             ^^^^^^^^^^^|^^^^^^^^^^
@bb/app:lint:      :                        `-- Cannot access ref value during render
@bb/app:lint:  865 |         aria-label={`Reorder ${row.title}`}
@bb/app:lint:      `----
@bb/app:lint:   help: React refs are values that are not needed for rendering. Refs should only be accessed outside of render, such as in event handlers or effects. Accessing a ref value (the `current` property) during render can cause your component not to update as expected
@bb/app:lint:   note: React Compiler skipped optimizing this component or hook. Additional guidance: https://react.dev/reference/eslint-plugin-react-hooks/lints/refs
@bb/app:lint:
@bb/app:lint:   ! react(purity): Cannot call impure function during render
@bb/app:lint:      ,-[src/components/notifications/NotificationCenter.tsx:154:15]
@bb/app:lint:  153 |   const notifications = useNotifications();
@bb/app:lint:  154 |   const now = Date.now();
@bb/app:lint:      :               ^^^^^|^^^^
@bb/app:lint:      :                    `-- Cannot call impure function
@bb/app:lint:  155 |
@bb/app:lint:      `----
@bb/app:lint:   help: `Date.now` is an impure function. Calling an impure function can produce unstable results that update unpredictably when the component re-renders
@bb/app:lint:   note: React Compiler skipped optimizing this component or hook. Additional guidance: https://react.dev/reference/eslint-plugin-react-hooks/lints/purity
@bb/app:lint:
@bb/app:lint:   ! react(set-state-in-effect): Calling setState synchronously within an effect can trigger cascading renders
@bb/app:lint:      ,-[src/components/promptbox/NewThreadComposer.tsx:815:5]
@bb/app:lint:  809 |     gitCheckoutProviderSelected && gitSourceDisabledReason !== null;
@bb/app:lint:  810 |   useEffect(() => {
@bb/app:lint:      :   ^^^^|^^^^
@bb/app:lint:      :       `-- This is the containing effect
@bb/app:lint:  811 |     if (!gitCheckoutUnavailable || providerHostId === null) return;
@bb/app:lint:  812 |     const checkoutValue = encodeProviderValue(
@bb/app:lint:  813 |       PROJECT_CHECKOUT_ENVIRONMENT_PROVIDER_ID,
@bb/app:lint:  814 |     );
@bb/app:lint:  815 |     setPickedProviderMachine({
@bb/app:lint:      :     ^^^^^^^^^^^^|^^^^^^^^^^^
@bb/app:lint:      :                 `-- Avoid calling setState() directly within an effect
@bb/app:lint:  816 |       selectionValue: checkoutValue,
@bb/app:lint:      `----
@bb/app:lint:   help: Effects should synchronize React with external systems. Calling setState synchronously inside an effect starts another render and is usually unnecessary. Derive the value during render, initialize state directly, or update it from the event that caused the change. Use an effect only when synchronizing with an external system.
@bb/app:lint:   note: React Compiler skipped optimizing this component or hook. Additional guidance: https://react.dev/reference/eslint-plugin-react-hooks/lints/set-state-in-effect
@bb/app:lint:
@bb/app:lint:   ! react(preserve-manual-memoization): Existing memoization could not be preserved
@bb/app:lint:      ,-[src/components/promptbox/NewThreadComposer.tsx:500:5]
@bb/app:lint:  496 |     () =>
@bb/app:lint:  497 |       seed?.environment === undefined
@bb/app:lint:      :       ^^^^^^^^|^^^^^^^^
@bb/app:lint:      :               `-- This dependency is inferred here
@bb/app:lint:  498 |         ? null
@bb/app:lint:  499 |         : newThreadEnvironmentArgsToSeed(seed.environment),
@bb/app:lint:  500 |     [seed?.environment],
@bb/app:lint:      :     ^^^^^^^^^|^^^^^^^^^
@bb/app:lint:      :              `-- This dependency list does not match the dependencies inferred from the callback
@bb/app:lint:  501 |   );
@bb/app:lint:      `----
@bb/app:lint:   help: React Compiler has skipped optimizing this component because the existing manual memoization could not be preserved. The inferred dependencies did not match the manually specified dependencies, which could cause the value to change more or less frequently than expected. The inferred dependency was `seed`, but the source dependencies were [seed?.environment]. Inferred less specific
@bb/app:lint:         property than source
@bb/app:lint:   note: React Compiler skipped optimizing this component or hook. Additional guidance: https://react.dev/reference/eslint-plugin-react-hooks/lints/preserve-manual-memoization
@bb/app:lint:
@bb/app:lint:   ! react(refs): Cannot access refs during render
@bb/app:lint:       ,-[src/components/promptbox/NewThreadComposer.tsx:1604:19]
@bb/app:lint:  1603 |
@bb/app:lint:  1604 | ,->   return children({
@bb/app:lint:  1605 | |       projectId,
@bb/app:lint:  1606 | |       isProjectless,
@bb/app:lint:  1607 | |       projects,
@bb/app:lint:  1608 | |       sidebarNavigation: sidebarNavigationQuery.data,
@bb/app:lint:  1609 | |       sidebarNavigationError: sidebarNavigationQuery.isError,
@bb/app:lint:  1610 | |       currentProject,
@bb/app:lint:  1611 | |       projectSources,
@bb/app:lint:  1612 | |       connectedHostIds,
@bb/app:lint:  1613 | |       primaryHostId,
@bb/app:lint:  1614 | |       parsedEnvironment,
@bb/app:lint:  1615 | |       projectHostId,
@bb/app:lint:  1616 | |       panelThreadId,
@bb/app:lint:  1617 | |       selectedProviderId,
@bb/app:lint:  1618 | |       promptDraft,
@bb/app:lint:  1619 | |       promptBoxRef,
@bb/app:lint:  1620 | |       pluginComposerHost,
@bb/app:lint:  1621 | |       textEffects,
@bb/app:lint:  1622 | |       isSubmitting,
@bb/app:lint:  1623 | |       seedEnvironmentSelectionValue: setCreationEnvironmentSelectionValue,
@bb/app:lint:  1624 | |       setEnvironmentSelectionValue: changeEnvironment,
@bb/app:lint:  1625 | |       setProviderModelReasoning,
@bb/app:lint:  1626 | |       setPermissionMode,
@bb/app:lint:  1627 | |       setServiceTier,
@bb/app:lint:  1628 | |       renderPromptBox,
@bb/app:lint:  1629 | |->   });
@bb/app:lint:       : `---- Passing a ref to a function may read its value during render
@bb/app:lint:  1630 |     }
@bb/app:lint:       `----
@bb/app:lint:   help: React refs are values that are not needed for rendering. Refs should only be accessed outside of render, such as in event handlers or effects. Accessing a ref value (the `current` property) during render can cause your component not to update as expected
@bb/app:lint:   note: React Compiler skipped optimizing this component or hook. Additional guidance: https://react.dev/reference/eslint-plugin-react-hooks/lints/refs
@bb/app:lint:
@bb/app:lint:   ! react(set-state-in-effect): Calling setState synchronously within an effect can trigger cascading renders
@bb/app:lint:     ,-[src/components/thread/timeline/useThreadTimelineController.ts:79:7]
@bb/app:lint:  76 |
@bb/app:lint:  77 |   useEffect(() => {
@bb/app:lint:     :   ^^^^|^^^^
@bb/app:lint:     :       `-- This is the containing effect
@bb/app:lint:  78 |     if (!latestTimeline) {
@bb/app:lint:  79 |       setLoadedTimeline((current) =>
@bb/app:lint:     :       ^^^^^^^^|^^^^^^^^
@bb/app:lint:     :               `-- Avoid calling setState() directly within an effect
@bb/app:lint:  80 |         current.surfaceKey === surfaceKey
@bb/app:lint:     `----
@bb/app:lint:   help: Effects should synchronize React with external systems. Calling setState synchronously inside an effect starts another render and is usually unnecessary. Derive the value during render, initialize state directly, or update it from the event that caused the change. Use an effect only when synchronizing with an external system.
@bb/app:lint:   note: React Compiler skipped optimizing this component or hook. Additional guidance: https://react.dev/reference/eslint-plugin-react-hooks/lints/set-state-in-effect
@bb/app:lint:
@bb/app:lint:   ! react(set-state-in-effect): Calling setState synchronously within an effect can trigger cascading renders
@bb/app:lint:      ,-[src/components/code/BbSourceCode.tsx:365:7]
@bb/app:lint:  362 |
@bb/app:lint:  363 |   useEffect(() => {
@bb/app:lint:      :   ^^^^|^^^^
@bb/app:lint:      :       `-- This is the containing effect
@bb/app:lint:  364 |     if (!workerPool) {
@bb/app:lint:  365 |       setWorkerPoolStats(null);
@bb/app:lint:      :       ^^^^^^^^^|^^^^^^^^
@bb/app:lint:      :                `-- Avoid calling setState() directly within an effect
@bb/app:lint:  366 |       return;
@bb/app:lint:      `----
@bb/app:lint:   help: Effects should synchronize React with external systems. Calling setState synchronously inside an effect starts another render and is usually unnecessary. Derive the value during render, initialize state directly, or update it from the event that caused the change. Use an effect only when synchronizing with an external system.
@bb/app:lint:   note: React Compiler skipped optimizing this component or hook. Additional guidance: https://react.dev/reference/eslint-plugin-react-hooks/lints/set-state-in-effect
@bb/app:lint:
@bb/app:lint:   ! react(set-state-in-effect): Calling setState synchronously within an effect can trigger cascading renders
@bb/app:lint:       ,-[src/views/thread-detail/ThreadDetailView.tsx:1069:5]
@bb/app:lint:  1064 |     !sentMessageEditTargetStillPresent;
@bb/app:lint:  1065 |   useEffect(() => {
@bb/app:lint:       :   ^^^^|^^^^
@bb/app:lint:       :       `-- This is the containing effect
@bb/app:lint:  1066 |     if (!shouldDiscardMissingSentMessageEdit) {
@bb/app:lint:  1067 |       return;
@bb/app:lint:  1068 |     }
@bb/app:lint:  1069 |     setSentMessageEditHostElement(null);
@bb/app:lint:       :     ^^^^^^^^^^^^^^|^^^^^^^^^^^^^^
@bb/app:lint:       :                   `-- Avoid calling setState() directly within an effect
@bb/app:lint:  1070 |     setSentMessageEditSession(null);
@bb/app:lint:       `----
@bb/app:lint:   help: Effects should synchronize React with external systems. Calling setState synchronously inside an effect starts another render and is usually unnecessary. Derive the value during render, initialize state directly, or update it from the event that caused the change. Use an effect only when synchronizing with an external system.
@bb/app:lint:   note: React Compiler skipped optimizing this component or hook. Additional guidance: https://react.dev/reference/eslint-plugin-react-hooks/lints/set-state-in-effect
@bb/app:lint:
@bb/app:lint:   ! react(set-state-in-effect): Calling setState synchronously within an effect can trigger cascading renders
@bb/app:lint:       ,-[src/views/thread-detail/ThreadDetailView.tsx:1508:5]
@bb/app:lint:  1506 |   }, [setStoredConversationCollapsed]);
@bb/app:lint:  1507 |   useEffect(() => {
@bb/app:lint:       :   ^^^^|^^^^
@bb/app:lint:       :       `-- This is the containing effect
@bb/app:lint:  1508 |     setHasRequestedMergeBaseOptions(false);
@bb/app:lint:       :     ^^^^^^^^^^^^^^^|^^^^^^^^^^^^^^^
@bb/app:lint:       :                    `-- Avoid calling setState() directly within an effect
@bb/app:lint:  1509 |   }, [thread?.environmentId]);
@bb/app:lint:       `----
@bb/app:lint:   help: Effects should synchronize React with external systems. Calling setState synchronously inside an effect starts another render and is usually unnecessary. Derive the value during render, initialize state directly, or update it from the event that caused the change. Use an effect only when synchronizing with an external system.
@bb/app:lint:   note: React Compiler skipped optimizing this component or hook. Additional guidance: https://react.dev/reference/eslint-plugin-react-hooks/lints/set-state-in-effect
@bb/app:lint:
@bb/app:lint:   ! react(preserve-manual-memoization): Existing memoization could not be preserved
@bb/app:lint:      ,-[src/views/thread-detail/ThreadDetailView.tsx:848:5]
@bb/app:lint:  843 |     (open: boolean) => {
@bb/app:lint:  844 |       if (open && thread?.id) {
@bb/app:lint:      :                   ^^^^^|^^^^
@bb/app:lint:      :                        `-- This dependency is inferred here
@bb/app:lint:  845 |         setParentThreadsRequestedForThreadId(thread.id);
@bb/app:lint:  846 |       }
@bb/app:lint:  847 |     },
@bb/app:lint:  848 |     [thread?.id],
@bb/app:lint:      :     ^^^^^^|^^^^^
@bb/app:lint:      :           `-- This dependency list does not match the dependencies inferred from the callback
@bb/app:lint:  849 |   );
@bb/app:lint:      `----
@bb/app:lint:   help: React Compiler has skipped optimizing this component because the existing manual memoization could not be preserved. The inferred dependencies did not match the manually specified dependencies, which could cause the value to change more or less frequently than expected. The inferred dependency was `thread`, but the source dependencies were [thread?.id]. Inferred less specific property
@bb/app:lint:         than source
@bb/app:lint:   note: React Compiler skipped optimizing this component or hook. Additional guidance: https://react.dev/reference/eslint-plugin-react-hooks/lints/preserve-manual-memoization
@bb/app:lint:
@bb/app:lint:   ! react(preserve-manual-memoization): Existing memoization could not be preserved
@bb/app:lint:       ,-[src/views/thread-detail/ThreadDetailView.tsx:1207:7]
@bb/app:lint:  1192 |         if (
@bb/app:lint:  1193 |           thread?.id === undefined ||
@bb/app:lint:       :           ^^^^^|^^^^
@bb/app:lint:       :                `-- This dependency is inferred here
@bb/app:lint:  1194 |           !isSideChatThread ||
@bb/app:lint:  1195 |           threadSourceThreadId === null ||
@bb/app:lint:  1196 |           createQueuedMessage.isPending
@bb/app:lint:  1197 |         ) {
@bb/app:lint:  1198 |           return;
@bb/app:lint:  1199 |         }
@bb/app:lint:  1200 |
@bb/app:lint:  1201 |         createQueuedMessage.mutate({
@bb/app:lint:  1202 |           id: threadSourceThreadId,
@bb/app:lint:  1203 |           input: [{ type: "text", text: target.messageText, mentions: [] }],
@bb/app:lint:  1204 |           senderThreadId: thread.id,
@bb/app:lint:  1205 |         });
@bb/app:lint:  1206 |       },
@bb/app:lint:  1207 |       [createQueuedMessage, isSideChatThread, thread?.id, threadSourceThreadId],
@bb/app:lint:       :       ^^^^^^^^^^^^^^^^^^^^^^^^^^^^^^^^^^^^|^^^^^^^^^^^^^^^^^^^^^^^^^^^^^^^^^^^^
@bb/app:lint:       :                                           `-- This dependency list does not match the dependencies inferred from the callback
@bb/app:lint:  1208 |     );
@bb/app:lint:       `----
@bb/app:lint:   help: React Compiler has skipped optimizing this component because the existing manual memoization could not be preserved. The inferred dependencies did not match the manually specified dependencies, which could cause the value to change more or less frequently than expected. The inferred dependency was `thread`, but the source dependencies were [createQueuedMessage, isSideChatThread,
@bb/app:lint:         thread?.id, threadSourceThreadId]. Inferred less specific property than source
@bb/app:lint:   note: React Compiler skipped optimizing this component or hook. Additional guidance: https://react.dev/reference/eslint-plugin-react-hooks/lints/preserve-manual-memoization
@bb/app:lint:
@bb/app:lint:   ! react(preserve-manual-memoization): Existing memoization could not be preserved
@bb/app:lint:       ,-[src/views/thread-detail/ThreadDetailView.tsx:2360:5]
@bb/app:lint:  2345 |       if (
@bb/app:lint:  2346 |         thread?.environmentId === null ||
@bb/app:lint:       :         ^^^^^^^^^^|^^^^^^^^^^
@bb/app:lint:       :                   `-- This dependency is inferred here
@bb/app:lint:  2347 |         thread?.environmentId === undefined
@bb/app:lint:  2348 |       ) {
@bb/app:lint:  2349 |         return;
@bb/app:lint:  2350 |       }
@bb/app:lint:  2351 |       handleOpenLiveFilePreview({
@bb/app:lint:  2352 |         target: {
@bb/app:lint:  2353 |           kind: "workspace",
@bb/app:lint:  2354 |           environmentId: thread.environmentId,
@bb/app:lint:  2355 |           path: relativePath,
@bb/app:lint:  2356 |         },
@bb/app:lint:  2357 |         location: null,
@bb/app:lint:  2358 |       });
@bb/app:lint:  2359 |     },
@bb/app:lint:  2360 |     [handleOpenLiveFilePreview, thread?.environmentId],
@bb/app:lint:       :     ^^^^^^^^^^^^^^^^^^^^^^^^^|^^^^^^^^^^^^^^^^^^^^^^^^
@bb/app:lint:       :                              `-- This dependency list does not match the dependencies inferred from the callback
@bb/app:lint:  2361 |   );
@bb/app:lint:       `----
@bb/app:lint:   help: React Compiler has skipped optimizing this component because the existing manual memoization could not be preserved. The inferred dependencies did not match the manually specified dependencies, which could cause the value to change more or less frequently than expected. The inferred dependency was `thread`, but the source dependencies were [handleOpenLiveFilePreview,
@bb/app:lint:         thread?.environmentId]. Inferred less specific property than source
@bb/app:lint:   note: React Compiler skipped optimizing this component or hook. Additional guidance: https://react.dev/reference/eslint-plugin-react-hooks/lints/preserve-manual-memoization
@bb/app:lint:
@bb/app:lint:   ! react(refs): Cannot access refs during render
@bb/app:lint:       ,-[src/views/thread-detail/ThreadDetailView.tsx:1033:26]
@bb/app:lint:  1032 |   const sentMessageEditEntryRef = useRef({ canEditSentMessages, thread });
@bb/app:lint:  1033 |   sentMessageEditEntryRef.current = { canEditSentMessages, thread };
@bb/app:lint:       :   ^^^^^^^^^^^|^^^^^^^^^^^^^^^|^^^
@bb/app:lint:       :              |               `-- Cannot update ref value during render
@bb/app:lint:       :              `-- This value is a ref
@bb/app:lint:  1034 |   const handleEditSentMessage = useCallback<ThreadTimelineEditMessageHandler>(
@bb/app:lint:       `----
@bb/app:lint:   help: React refs are values that are not needed for rendering. Refs should only be accessed outside of render, such as in event handlers or effects. Accessing a ref value (the `current` property) during render can cause your component not to update as expected
@bb/app:lint:   note: React Compiler skipped optimizing this component or hook. Additional guidance: https://react.dev/reference/eslint-plugin-react-hooks/lints/refs
@bb/app:lint:
@bb/app:lint:   ! react(set-state-in-effect): Calling setState synchronously within an effect can trigger cascading renders
@bb/app:lint:      ,-[src/components/sidebar/AppSidebar.tsx:186:7]
@bb/app:lint:  183 |     isCompactViewport && compactCustomizeMode;
@bb/app:lint:  184 |   useEffect(() => {
@bb/app:lint:      :   ^^^^|^^^^
@bb/app:lint:      :       `-- This is the containing effect
@bb/app:lint:  185 |     if (!isCompactViewport || !openMobile || isHiddenHostedBody) {
@bb/app:lint:  186 |       setCompactCustomizeMode(false);
@bb/app:lint:      :       ^^^^^^^^^^^|^^^^^^^^^^^
@bb/app:lint:      :                  `-- Avoid calling setState() directly within an effect
@bb/app:lint:  187 |     }
@bb/app:lint:      `----
@bb/app:lint:   help: Effects should synchronize React with external systems. Calling setState synchronously inside an effect starts another render and is usually unnecessary. Derive the value during render, initialize state directly, or update it from the event that caused the change. Use an effect only when synchronizing with an external system.
@bb/app:lint:   note: React Compiler skipped optimizing this component or hook. Additional guidance: https://react.dev/reference/eslint-plugin-react-hooks/lints/set-state-in-effect
@bb/app:lint:
@bb/app:lint:   ! react(set-state-in-effect): Calling setState synchronously within an effect can trigger cascading renders
@bb/app:lint:      ,-[src/components/sidebar/AppSidebar.tsx:210:5]
@bb/app:lint:  204 |
@bb/app:lint:  205 |   useEffect(() => {
@bb/app:lint:      :   ^^^^|^^^^
@bb/app:lint:      :       `-- This is the containing effect
@bb/app:lint:  206 |     if (isAppCommandModifierHeld) {
@bb/app:lint:  207 |       showThreadShortcuts();
@bb/app:lint:  208 |       return;
@bb/app:lint:  209 |     }
@bb/app:lint:  210 |     hideThreadShortcuts();
@bb/app:lint:      :     ^^^^^^^^^|^^^^^^^^^
@bb/app:lint:      :              `-- Avoid calling setState() directly within an effect
@bb/app:lint:  211 |   }, [hideThreadShortcuts, isAppCommandModifierHeld, showThreadShortcuts]);
@bb/app:lint:      `----
@bb/app:lint:   help: Effects should synchronize React with external systems. Calling setState synchronously inside an effect starts another render and is usually unnecessary. Derive the value during render, initialize state directly, or update it from the event that caused the change. Use an effect only when synchronizing with an external system.
@bb/app:lint:   note: React Compiler skipped optimizing this component or hook. Additional guidance: https://react.dev/reference/eslint-plugin-react-hooks/lints/set-state-in-effect
@bb/app:lint:
@bb/app:lint:   ! react(set-state-in-effect): Calling setState synchronously within an effect can trigger cascading renders
@bb/app:lint:     ,-[src/views/thread-detail/SplitWorkspaceSecondaryPanelHost.tsx:93:7]
@bb/app:lint:  80 |
@bb/app:lint:  81 |   useLayoutEffect(() => {
@bb/app:lint:     :   ^^^^^^^|^^^^^^^
@bb/app:lint:     :          `-- This is the containing effect
@bb/app:lint:  82 |     if (model === null) {
@bb/app:lint:  83 |       lastTargetRef.current = null;
@bb/app:lint:  84 |       return;
@bb/app:lint:  85 |     }
@bb/app:lint:  86 |     const previousTarget = lastTargetRef.current;
@bb/app:lint:  87 |     lastTargetRef.current = {
@bb/app:lint:  88 |       paneId: focusedPaneId,
@bb/app:lint:  89 |       contentKey: model.contentKey,
@bb/app:lint:  90 |       isOpen: model.isOpen,
@bb/app:lint:  91 |     };
@bb/app:lint:  92 |     if (isPanelVisible === null) {
@bb/app:lint:  93 |       setIsPanelVisible(model.isOpen);
@bb/app:lint:     :       ^^^^^^^^|^^^^^^^^
@bb/app:lint:     :               `-- Avoid calling setState() directly within an effect
@bb/app:lint:  94 |       return;
@bb/app:lint:     `----
@bb/app:lint:   help: Effects should synchronize React with external systems. Calling setState synchronously inside an effect starts another render and is usually unnecessary. Derive the value during render, initialize state directly, or update it from the event that caused the change. Use an effect only when synchronizing with an external system.
@bb/app:lint:   note: React Compiler skipped optimizing this component or hook. Additional guidance: https://react.dev/reference/eslint-plugin-react-hooks/lints/set-state-in-effect
@bb/app:lint:
@bb/app:lint:   ! react(set-state-in-effect): Calling setState synchronously within an effect can trigger cascading renders
@bb/app:lint:      ,-[src/components/thread/timeline/conversation-message-overflow.tsx:104:7]
@bb/app:lint:  101 |
@bb/app:lint:  102 |   useLayoutEffect(() => {
@bb/app:lint:      :   ^^^^^^^|^^^^^^^
@bb/app:lint:      :          `-- This is the containing effect
@bb/app:lint:  103 |     if (!enabled) {
@bb/app:lint:  104 |       setMeasurement("fits");
@bb/app:lint:      :       ^^^^^^^|^^^^^^
@bb/app:lint:      :              `-- Avoid calling setState() directly within an effect
@bb/app:lint:  105 |       return;
@bb/app:lint:      `----
@bb/app:lint:   help: Effects should synchronize React with external systems. Calling setState synchronously inside an effect starts another render and is usually unnecessary. Derive the value during render, initialize state directly, or update it from the event that caused the change. Use an effect only when synchronizing with an external system.
@bb/app:lint:   note: React Compiler skipped optimizing this component or hook. Additional guidance: https://react.dev/reference/eslint-plugin-react-hooks/lints/set-state-in-effect
@bb/app:lint:
@bb/app:lint:   ! react(refs): Cannot access refs during render
@bb/app:lint:     ,-[src/components/thread/timeline/TimelineDetailScroll.tsx:87:16]
@bb/app:lint:  86 |         <div
@bb/app:lint:  87 |           ref={overflow.bottomSentinelRef}
@bb/app:lint:     :                ^^^^^^^^^^^^^|^^^^^^^^^^^^
@bb/app:lint:     :                             `-- Cannot access ref value during render
@bb/app:lint:  88 |           aria-hidden
@bb/app:lint:     `----
@bb/app:lint:   help: React refs are values that are not needed for rendering. Refs should only be accessed outside of render, such as in event handlers or effects. Accessing a ref value (the `current` property) during render can cause your component not to update as expected
@bb/app:lint:   note: React Compiler skipped optimizing this component or hook. Additional guidance: https://react.dev/reference/eslint-plugin-react-hooks/lints/refs
@bb/app:lint:
@bb/app:lint:   ! react(set-state-in-effect): Calling setState synchronously within an effect can trigger cascading renders
@bb/app:lint:      ,-[src/components/sidebar/SidebarOverview.stories.tsx:311:5]
@bb/app:lint:  305 |
@bb/app:lint:  306 |   useEffect(() => {
@bb/app:lint:      :   ^^^^|^^^^
@bb/app:lint:      :       `-- This is the containing effect
@bb/app:lint:  307 |     queryClient.setQueryData(SIDEBAR_NAVIGATION_STORY_QUERY_KEY, navigation);
@bb/app:lint:  308 |     if (hosts) {
@bb/app:lint:  309 |       queryClient.setQueryData(hostsQueryKey(), hosts);
@bb/app:lint:  310 |     }
@bb/app:lint:  311 |     setIsSeeded(true);
@bb/app:lint:      :     ^^^^^|^^^^^
@bb/app:lint:      :          `-- Avoid calling setState() directly within an effect
@bb/app:lint:  312 |
@bb/app:lint:      `----
@bb/app:lint:   help: Effects should synchronize React with external systems. Calling setState synchronously inside an effect starts another render and is usually unnecessary. Derive the value during render, initialize state directly, or update it from the event that caused the change. Use an effect only when synchronizing with an external system.
@bb/app:lint:   note: React Compiler skipped optimizing this component or hook. Additional guidance: https://react.dev/reference/eslint-plugin-react-hooks/lints/set-state-in-effect
@bb/app:lint:
@bb/app:lint:   ! react(set-state-in-effect): Calling setState synchronously within an effect can trigger cascading renders
@bb/app:lint:      ,-[src/components/sidebar/SidebarOverview.stories.tsx:439:5]
@bb/app:lint:  437 |
@bb/app:lint:  438 |   useLayoutEffect(() => {
@bb/app:lint:      :   ^^^^^^^|^^^^^^^
@bb/app:lint:      :          `-- This is the containing effect
@bb/app:lint:  439 |     setIsModeSeeded(false);
@bb/app:lint:      :     ^^^^^^^|^^^^^^^
@bb/app:lint:      :            `-- Avoid calling setState() directly within an effect
@bb/app:lint:  440 |
@bb/app:lint:      `----
@bb/app:lint:   help: Effects should synchronize React with external systems. Calling setState synchronously inside an effect starts another render and is usually unnecessary. Derive the value during render, initialize state directly, or update it from the event that caused the change. Use an effect only when synchronizing with an external system.
@bb/app:lint:   note: React Compiler skipped optimizing this component or hook. Additional guidance: https://react.dev/reference/eslint-plugin-react-hooks/lints/set-state-in-effect
@bb/app:lint:
@bb/app:lint:   ! react(refs): Cannot access refs during render
@bb/app:lint:      ,-[src/components/plugin/PluginComposerActions.stories.tsx:232:11]
@bb/app:lint:  231 |   const draftRef = useRef(draft);
@bb/app:lint:  232 |   draftRef.current = draft;
@bb/app:lint:      :   ^^^^|^^^^^^^|^^^
@bb/app:lint:      :       |       `-- Cannot update ref value during render
@bb/app:lint:      :       `-- This value is a ref
@bb/app:lint:  233 |   const subscribeDraft = useComposerHostDraftNotifier(draft);
@bb/app:lint:      `----
@bb/app:lint:   help: React refs are values that are not needed for rendering. Refs should only be accessed outside of render, such as in event handlers or effects. Accessing a ref value (the `current` property) during render can cause your component not to update as expected
@bb/app:lint:   note: React Compiler skipped optimizing this component or hook. Additional guidance: https://react.dev/reference/eslint-plugin-react-hooks/lints/refs
@bb/app:lint:
@bb/app:lint:   ! react(refs): Cannot access refs during render
@bb/app:lint:      ,-[src/components/thread/timeline/useScrollToSearchedMessage.ts:194:17]
@bb/app:lint:  193 |   const locationKeyRef = useRef(location.key);
@bb/app:lint:  194 |   locationKeyRef.current = location.key;
@bb/app:lint:      :   ^^^^^^^|^^^^^^^^^^|^^^
@bb/app:lint:      :          |          `-- Cannot update ref value during render
@bb/app:lint:      :          `-- This value is a ref
@bb/app:lint:  195 |   const pendingRevealTimersRef = useRef<Set<number>>(new Set());
@bb/app:lint:      `----
@bb/app:lint:   help: React refs are values that are not needed for rendering. Refs should only be accessed outside of render, such as in event handlers or effects. Accessing a ref value (the `current` property) during render can cause your component not to update as expected
@bb/app:lint:   note: React Compiler skipped optimizing this component or hook. Additional guidance: https://react.dev/reference/eslint-plugin-react-hooks/lints/refs
@bb/app:lint:
@bb/app:lint:   ! react(set-state-in-effect): Calling setState synchronously within an effect can trigger cascading renders
@bb/app:lint:      ,-[src/components/plugin/PluginPanelRightPanelHost.tsx:308:5]
@bb/app:lint:  301 |   );
@bb/app:lint:  302 |   useEffect(() => {
@bb/app:lint:      :   ^^^^|^^^^
@bb/app:lint:      :       `-- This is the containing effect
@bb/app:lint:  303 |     if (activePluginDetailId === null) return;
@bb/app:lint:  304 |     const catalogEntry = activePluginCatalogQuery.data?.entries.find(
@bb/app:lint:  305 |       (entry) => entry.pluginId === activePluginDetailId,
@bb/app:lint:  306 |     );
@bb/app:lint:  307 |     if (catalogEntry === undefined) return;
@bb/app:lint:  308 |     setPluginDetailTabMetadata((current) => {
@bb/app:lint:      :     ^^^^^^^^^^^^^|^^^^^^^^^^^^
@bb/app:lint:      :                  `-- Avoid calling setState() directly within an effect
@bb/app:lint:  309 |       const previous = current[activePluginDetailId];
@bb/app:lint:      `----
@bb/app:lint:   help: Effects should synchronize React with external systems. Calling setState synchronously inside an effect starts another render and is usually unnecessary. Derive the value during render, initialize state directly, or update it from the event that caused the change. Use an effect only when synchronizing with an external system.
@bb/app:lint:   note: React Compiler skipped optimizing this component or hook. Additional guidance: https://react.dev/reference/eslint-plugin-react-hooks/lints/set-state-in-effect
@bb/app:lint:
@bb/app:lint:   ! react(set-state-in-effect): Calling setState synchronously within an effect can trigger cascading renders
@bb/app:lint:      ,-[src/components/plugin/PluginPanelRightPanelHost.tsx:618:5]
@bb/app:lint:  616 |     useState<HTMLElement | null>(null);
@bb/app:lint:  617 |   useLayoutEffect(() => {
@bb/app:lint:      :   ^^^^^^^|^^^^^^^
@bb/app:lint:      :          `-- This is the containing effect
@bb/app:lint:  618 |     setTogglePortalTarget(findPluginRightPanelTogglePortal(panelStateId));
@bb/app:lint:      :     ^^^^^^^^^^|^^^^^^^^^^
@bb/app:lint:      :               `-- Avoid calling setState() directly within an effect
@bb/app:lint:  619 |   }, [panel, panelStateId]);
@bb/app:lint:      `----
@bb/app:lint:   help: Effects should synchronize React with external systems. Calling setState synchronously inside an effect starts another render and is usually unnecessary. Derive the value during render, initialize state directly, or update it from the event that caused the change. Use an effect only when synchronizing with an external system.
@bb/app:lint:   note: React Compiler skipped optimizing this component or hook. Additional guidance: https://react.dev/reference/eslint-plugin-react-hooks/lints/set-state-in-effect
@bb/app:lint:
@bb/app:lint:   ! react(refs): Cannot access refs during render
@bb/app:lint:      ,-[src/components/plugin/plugin-slot-mounts.test.tsx:233:9]
@bb/app:lint:  232 |       const methodsAreStable =
@bb/app:lint:  233 |         initialMethods.current.setText === composer.setText &&
@bb/app:lint:      :         ^^^^^^^^^^^^^^^|^^^^^^^^^^^^^^
@bb/app:lint:      :                        `-- Cannot access ref value during render
@bb/app:lint:  234 |         initialMethods.current.updateText === composer.updateText &&
@bb/app:lint:      `----
@bb/app:lint:   help: React refs are values that are not needed for rendering. Refs should only be accessed outside of render, such as in event handlers or effects. Accessing a ref value (the `current` property) during render can cause your component not to update as expected
@bb/app:lint:   note: React Compiler skipped optimizing this component or hook. Additional guidance: https://react.dev/reference/eslint-plugin-react-hooks/lints/refs
@bb/app:lint:
@bb/app:lint:   ! react(refs): Cannot access refs during render
@bb/app:lint:      ,-[src/components/plugin/plugin-slot-mounts.test.tsx:234:9]
@bb/app:lint:  233 |         initialMethods.current.setText === composer.setText &&
@bb/app:lint:  234 |         initialMethods.current.updateText === composer.updateText &&
@bb/app:lint:      :         ^^^^^^^^^^^^^^^^|^^^^^^^^^^^^^^^^
@bb/app:lint:      :                         `-- Cannot access ref value during render
@bb/app:lint:  235 |         initialMethods.current.clear === composer.clear &&
@bb/app:lint:      `----
@bb/app:lint:   help: React refs are values that are not needed for rendering. Refs should only be accessed outside of render, such as in event handlers or effects. Accessing a ref value (the `current` property) during render can cause your component not to update as expected
@bb/app:lint:   note: React Compiler skipped optimizing this component or hook. Additional guidance: https://react.dev/reference/eslint-plugin-react-hooks/lints/refs
@bb/app:lint:
@bb/app:lint:   ! react(refs): Cannot access refs during render
@bb/app:lint:      ,-[src/components/plugin/plugin-slot-mounts.test.tsx:235:9]
@bb/app:lint:  234 |         initialMethods.current.updateText === composer.updateText &&
@bb/app:lint:  235 |         initialMethods.current.clear === composer.clear &&
@bb/app:lint:      :         ^^^^^^^^^^^^^^|^^^^^^^^^^^^^
@bb/app:lint:      :                       `-- Cannot access ref value during render
@bb/app:lint:  236 |         initialMethods.current.setTextEffect === composer.setTextEffect;
@bb/app:lint:      `----
@bb/app:lint:   help: React refs are values that are not needed for rendering. Refs should only be accessed outside of render, such as in event handlers or effects. Accessing a ref value (the `current` property) during render can cause your component not to update as expected
@bb/app:lint:   note: React Compiler skipped optimizing this component or hook. Additional guidance: https://react.dev/reference/eslint-plugin-react-hooks/lints/refs
@bb/app:lint:
@bb/app:lint:   ! react(refs): Cannot access refs during render
@bb/app:lint:      ,-[src/components/plugin/plugin-slot-mounts.test.tsx:236:9]
@bb/app:lint:  235 |         initialMethods.current.clear === composer.clear &&
@bb/app:lint:  236 |         initialMethods.current.setTextEffect === composer.setTextEffect;
@bb/app:lint:      :         ^^^^^^^^^^^^^^^^^^|^^^^^^^^^^^^^^^^^
@bb/app:lint:      :                           `-- Cannot access ref value during render
@bb/app:lint:  237 |       return (
@bb/app:lint:      `----
@bb/app:lint:   help: React refs are values that are not needed for rendering. Refs should only be accessed outside of render, such as in event handlers or effects. Accessing a ref value (the `current` property) during render can cause your component not to update as expected
@bb/app:lint:   note: React Compiler skipped optimizing this component or hook. Additional guidance: https://react.dev/reference/eslint-plugin-react-hooks/lints/refs
@bb/app:lint:
@bb/app:lint:   ! react(refs): Cannot access refs during render
@bb/app:lint:      ,-[src/components/plugin/plugin-slot-mounts.test.tsx:501:15]
@bb/app:lint:  500 |       const draftRef = useRef(draft);
@bb/app:lint:  501 |       draftRef.current = draft;
@bb/app:lint:      :       ^^^^|^^^^^^^|^^^
@bb/app:lint:      :           |       `-- Cannot update ref value during render
@bb/app:lint:      :           `-- This value is a ref
@bb/app:lint:  502 |       const subscribeDraft = useComposerHostDraftNotifier(draft);
@bb/app:lint:      `----
@bb/app:lint:   help: React refs are values that are not needed for rendering. Refs should only be accessed outside of render, such as in event handlers or effects. Accessing a ref value (the `current` property) during render can cause your component not to update as expected
@bb/app:lint:   note: React Compiler skipped optimizing this component or hook. Additional guidance: https://react.dev/reference/eslint-plugin-react-hooks/lints/refs
@bb/app:lint:
@bb/app:lint:   ! react(refs): Cannot access refs during render
@bb/app:lint:      ,-[src/components/plugin/plugin-slot-mounts.test.tsx:673:15]
@bb/app:lint:  672 |       const draftRef = useRef(draft);
@bb/app:lint:  673 |       draftRef.current = draft;
@bb/app:lint:      :       ^^^^|^^^^^^^|^^^
@bb/app:lint:      :           |       `-- Cannot update ref value during render
@bb/app:lint:      :           `-- This value is a ref
@bb/app:lint:  674 |       const subscribeDraft = useComposerHostDraftNotifier(draft);
@bb/app:lint:      `----
@bb/app:lint:   help: React refs are values that are not needed for rendering. Refs should only be accessed outside of render, such as in event handlers or effects. Accessing a ref value (the `current` property) during render can cause your component not to update as expected
@bb/app:lint:   note: React Compiler skipped optimizing this component or hook. Additional guidance: https://react.dev/reference/eslint-plugin-react-hooks/lints/refs
@bb/app:lint:
@bb/app:lint:   ! react(refs): Cannot access refs during render
@bb/app:lint:      ,-[src/components/plugin/plugin-slot-mounts.test.tsx:806:15]
@bb/app:lint:  805 |       const draftRef = useRef(draft);
@bb/app:lint:  806 |       draftRef.current = draft;
@bb/app:lint:      :       ^^^^|^^^^^^^|^^^
@bb/app:lint:      :           |       `-- Cannot update ref value during render
@bb/app:lint:      :           `-- This value is a ref
@bb/app:lint:  807 |       const subscribeDraft = useComposerHostDraftNotifier(draft);
@bb/app:lint:      `----
@bb/app:lint:   help: React refs are values that are not needed for rendering. Refs should only be accessed outside of render, such as in event handlers or effects. Accessing a ref value (the `current` property) during render can cause your component not to update as expected
@bb/app:lint:   note: React Compiler skipped optimizing this component or hook. Additional guidance: https://react.dev/reference/eslint-plugin-react-hooks/lints/refs
@bb/app:lint:
@bb/app:lint:   ! react(set-state-in-effect): Calling setState synchronously within an effect can trigger cascading renders
@bb/app:lint:      ,-[src/components/settings/ProjectsSettingsSection.tsx:274:5]
@bb/app:lint:  272 |   const serverProjects = sidebarNavigationQuery.data?.projects;
@bb/app:lint:  273 |   useEffect(() => {
@bb/app:lint:      :   ^^^^|^^^^
@bb/app:lint:      :       `-- This is the containing effect
@bb/app:lint:  274 |     setOptimisticOrder(null);
@bb/app:lint:      :     ^^^^^^^^^|^^^^^^^^
@bb/app:lint:      :              `-- Avoid calling setState() directly within an effect
@bb/app:lint:  275 |   }, [serverProjects]);
@bb/app:lint:      `----
@bb/app:lint:   help: Effects should synchronize React with external systems. Calling setState synchronously inside an effect starts another render and is usually unnecessary. Derive the value during render, initialize state directly, or update it from the event that caused the change. Use an effect only when synchronizing with an external system.
@bb/app:lint:   note: React Compiler skipped optimizing this component or hook. Additional guidance: https://react.dev/reference/eslint-plugin-react-hooks/lints/set-state-in-effect
@bb/app:lint:
@bb/app:lint:   ! react(set-state-in-effect): Calling setState synchronously within an effect can trigger cascading renders
@bb/app:lint:      ,-[src/components/thread/timeline/ExpandableTimelineRow.tsx:104:7]
@bb/app:lint:  101 |   const [collapsedPreviewActive, setCollapsedPreviewActive] = useState(false);
@bb/app:lint:  102 |   useEffect(() => {
@bb/app:lint:      :   ^^^^|^^^^
@bb/app:lint:      :       `-- This is the containing effect
@bb/app:lint:  103 |     if (terminalAutoExpanded) {
@bb/app:lint:  104 |       setTerminalAutoExpandedLatch(true);
@bb/app:lint:      :       ^^^^^^^^^^^^^^|^^^^^^^^^^^^^
@bb/app:lint:      :                     `-- Avoid calling setState() directly within an effect
@bb/app:lint:  105 |     }
@bb/app:lint:      `----
@bb/app:lint:   help: Effects should synchronize React with external systems. Calling setState synchronously inside an effect starts another render and is usually unnecessary. Derive the value during render, initialize state directly, or update it from the event that caused the change. Use an effect only when synchronizing with an external system.
@bb/app:lint:   note: React Compiler skipped optimizing this component or hook. Additional guidance: https://react.dev/reference/eslint-plugin-react-hooks/lints/set-state-in-effect
@bb/app:lint:
@bb/app:lint:   ! react(set-state-in-effect): Calling setState synchronously within an effect can trigger cascading renders
@bb/app:lint:      ,-[src/components/thread/timeline/ExpandableTimelineRow.tsx:114:7]
@bb/app:lint:  111 |         (autoExpanded || terminalAutoExpanded || terminalAutoExpandedLatch)));
@bb/app:lint:  112 |   useEffect(() => {
@bb/app:lint:      :   ^^^^|^^^^
@bb/app:lint:      :       `-- This is the containing effect
@bb/app:lint:  113 |     if (isExpanded) {
@bb/app:lint:  114 |       setCollapsedPreviewActive(false);
@bb/app:lint:      :       ^^^^^^^^^^^^|^^^^^^^^^^^^
@bb/app:lint:      :                   `-- Avoid calling setState() directly within an effect
@bb/app:lint:  115 |     }
@bb/app:lint:      `----
@bb/app:lint:   help: Effects should synchronize React with external systems. Calling setState synchronously inside an effect starts another render and is usually unnecessary. Derive the value during render, initialize state directly, or update it from the event that caused the change. Use an effect only when synchronizing with an external system.
@bb/app:lint:   note: React Compiler skipped optimizing this component or hook. Additional guidance: https://react.dev/reference/eslint-plugin-react-hooks/lints/set-state-in-effect
@bb/app:lint:
@bb/app:lint:   ! react(refs): Cannot access refs during render
@bb/app:lint:     ,-[src/components/thread/embedded-chat/useQueuedMessageActions.ts:77:20]
@bb/app:lint:  76 |   const queuedMessagesRef = useRef<readonly ThreadQueuedMessage[]>([]);
@bb/app:lint:  77 |   queuedMessagesRef.current = queuedMessages;
@bb/app:lint:     :   ^^^^^^^^|^^^^^^^^^^^^|^^^
@bb/app:lint:     :           |            `-- Cannot update ref value during render
@bb/app:lint:     :           `-- This value is a ref
@bb/app:lint:  78 |
@bb/app:lint:     `----
@bb/app:lint:   help: React refs are values that are not needed for rendering. Refs should only be accessed outside of render, such as in event handlers or effects. Accessing a ref value (the `current` property) during render can cause your component not to update as expected
@bb/app:lint:   note: React Compiler skipped optimizing this component or hook. Additional guidance: https://react.dev/reference/eslint-plugin-react-hooks/lints/refs
@bb/app:lint:
@bb/app:lint:   ! react(set-state-in-effect): Calling setState synchronously within an effect can trigger cascading renders
@bb/app:lint:      ,-[src/components/tools/SkillsCollection.tsx:406:7]
@bb/app:lint:  403 |   }, [providerCounts, providerRoster, providerFilters]);
@bb/app:lint:  404 |   useEffect(() => {
@bb/app:lint:      :   ^^^^|^^^^
@bb/app:lint:      :       `-- This is the containing effect
@bb/app:lint:  405 |     if (sortMode === "provider" && providerBucketCount <= 1) {
@bb/app:lint:  406 |       setSortMode("alpha");
@bb/app:lint:      :       ^^^^^|^^^^^
@bb/app:lint:      :            `-- Avoid calling setState() directly within an effect
@bb/app:lint:  407 |       setSortDirection("asc");
@bb/app:lint:      `----
@bb/app:lint:   help: Effects should synchronize React with external systems. Calling setState synchronously inside an effect starts another render and is usually unnecessary. Derive the value during render, initialize state directly, or update it from the event that caused the change. Use an effect only when synchronizing with an external system.
@bb/app:lint:   note: React Compiler skipped optimizing this component or hook. Additional guidance: https://react.dev/reference/eslint-plugin-react-hooks/lints/set-state-in-effect
@bb/app:lint:
@bb/app:lint:   ! react(set-state-in-effect): Calling setState synchronously within an effect can trigger cascading renders
@bb/app:lint:      ,-[src/components/tools/SkillsCollection.tsx:642:5]
@bb/app:lint:  640 |
@bb/app:lint:  641 |   useEffect(() => {
@bb/app:lint:      :   ^^^^|^^^^
@bb/app:lint:      :       `-- This is the containing effect
@bb/app:lint:  642 |     setConfirmingDelete(false);
@bb/app:lint:      :     ^^^^^^^^^|^^^^^^^^^
@bb/app:lint:      :              `-- Avoid calling setState() directly within an effect
@bb/app:lint:  643 |   }, [skill?.id]);
@bb/app:lint:      `----
@bb/app:lint:   help: Effects should synchronize React with external systems. Calling setState synchronously inside an effect starts another render and is usually unnecessary. Derive the value during render, initialize state directly, or update it from the event that caused the change. Use an effect only when synchronizing with an external system.
@bb/app:lint:   note: React Compiler skipped optimizing this component or hook. Additional guidance: https://react.dev/reference/eslint-plugin-react-hooks/lints/set-state-in-effect
@bb/app:lint:
@bb/app:lint:   ! react(set-state-in-effect): Calling setState synchronously within an effect can trigger cascading renders
@bb/app:lint:      ,-[src/components/tools/SkillsBrowse.tsx:257:19]
@bb/app:lint:  256 |   const [selectedPath, setSelectedPath] = useState("SKILL.md");
@bb/app:lint:  257 |   useEffect(() => setSelectedPath("SKILL.md"), [skill.id]);
@bb/app:lint:      :   ^^^^|^^^^       ^^^^^^^|^^^^^^^
@bb/app:lint:      :       |                  `-- Avoid calling setState() directly within an effect
@bb/app:lint:      :       `-- This is the containing effect
@bb/app:lint:  258 |   const { canOpenPreferredFileTarget, openPathInPreferredFileTarget } =
@bb/app:lint:      `----
@bb/app:lint:   help: Effects should synchronize React with external systems. Calling setState synchronously inside an effect starts another render and is usually unnecessary. Derive the value during render, initialize state directly, or update it from the event that caused the change. Use an effect only when synchronizing with an external system.
@bb/app:lint:   note: React Compiler skipped optimizing this component or hook. Additional guidance: https://react.dev/reference/eslint-plugin-react-hooks/lints/set-state-in-effect
@bb/app:lint:
@bb/app:lint:   ! react(set-state-in-effect): Calling setState synchronously within an effect can trigger cascading renders
@bb/app:lint:      ,-[src/components/thread/embedded-chat/useInlineQueuedMessageEditing.ts:107:7]
@bb/app:lint:  101 |   );
@bb/app:lint:  102 |   useEffect(() => {
@bb/app:lint:      :   ^^^^|^^^^
@bb/app:lint:      :       `-- This is the containing effect
@bb/app:lint:  103 |     if (
@bb/app:lint:  104 |       inlineEditingQueuedMessageState !== null &&
@bb/app:lint:  105 |       inlineEditingQueuedMessage === null
@bb/app:lint:  106 |     ) {
@bb/app:lint:  107 |       dismissInlineQueuedMessageEditor();
@bb/app:lint:      :       ^^^^^^^^^^^^^^^^|^^^^^^^^^^^^^^^
@bb/app:lint:      :                       `-- Avoid calling setState() directly within an effect
@bb/app:lint:  108 |     }
@bb/app:lint:      `----
@bb/app:lint:   help: Effects should synchronize React with external systems. Calling setState synchronously inside an effect starts another render and is usually unnecessary. Derive the value during render, initialize state directly, or update it from the event that caused the change. Use an effect only when synchronizing with an external system.
@bb/app:lint:   note: React Compiler skipped optimizing this component or hook. Additional guidance: https://react.dev/reference/eslint-plugin-react-hooks/lints/set-state-in-effect
@bb/app:lint:
@bb/app:lint:   ! react(refs): Cannot access refs during render
@bb/app:lint:     ,-[src/components/thread/embedded-chat/useInlineQueuedMessageEditing.ts:57:24]
@bb/app:lint:  56 |   >(new Map());
@bb/app:lint:  57 |   queuedMessagesByIdRef.current = useMemo(() => {
@bb/app:lint:     :   ^^^^^^^^^^|^^^^^^^^^^^^^^|^^^
@bb/app:lint:     :             |              `-- Cannot update ref value during render
@bb/app:lint:     :             `-- This value is a ref
@bb/app:lint:  58 |     const next = new Map<string, ThreadQueuedMessage>();
@bb/app:lint:     `----
@bb/app:lint:   help: React refs are values that are not needed for rendering. Refs should only be accessed outside of render, such as in event handlers or effects. Accessing a ref value (the `current` property) during render can cause your component not to update as expected
@bb/app:lint:   note: React Compiler skipped optimizing this component or hook. Additional guidance: https://react.dev/reference/eslint-plugin-react-hooks/lints/refs
@bb/app:lint:
@bb/app:lint:   ! react(refs): Cannot access refs during render
@bb/app:lint:     ,-[src/components/thread/embedded-chat/useComposerAttachmentUploads.ts:71:12]
@bb/app:lint:  70 |   const targetRef = useRef(target);
@bb/app:lint:  71 |   targetRef.current = target;
@bb/app:lint:     :   ^^^^|^^^^^^^^|^^^
@bb/app:lint:     :       |        `-- Cannot update ref value during render
@bb/app:lint:     :       `-- This value is a ref
@bb/app:lint:  72 |   const [operation, setOperation] = useState<DraftAttachmentOperationState>({
@bb/app:lint:     `----
@bb/app:lint:   help: React refs are values that are not needed for rendering. Refs should only be accessed outside of render, such as in event handlers or effects. Accessing a ref value (the `current` property) during render can cause your component not to update as expected
@bb/app:lint:   note: React Compiler skipped optimizing this component or hook. Additional guidance: https://react.dev/reference/eslint-plugin-react-hooks/lints/refs
@bb/app:lint:
@bb/app:lint:   ! react(refs): Cannot access refs during render
@bb/app:lint:      ,-[src/components/thread/timeline/ThreadTimelineRows.tsx:460:18]
@bb/app:lint:  459 |   const key = timelineRowTitleRenderStateKey(args);
@bb/app:lint:  460 |   const cached = cacheRef.current;
@bb/app:lint:      :                  ^^^^^^^^|^^^^^^^
@bb/app:lint:      :                          `-- Cannot access ref value during render
@bb/app:lint:  461 |   if (cached?.key === key) {
@bb/app:lint:      `----
@bb/app:lint:   help: React refs are values that are not needed for rendering. Refs should only be accessed outside of render, such as in event handlers or effects. Accessing a ref value (the `current` property) during render can cause your component not to update as expected
@bb/app:lint:   note: React Compiler skipped optimizing this component or hook. Additional guidance: https://react.dev/reference/eslint-plugin-react-hooks/lints/refs
@bb/app:lint:
@bb/app:lint:   ! react(refs): Cannot access refs during render
@bb/app:lint:      ,-[src/components/thread/timeline/ThreadTimelineRows.tsx:461:7]
@bb/app:lint:  460 |   const cached = cacheRef.current;
@bb/app:lint:  461 |   if (cached?.key === key) {
@bb/app:lint:      :       ^^^^^|^^^^^
@bb/app:lint:      :            `-- Cannot access ref value during render
@bb/app:lint:  462 |     return cached.state;
@bb/app:lint:      `----
@bb/app:lint:   help: React refs are values that are not needed for rendering. Refs should only be accessed outside of render, such as in event handlers or effects. Accessing a ref value (the `current` property) during render can cause your component not to update as expected
@bb/app:lint:   note: React Compiler skipped optimizing this component or hook. Additional guidance: https://react.dev/reference/eslint-plugin-react-hooks/lints/refs
@bb/app:lint:
@bb/app:lint:   ! react(refs): Cannot access refs during render
@bb/app:lint:      ,-[src/components/thread/timeline/ThreadTimelineRows.tsx:462:12]
@bb/app:lint:  461 |   if (cached?.key === key) {
@bb/app:lint:  462 |     return cached.state;
@bb/app:lint:      :            ^^^^^^|^^^^^
@bb/app:lint:      :                  `-- Cannot access ref value during render
@bb/app:lint:  463 |   }
@bb/app:lint:      `----
@bb/app:lint:   help: React refs are values that are not needed for rendering. Refs should only be accessed outside of render, such as in event handlers or effects. Accessing a ref value (the `current` property) during render can cause your component not to update as expected
@bb/app:lint:   note: React Compiler skipped optimizing this component or hook. Additional guidance: https://react.dev/reference/eslint-plugin-react-hooks/lints/refs
@bb/app:lint:
@bb/app:lint:   ! react(refs): Cannot access refs during render
@bb/app:lint:      ,-[src/components/thread/timeline/ThreadTimelineRows.tsx:466:11]
@bb/app:lint:  465 |   const state = buildTimelineRowTitleRenderState(args);
@bb/app:lint:  466 |   cacheRef.current = {
@bb/app:lint:      :   ^^^^|^^^^^^^|^^^
@bb/app:lint:      :       |       `-- Cannot update ref value during render
@bb/app:lint:      :       `-- This value is a ref
@bb/app:lint:  467 |     key,
@bb/app:lint:      `----
@bb/app:lint:   help: React refs are values that are not needed for rendering. Refs should only be accessed outside of render, such as in event handlers or effects. Accessing a ref value (the `current` property) during render can cause your component not to update as expected
@bb/app:lint:   note: React Compiler skipped optimizing this component or hook. Additional guidance: https://react.dev/reference/eslint-plugin-react-hooks/lints/refs
@bb/app:lint:
@bb/app:lint:   ! react(refs): Cannot access refs during render
@bb/app:lint:      ,-[src/components/thread/timeline/ThreadTimelineRows.tsx:524:29]
@bb/app:lint:  523 |   const valuesRef = useRef(values);
@bb/app:lint:  524 |   if (!areReadonlySetsEqual(valuesRef.current, values)) {
@bb/app:lint:      :                             ^^^^^^^^|^^^^^^^^
@bb/app:lint:      :                                     `-- Passing a ref to a function may read its value during render
@bb/app:lint:  525 |     valuesRef.current = values;
@bb/app:lint:      `----
@bb/app:lint:   help: React refs are values that are not needed for rendering. Refs should only be accessed outside of render, such as in event handlers or effects. Accessing a ref value (the `current` property) during render can cause your component not to update as expected
@bb/app:lint:   note: React Compiler skipped optimizing this component or hook. Additional guidance: https://react.dev/reference/eslint-plugin-react-hooks/lints/refs
@bb/app:lint:
@bb/app:lint:   ! react(refs): Cannot access refs during render
@bb/app:lint:      ,-[src/components/thread/timeline/ThreadTimelineRows.tsx:525:14]
@bb/app:lint:  524 |   if (!areReadonlySetsEqual(valuesRef.current, values)) {
@bb/app:lint:  525 |     valuesRef.current = values;
@bb/app:lint:      :     ^^^^|^^^^^^^^|^^^
@bb/app:lint:      :         |        `-- Cannot update ref value during render
@bb/app:lint:      :         `-- This value is a ref
@bb/app:lint:  526 |   }
@bb/app:lint:      `----
@bb/app:lint:   help: React refs are values that are not needed for rendering. Refs should only be accessed outside of render, such as in event handlers or effects. Accessing a ref value (the `current` property) during render can cause your component not to update as expected
@bb/app:lint:   note: React Compiler skipped optimizing this component or hook. Additional guidance: https://react.dev/reference/eslint-plugin-react-hooks/lints/refs
@bb/app:lint:
@bb/app:lint:   ! react(refs): Cannot access refs during render
@bb/app:lint:      ,-[src/components/thread/timeline/ThreadTimelineRows.tsx:527:10]
@bb/app:lint:  526 |   }
@bb/app:lint:  527 |   return valuesRef.current;
@bb/app:lint:      :          ^^^^^^^^|^^^^^^^^
@bb/app:lint:      :                  `-- Cannot access ref value during render
@bb/app:lint:  528 | }
@bb/app:lint:      `----
@bb/app:lint:   help: React refs are values that are not needed for rendering. Refs should only be accessed outside of render, such as in event handlers or effects. Accessing a ref value (the `current` property) during render can cause your component not to update as expected
@bb/app:lint:   note: React Compiler skipped optimizing this component or hook. Additional guidance: https://react.dev/reference/eslint-plugin-react-hooks/lints/refs
@bb/app:lint:
@bb/app:lint:   ! react(refs): Cannot access refs during render
@bb/app:lint:      ,-[src/components/thread/timeline/ThreadTimelineRows.tsx:896:14]
@bb/app:lint:  895 |       <div
@bb/app:lint:  896 |         ref={editor.onHostElementChange}
@bb/app:lint:      :              ^^^^^^^^^^^^^|^^^^^^^^^^^^
@bb/app:lint:      :                           `-- Cannot access ref value during render
@bb/app:lint:  897 |         data-sent-message-inline-editor-host=""
@bb/app:lint:      `----
@bb/app:lint:   help: React refs are values that are not needed for rendering. Refs should only be accessed outside of render, such as in event handlers or effects. Accessing a ref value (the `current` property) during render can cause your component not to update as expected
@bb/app:lint:   note: React Compiler skipped optimizing this component or hook. Additional guidance: https://react.dev/reference/eslint-plugin-react-hooks/lints/refs
@bb/app:lint:
@bb/app:lint:   ! react(refs): Cannot access refs during render
@bb/app:lint:       ,-[src/components/thread/timeline/ThreadTimelineRows.tsx:2033:7]
@bb/app:lint:  2032 |     for (const id of computedAutoExpansionRowIds.terminalFrontierRowIds) {
@bb/app:lint:  2033 |       accumulated.delete(id);
@bb/app:lint:       :       ^^^^^|^^^^^
@bb/app:lint:       :            `-- Passing a ref to a function may read its value during render
@bb/app:lint:  2034 |       accumulated.add(id);
@bb/app:lint:       `----
@bb/app:lint:   help: React refs are values that are not needed for rendering. Refs should only be accessed outside of render, such as in event handlers or effects. Accessing a ref value (the `current` property) during render can cause your component not to update as expected
@bb/app:lint:   note: React Compiler skipped optimizing this component or hook. Additional guidance: https://react.dev/reference/eslint-plugin-react-hooks/lints/refs
@bb/app:lint:
@bb/app:lint:   ! react(refs): Cannot access refs during render
@bb/app:lint:       ,-[src/components/thread/timeline/ThreadTimelineRows.tsx:2033:7]
@bb/app:lint:  2032 |     for (const id of computedAutoExpansionRowIds.terminalFrontierRowIds) {
@bb/app:lint:  2033 |       accumulated.delete(id);
@bb/app:lint:       :       ^^^^^^^^^|^^^^^^^^
@bb/app:lint:       :                `-- Passing a ref to a function may read its value during render
@bb/app:lint:  2034 |       accumulated.add(id);
@bb/app:lint:       `----
@bb/app:lint:   help: React refs are values that are not needed for rendering. Refs should only be accessed outside of render, such as in event handlers or effects. Accessing a ref value (the `current` property) during render can cause your component not to update as expected
@bb/app:lint:   note: React Compiler skipped optimizing this component or hook. Additional guidance: https://react.dev/reference/eslint-plugin-react-hooks/lints/refs
@bb/app:lint:
@bb/app:lint:   ! react(refs): Cannot access refs during render
@bb/app:lint:       ,-[src/components/thread/timeline/ThreadTimelineRows.tsx:2034:7]
@bb/app:lint:  2033 |       accumulated.delete(id);
@bb/app:lint:  2034 |       accumulated.add(id);
@bb/app:lint:       :       ^^^^^|^^^^^
@bb/app:lint:       :            `-- Passing a ref to a function may read its value during render
@bb/app:lint:  2035 |     }
@bb/app:lint:       `----
@bb/app:lint:   help: React refs are values that are not needed for rendering. Refs should only be accessed outside of render, such as in event handlers or effects. Accessing a ref value (the `current` property) during render can cause your component not to update as expected
@bb/app:lint:   note: React Compiler skipped optimizing this component or hook. Additional guidance: https://react.dev/reference/eslint-plugin-react-hooks/lints/refs
@bb/app:lint:
@bb/app:lint:   ! react(refs): Cannot access refs during render
@bb/app:lint:       ,-[src/components/thread/timeline/ThreadTimelineRows.tsx:2034:7]
@bb/app:lint:  2033 |       accumulated.delete(id);
@bb/app:lint:  2034 |       accumulated.add(id);
@bb/app:lint:       :       ^^^^^^^|^^^^^^^
@bb/app:lint:       :              `-- Passing a ref to a function may read its value during render
@bb/app:lint:  2035 |     }
@bb/app:lint:       `----
@bb/app:lint:   help: React refs are values that are not needed for rendering. Refs should only be accessed outside of render, such as in event handlers or effects. Accessing a ref value (the `current` property) during render can cause your component not to update as expected
@bb/app:lint:   note: React Compiler skipped optimizing this component or hook. Additional guidance: https://react.dev/reference/eslint-plugin-react-hooks/lints/refs
@bb/app:lint:
@bb/app:lint:   ! react(refs): Cannot access refs during render
@bb/app:lint:       ,-[src/components/thread/timeline/ThreadTimelineRows.tsx:2036:12]
@bb/app:lint:  2035 |     }
@bb/app:lint:  2036 |     while (accumulated.size > TIMELINE_TERMINAL_EXPANSION_RETENTION) {
@bb/app:lint:       :            ^^^^^^^^|^^^^^^^
@bb/app:lint:       :                    `-- Cannot access ref value during render
@bb/app:lint:  2037 |       const oldestId = accumulated.values().next().value;
@bb/app:lint:       `----
@bb/app:lint:   help: React refs are values that are not needed for rendering. Refs should only be accessed outside of render, such as in event handlers or effects. Accessing a ref value (the `current` property) during render can cause your component not to update as expected
@bb/app:lint:   note: React Compiler skipped optimizing this component or hook. Additional guidance: https://react.dev/reference/eslint-plugin-react-hooks/lints/refs
@bb/app:lint:
@bb/app:lint:   ! react(refs): Cannot access refs during render
@bb/app:lint:       ,-[src/components/thread/timeline/ThreadTimelineRows.tsx:2037:24]
@bb/app:lint:  2036 |     while (accumulated.size > TIMELINE_TERMINAL_EXPANSION_RETENTION) {
@bb/app:lint:  2037 |       const oldestId = accumulated.values().next().value;
@bb/app:lint:       :                        ^^^^^|^^^^^
@bb/app:lint:       :                             `-- Passing a ref to a function may read its value during render
@bb/app:lint:  2038 |       if (oldestId === undefined) {
@bb/app:lint:       `----
@bb/app:lint:   help: React refs are values that are not needed for rendering. Refs should only be accessed outside of render, such as in event handlers or effects. Accessing a ref value (the `current` property) during render can cause your component not to update as expected
@bb/app:lint:   note: React Compiler skipped optimizing this component or hook. Additional guidance: https://react.dev/reference/eslint-plugin-react-hooks/lints/refs
@bb/app:lint:
@bb/app:lint:   ! react(refs): Cannot access refs during render
@bb/app:lint:       ,-[src/components/thread/timeline/ThreadTimelineRows.tsx:2037:24]
@bb/app:lint:  2036 |     while (accumulated.size > TIMELINE_TERMINAL_EXPANSION_RETENTION) {
@bb/app:lint:  2037 |       const oldestId = accumulated.values().next().value;
@bb/app:lint:       :                        ^^^^^^^^^|^^^^^^^^
@bb/app:lint:       :                                 `-- Passing a ref to a function may read its value during render
@bb/app:lint:  2038 |       if (oldestId === undefined) {
@bb/app:lint:       `----
@bb/app:lint:   help: React refs are values that are not needed for rendering. Refs should only be accessed outside of render, such as in event handlers or effects. Accessing a ref value (the `current` property) during render can cause your component not to update as expected
@bb/app:lint:   note: React Compiler skipped optimizing this component or hook. Additional guidance: https://react.dev/reference/eslint-plugin-react-hooks/lints/refs
@bb/app:lint:
@bb/app:lint:   ! react(refs): Cannot access refs during render
@bb/app:lint:       ,-[src/components/thread/timeline/ThreadTimelineRows.tsx:2041:7]
@bb/app:lint:  2040 |       }
@bb/app:lint:  2041 |       accumulated.delete(oldestId);
@bb/app:lint:       :       ^^^^^|^^^^^
@bb/app:lint:       :            `-- Passing a ref to a function may read its value during render
@bb/app:lint:  2042 |     }
@bb/app:lint:       `----
@bb/app:lint:   help: React refs are values that are not needed for rendering. Refs should only be accessed outside of render, such as in event handlers or effects. Accessing a ref value (the `current` property) during render can cause your component not to update as expected
@bb/app:lint:   note: React Compiler skipped optimizing this component or hook. Additional guidance: https://react.dev/reference/eslint-plugin-react-hooks/lints/refs
@bb/app:lint:
@bb/app:lint:   ! react(refs): Cannot access refs during render
@bb/app:lint:       ,-[src/components/thread/timeline/ThreadTimelineRows.tsx:2041:7]
@bb/app:lint:  2040 |       }
@bb/app:lint:  2041 |       accumulated.delete(oldestId);
@bb/app:lint:       :       ^^^^^^^^^|^^^^^^^^
@bb/app:lint:       :                `-- Passing a ref to a function may read its value during render
@bb/app:lint:  2042 |     }
@bb/app:lint:       `----
@bb/app:lint:   help: React refs are values that are not needed for rendering. Refs should only be accessed outside of render, such as in event handlers or effects. Accessing a ref value (the `current` property) during render can cause your component not to update as expected
@bb/app:lint:   note: React Compiler skipped optimizing this component or hook. Additional guidance: https://react.dev/reference/eslint-plugin-react-hooks/lints/refs
@bb/app:lint:
@bb/app:lint:   ! react(refs): Cannot access refs during render
@bb/app:lint:       ,-[src/components/thread/timeline/ThreadTimelineRows.tsx:2043:20]
@bb/app:lint:  2042 |     }
@bb/app:lint:  2043 |     return new Set(accumulated);
@bb/app:lint:       :                    ^^^^^|^^^^^
@bb/app:lint:       :                         `-- Cannot access ref value during render
@bb/app:lint:  2044 |   }, [computedAutoExpansionRowIds.terminalFrontierRowIds]);
@bb/app:lint:       `----
@bb/app:lint:   help: React refs are values that are not needed for rendering. Refs should only be accessed outside of render, such as in event handlers or effects. Accessing a ref value (the `current` property) during render can cause your component not to update as expected
@bb/app:lint:   note: React Compiler skipped optimizing this component or hook. Additional guidance: https://react.dev/reference/eslint-plugin-react-hooks/lints/refs
@bb/app:lint:
@bb/app:lint:   ! react(refs): Cannot access refs during render
@bb/app:lint:      ,-[src/components/thread/ThreadTitleMentions.tsx:219:18]
@bb/app:lint:  218 |
@bb/app:lint:  219 |   flushPendingRef.current = () => {
@bb/app:lint:      :   ^^^^^^^|^^^^^^^^^^^|^^^
@bb/app:lint:      :          |           `-- Cannot update ref value during render
@bb/app:lint:      :          `-- This value is a ref
@bb/app:lint:  220 |     const threadIds = [...pendingIdsRef.current].slice(
@bb/app:lint:      `----
@bb/app:lint:   help: React refs are values that are not needed for rendering. Refs should only be accessed outside of render, such as in event handlers or effects. Accessing a ref value (the `current` property) during render can cause your component not to update as expected
@bb/app:lint:   note: React Compiler skipped optimizing this component or hook. Additional guidance: https://react.dev/reference/eslint-plugin-react-hooks/lints/refs
@bb/app:lint:
@bb/app:lint:   ! react(refs): Cannot access refs during render
@bb/app:lint:      ,-[src/components/thread/embedded-chat/EmbeddedThreadChat.tsx:415:32]
@bb/app:lint:  414 |   });
@bb/app:lint:  415 |   clearInlineAttachmentErrorRef.current = () => setInlineAttachmentError(null);
@bb/app:lint:      :   ^^^^^^^^^^^^^^|^^^^^^^^^^^^^^^^^^|^^^
@bb/app:lint:      :                 |                  `-- Cannot update ref value during render
@bb/app:lint:      :                 `-- This value is a ref
@bb/app:lint:  416 |   const { typeaheadConfig, promptActions } = useComposerTypeahead({
@bb/app:lint:      `----
@bb/app:lint:   help: React refs are values that are not needed for rendering. Refs should only be accessed outside of render, such as in event handlers or effects. Accessing a ref value (the `current` property) during render can cause your component not to update as expected
@bb/app:lint:   note: React Compiler skipped optimizing this component or hook. Additional guidance: https://react.dev/reference/eslint-plugin-react-hooks/lints/refs
@bb/app:lint:
@bb/app:lint:   ! react(refs): Cannot access refs during render
@bb/app:lint:      ,-[src/components/thread/embedded-chat/EmbeddedThreadChat.tsx:751:26]
@bb/app:lint:  750 |     const identity = queuedComposerHostIdentity;
@bb/app:lint:  751 |     const initialDraft = inlineEditingQueuedMessageRef.current?.draft ?? {
@bb/app:lint:      :                          ^^^^^^^^^^^^^^^^^^|^^^^^^^^^^^^^^^^^^
@bb/app:lint:      :                                            `-- Cannot access ref value during render
@bb/app:lint:  752 |       attachments: [],
@bb/app:lint:      `----
@bb/app:lint:   help: React refs are values that are not needed for rendering. Refs should only be accessed outside of render, such as in event handlers or effects. Accessing a ref value (the `current` property) during render can cause your component not to update as expected
@bb/app:lint:   note: React Compiler skipped optimizing this component or hook. Additional guidance: https://react.dev/reference/eslint-plugin-react-hooks/lints/refs
@bb/app:lint:
@bb/app:lint:   ! react(refs): Cannot access refs during render
@bb/app:lint:      ,-[src/components/thread/embedded-chat/EmbeddedThreadChat.tsx:751:26]
@bb/app:lint:  750 |     const identity = queuedComposerHostIdentity;
@bb/app:lint:  751 |     const initialDraft = inlineEditingQueuedMessageRef.current?.draft ?? {
@bb/app:lint:      :                          ^^^^^^^^^^^^^^^^^^^^^^|^^^^^^^^^^^^^^^^^^^^^
@bb/app:lint:      :                                                `-- Cannot access ref value during render
@bb/app:lint:  752 |       attachments: [],
@bb/app:lint:      `----
@bb/app:lint:   help: React refs are values that are not needed for rendering. Refs should only be accessed outside of render, such as in event handlers or effects. Accessing a ref value (the `current` property) during render can cause your component not to update as expected
@bb/app:lint:   note: React Compiler skipped optimizing this component or hook. Additional guidance: https://react.dev/reference/eslint-plugin-react-hooks/lints/refs
@bb/app:lint:
@bb/app:lint:   ! react(refs): Cannot access refs during render
@bb/app:lint:      ,-[src/components/thread/embedded-chat/EmbeddedThreadChat.tsx:805:5]
@bb/app:lint:  804 |   const bottomComposerTextEffects = useComposerTextEffects(
@bb/app:lint:  805 |     activeBottomPluginComposerHost?.textEffectKey ?? null,
@bb/app:lint:      :     ^^^^^^^^^^^^^^^|^^^^^^^^^^^^^^
@bb/app:lint:      :                    `-- Cannot access ref value during render
@bb/app:lint:  806 |   );
@bb/app:lint:      `----
@bb/app:lint:   help: React refs are values that are not needed for rendering. Refs should only be accessed outside of render, such as in event handlers or effects. Accessing a ref value (the `current` property) during render can cause your component not to update as expected
@bb/app:lint:   note: React Compiler skipped optimizing this component or hook. Additional guidance: https://react.dev/reference/eslint-plugin-react-hooks/lints/refs
@bb/app:lint:
@bb/app:lint:   ! react(refs): Cannot access refs during render
@bb/app:lint:      ,-[src/components/thread/embedded-chat/EmbeddedThreadChat.tsx:805:5]
@bb/app:lint:  804 |   const bottomComposerTextEffects = useComposerTextEffects(
@bb/app:lint:  805 |     activeBottomPluginComposerHost?.textEffectKey ?? null,
@bb/app:lint:      :     ^^^^^^^^^^^^^^^^^^^^^^|^^^^^^^^^^^^^^^^^^^^^^
@bb/app:lint:      :                           `-- Cannot access ref value during render
@bb/app:lint:  806 |   );
@bb/app:lint:      `----
@bb/app:lint:   help: React refs are values that are not needed for rendering. Refs should only be accessed outside of render, such as in event handlers or effects. Accessing a ref value (the `current` property) during render can cause your component not to update as expected
@bb/app:lint:   note: React Compiler skipped optimizing this component or hook. Additional guidance: https://react.dev/reference/eslint-plugin-react-hooks/lints/refs
@bb/app:lint:
@bb/app:lint:   ! react(refs): Cannot access refs during render
@bb/app:lint:      ,-[src/components/thread/embedded-chat/EmbeddedThreadChat.tsx:808:5]
@bb/app:lint:  807 |   const queuedComposerTextEffects = useComposerTextEffects(
@bb/app:lint:  808 |     activeQueuedPluginComposerHost?.textEffectKey ?? null,
@bb/app:lint:      :     ^^^^^^^^^^^^^^^|^^^^^^^^^^^^^^
@bb/app:lint:      :                    `-- Cannot access ref value during render
@bb/app:lint:  809 |   );
@bb/app:lint:      `----
@bb/app:lint:   help: React refs are values that are not needed for rendering. Refs should only be accessed outside of render, such as in event handlers or effects. Accessing a ref value (the `current` property) during render can cause your component not to update as expected
@bb/app:lint:   note: React Compiler skipped optimizing this component or hook. Additional guidance: https://react.dev/reference/eslint-plugin-react-hooks/lints/refs
@bb/app:lint:
@bb/app:lint:   ! react(refs): Cannot access refs during render
@bb/app:lint:      ,-[src/components/thread/embedded-chat/EmbeddedThreadChat.tsx:808:5]
@bb/app:lint:  807 |   const queuedComposerTextEffects = useComposerTextEffects(
@bb/app:lint:  808 |     activeQueuedPluginComposerHost?.textEffectKey ?? null,
@bb/app:lint:      :     ^^^^^^^^^^^^^^^^^^^^^^|^^^^^^^^^^^^^^^^^^^^^^
@bb/app:lint:      :                           `-- Cannot access ref value during render
@bb/app:lint:  809 |   );
@bb/app:lint:      `----
@bb/app:lint:   help: React refs are values that are not needed for rendering. Refs should only be accessed outside of render, such as in event handlers or effects. Accessing a ref value (the `current` property) during render can cause your component not to update as expected
@bb/app:lint:   note: React Compiler skipped optimizing this component or hook. Additional guidance: https://react.dev/reference/eslint-plugin-react-hooks/lints/refs
@bb/app:lint:
@bb/app:lint:   ! react(refs): Cannot access refs during render
@bb/app:lint:       ,-[src/components/thread/embedded-chat/EmbeddedThreadChat.tsx:1067:32]
@bb/app:lint:  1066 |           pluginComposerHost={activeQueuedPluginComposerHost}
@bb/app:lint:  1067 |           pluginComposerScope={activeQueuedPluginComposerHost?.scope ?? null}
@bb/app:lint:       :                                ^^^^^^^^^^^^^^^|^^^^^^^^^^^^^^
@bb/app:lint:       :                                               `-- Cannot access ref value during render
@bb/app:lint:  1068 |           textEffects={queuedComposerTextEffects}
@bb/app:lint:       `----
@bb/app:lint:   help: React refs are values that are not needed for rendering. Refs should only be accessed outside of render, such as in event handlers or effects. Accessing a ref value (the `current` property) during render can cause your component not to update as expected
@bb/app:lint:   note: React Compiler skipped optimizing this component or hook. Additional guidance: https://react.dev/reference/eslint-plugin-react-hooks/lints/refs
@bb/app:lint:
@bb/app:lint:   ! react(refs): Cannot access refs during render
@bb/app:lint:       ,-[src/components/thread/embedded-chat/EmbeddedThreadChat.tsx:1067:32]
@bb/app:lint:  1066 |           pluginComposerHost={activeQueuedPluginComposerHost}
@bb/app:lint:  1067 |           pluginComposerScope={activeQueuedPluginComposerHost?.scope ?? null}
@bb/app:lint:       :                                ^^^^^^^^^^^^^^^^^^|^^^^^^^^^^^^^^^^^^
@bb/app:lint:       :                                                  `-- Cannot access ref value during render
@bb/app:lint:  1068 |           textEffects={queuedComposerTextEffects}
@bb/app:lint:       `----
@bb/app:lint:   help: React refs are values that are not needed for rendering. Refs should only be accessed outside of render, such as in event handlers or effects. Accessing a ref value (the `current` property) during render can cause your component not to update as expected
@bb/app:lint:   note: React Compiler skipped optimizing this component or hook. Additional guidance: https://react.dev/reference/eslint-plugin-react-hooks/lints/refs
@bb/app:lint:
@bb/app:lint:   ! react(refs): Cannot access refs during render
@bb/app:lint:       ,-[src/components/thread/embedded-chat/EmbeddedThreadChat.tsx:1163:32]
@bb/app:lint:  1162 |           pluginComposerHost={activeBottomPluginComposerHost}
@bb/app:lint:  1163 |           pluginComposerScope={activeBottomPluginComposerHost?.scope ?? null}
@bb/app:lint:       :                                ^^^^^^^^^^^^^^^|^^^^^^^^^^^^^^
@bb/app:lint:       :                                               `-- Cannot access ref value during render
@bb/app:lint:  1164 |           textEffects={bottomComposerTextEffects}
@bb/app:lint:       `----
@bb/app:lint:   help: React refs are values that are not needed for rendering. Refs should only be accessed outside of render, such as in event handlers or effects. Accessing a ref value (the `current` property) during render can cause your component not to update as expected
@bb/app:lint:   note: React Compiler skipped optimizing this component or hook. Additional guidance: https://react.dev/reference/eslint-plugin-react-hooks/lints/refs
@bb/app:lint:
@bb/app:lint:   ! react(refs): Cannot access refs during render
@bb/app:lint:       ,-[src/components/thread/embedded-chat/EmbeddedThreadChat.tsx:1163:32]
@bb/app:lint:  1162 |           pluginComposerHost={activeBottomPluginComposerHost}
@bb/app:lint:  1163 |           pluginComposerScope={activeBottomPluginComposerHost?.scope ?? null}
@bb/app:lint:       :                                ^^^^^^^^^^^^^^^^^^|^^^^^^^^^^^^^^^^^^
@bb/app:lint:       :                                                  `-- Cannot access ref value during render
@bb/app:lint:  1164 |           textEffects={bottomComposerTextEffects}
@bb/app:lint:       `----
@bb/app:lint:   help: React refs are values that are not needed for rendering. Refs should only be accessed outside of render, such as in event handlers or effects. Accessing a ref value (the `current` property) during render can cause your component not to update as expected
@bb/app:lint:   note: React Compiler skipped optimizing this component or hook. Additional guidance: https://react.dev/reference/eslint-plugin-react-hooks/lints/refs
@bb/app:lint:
@bb/app:lint:   ! react(set-state-in-effect): Calling setState synchronously within an effect can trigger cascading renders
@bb/app:lint:     ,-[src/components/tools/SkillsLibrary.tsx:87:5]
@bb/app:lint:  85 |   const [selectedPath, setSelectedPath] = useState("SKILL.md");
@bb/app:lint:  86 |   useEffect(() => {
@bb/app:lint:     :   ^^^^|^^^^
@bb/app:lint:     :       `-- This is the containing effect
@bb/app:lint:  87 |     setSelectedPath("SKILL.md");
@bb/app:lint:     :     ^^^^^^^|^^^^^^^
@bb/app:lint:     :            `-- Avoid calling setState() directly within an effect
@bb/app:lint:  88 |   }, [skill?.id]);
@bb/app:lint:     `----
@bb/app:lint:   help: Effects should synchronize React with external systems. Calling setState synchronously inside an effect starts another render and is usually unnecessary. Derive the value during render, initialize state directly, or update it from the event that caused the change. Use an effect only when synchronizing with an external system.
@bb/app:lint:   note: React Compiler skipped optimizing this component or hook. Additional guidance: https://react.dev/reference/eslint-plugin-react-hooks/lints/set-state-in-effect
@bb/app:lint:
@bb/app:lint:   ! react(set-state-in-effect): Calling setState synchronously within an effect can trigger cascading renders
@bb/app:lint:      ,-[src/components/tools/SkillsLibrary.tsx:210:5]
@bb/app:lint:  206 |   });
@bb/app:lint:  207 |   useEffect(() => {
@bb/app:lint:      :   ^^^^|^^^^
@bb/app:lint:      :       `-- This is the containing effect
@bb/app:lint:  208 |     const data = registryQuery.data;
@bb/app:lint:  209 |     if (data === undefined) return;
@bb/app:lint:  210 |     setLoadedRegistry((current) => {
@bb/app:lint:      :     ^^^^^^^^|^^^^^^^^
@bb/app:lint:      :             `-- Avoid calling setState() directly within an effect
@bb/app:lint:  211 |       const matches =
@bb/app:lint:      `----
@bb/app:lint:   help: Effects should synchronize React with external systems. Calling setState synchronously inside an effect starts another render and is usually unnecessary. Derive the value during render, initialize state directly, or update it from the event that caused the change. Use an effect only when synchronizing with an external system.
@bb/app:lint:   note: React Compiler skipped optimizing this component or hook. Additional guidance: https://react.dev/reference/eslint-plugin-react-hooks/lints/set-state-in-effect
@bb/app:lint:
@bb/app:lint:   ! react(purity): Cannot call impure function during render
@bb/app:lint:      ,-[src/components/commands/ThreadPaletteResults.tsx:427:10]
@bb/app:lint:  426 |     timestamp: thread.updatedAt,
@bb/app:lint:  427 |     now: Date.now(),
@bb/app:lint:      :          ^^^^^|^^^^
@bb/app:lint:      :               `-- Cannot call impure function
@bb/app:lint:  428 |   });
@bb/app:lint:      `----
@bb/app:lint:   help: `Date.now` is an impure function. Calling an impure function can produce unstable results that update unpredictably when the component re-renders
@bb/app:lint:   note: React Compiler skipped optimizing this component or hook. Additional guidance: https://react.dev/reference/eslint-plugin-react-hooks/lints/purity
@bb/app:lint:
@bb/app:lint:   ! react(set-state-in-effect): Calling setState synchronously within an effect can trigger cascading renders
@bb/app:lint:      ,-[src/components/thread/InlineThreadTitle.tsx:143:7]
@bb/app:lint:  134 |
@bb/app:lint:  135 |   useEffect(() => {
@bb/app:lint:      :   ^^^^|^^^^
@bb/app:lint:      :       `-- This is the containing effect
@bb/app:lint:  136 |     if (resetKeyRef.current !== resetKey) {
@bb/app:lint:  137 |       resetKeyRef.current = resetKey;
@bb/app:lint:  138 |       setIsEditing(false);
@bb/app:lint:  139 |       setDraft(title);
@bb/app:lint:  140 |       return;
@bb/app:lint:  141 |     }
@bb/app:lint:  142 |     if (!isEditing) {
@bb/app:lint:  143 |       setDraft(title);
@bb/app:lint:      :       ^^^^|^^^
@bb/app:lint:      :           `-- Avoid calling setState() directly within an effect
@bb/app:lint:  144 |     }
@bb/app:lint:      `----
@bb/app:lint:   help: Effects should synchronize React with external systems. Calling setState synchronously inside an effect starts another render and is usually unnecessary. Derive the value during render, initialize state directly, or update it from the event that caused the change. Use an effect only when synchronizing with an external system.
@bb/app:lint:   note: React Compiler skipped optimizing this component or hook. Additional guidance: https://react.dev/reference/eslint-plugin-react-hooks/lints/set-state-in-effect
@bb/app:lint:
@bb/app:lint:   ! react(refs): Cannot access refs during render
@bb/app:lint:      ,-[src/components/settings/KeyboardSettingsSection.tsx:641:30]
@bb/app:lint:  640 |             >
@bb/app:lint:  641 | ,->           {visibleGroups.map((group) => (
@bb/app:lint:  642 | |               <section key={group.label}>
@bb/app:lint:  643 | |                 <h3 className="mb-2 text-xs font-medium text-subtle-foreground">
@bb/app:lint:  644 | |                   {group.label}
@bb/app:lint:  645 | |                 </h3>
@bb/app:lint:  646 | |                 <div className="divide-y divide-border">
@bb/app:lint:  647 | |                   {group.commands.map((metadata) => {
@bb/app:lint:  648 | |                     const model = commandRowModels.get(metadata.command);
@bb/app:lint:  649 | |                     if (model === undefined) return null;
@bb/app:lint:  650 | |                     return (
@bb/app:lint:  651 | |                       <KeyboardCommandRow
@bb/app:lint:  652 | |                         key={metadata.command}
@bb/app:lint:  653 | |                         model={model}
@bb/app:lint:  654 | |                         onChange={updateCommand}
@bb/app:lint:  655 | |                         onReset={resetCommand}
@bb/app:lint:  656 | |                         onRecordingChange={setRecordingCommand}
@bb/app:lint:  657 | |                         pending={pendingCommand === metadata.command}
@bb/app:lint:  658 | |                         platform={platform}
@bb/app:lint:  659 | |                         recording={recordingCommand === metadata.command}
@bb/app:lint:  660 | |                       />
@bb/app:lint:  661 | |                     );
@bb/app:lint:  662 | |                   })}
@bb/app:lint:  663 | |                 </div>
@bb/app:lint:  664 | |               </section>
@bb/app:lint:  665 | |->           ))}
@bb/app:lint:      : `---- Cannot access ref value during render
@bb/app:lint:  666 |               {visibleGroups.length === 0 ? (
@bb/app:lint:      `----
@bb/app:lint:   help: React refs are values that are not needed for rendering. Refs should only be accessed outside of render, such as in event handlers or effects. Accessing a ref value (the `current` property) during render can cause your component not to update as expected
@bb/app:lint:   note: React Compiler skipped optimizing this component or hook. Additional guidance: https://react.dev/reference/eslint-plugin-react-hooks/lints/refs
@bb/app:lint:
@bb/app:lint:   ! react(set-state-in-effect): Calling setState synchronously within an effect can trigger cascading renders
@bb/app:lint:      ,-[src/components/thread/terminal/useThreadTerminalController.ts:321:7]
@bb/app:lint:  318 |
@bb/app:lint:  319 |   useEffect(() => {
@bb/app:lint:      :   ^^^^|^^^^
@bb/app:lint:      :       `-- This is the containing effect
@bb/app:lint:  320 |     if (!shouldMountTerminalView) {
@bb/app:lint:  321 |       setRetainedTerminalViewId(null);
@bb/app:lint:      :       ^^^^^^^^^^^^|^^^^^^^^^^^^
@bb/app:lint:      :                   `-- Avoid calling setState() directly within an effect
@bb/app:lint:  322 |       return;
@bb/app:lint:      `----
@bb/app:lint:   help: Effects should synchronize React with external systems. Calling setState synchronously inside an effect starts another render and is usually unnecessary. Derive the value during render, initialize state directly, or update it from the event that caused the change. Use an effect only when synchronizing with an external system.
@bb/app:lint:   note: React Compiler skipped optimizing this component or hook. Additional guidance: https://react.dev/reference/eslint-plugin-react-hooks/lints/set-state-in-effect
@bb/app:lint:
@bb/app:lint:   ! react(set-state-in-effect): Calling setState synchronously within an effect can trigger cascading renders
@bb/app:lint:      ,-[src/components/thread/terminal/ThreadTerminalView.tsx:840:5]
@bb/app:lint:  837 |
@bb/app:lint:  838 |   useEffect(() => {
@bb/app:lint:      :   ^^^^|^^^^
@bb/app:lint:      :       `-- This is the containing effect
@bb/app:lint:  839 |     touchFocusGestureRef.current = null;
@bb/app:lint:  840 |     setActiveSelection(null);
@bb/app:lint:      :     ^^^^^^^^^|^^^^^^^^
@bb/app:lint:      :              `-- Avoid calling setState() directly within an effect
@bb/app:lint:  841 |     updateHoveredTerminalLink(null);
@bb/app:lint:      `----
@bb/app:lint:   help: Effects should synchronize React with external systems. Calling setState synchronously inside an effect starts another render and is usually unnecessary. Derive the value during render, initialize state directly, or update it from the event that caused the change. Use an effect only when synchronizing with an external system.
@bb/app:lint:   note: React Compiler skipped optimizing this component or hook. Additional guidance: https://react.dev/reference/eslint-plugin-react-hooks/lints/set-state-in-effect
@bb/app:lint:
@bb/app:lint:   ! react(refs): Cannot access refs during render
@bb/app:lint:      ,-[src/components/thread/terminal/ThreadTerminalView.tsx:671:15]
@bb/app:lint:  670 |
@bb/app:lint:  671 |   autoFocusRef.current = autoFocus;
@bb/app:lint:      :   ^^^^^^|^^^^^^^^^|^^^
@bb/app:lint:      :         |         `-- Cannot update ref value during render
@bb/app:lint:      :         `-- This value is a ref
@bb/app:lint:  672 |   isPanelOpenRef.current = isPanelOpen;
@bb/app:lint:      `----
@bb/app:lint:   help: React refs are values that are not needed for rendering. Refs should only be accessed outside of render, such as in event handlers or effects. Accessing a ref value (the `current` property) during render can cause your component not to update as expected
@bb/app:lint:   note: React Compiler skipped optimizing this component or hook. Additional guidance: https://react.dev/reference/eslint-plugin-react-hooks/lints/refs
@bb/app:lint:
@bb/app:lint:   ! react(refs): Cannot access refs during render
@bb/app:lint:      ,-[src/components/thread/terminal/ThreadTerminalView.tsx:672:17]
@bb/app:lint:  671 |   autoFocusRef.current = autoFocus;
@bb/app:lint:  672 |   isPanelOpenRef.current = isPanelOpen;
@bb/app:lint:      :   ^^^^^^^|^^^^^^^^^^|^^^
@bb/app:lint:      :          |          `-- Cannot update ref value during render
@bb/app:lint:      :          `-- This value is a ref
@bb/app:lint:  673 |   sessionStatusRef.current = session.status;
@bb/app:lint:      `----
@bb/app:lint:   help: React refs are values that are not needed for rendering. Refs should only be accessed outside of render, such as in event handlers or effects. Accessing a ref value (the `current` property) during render can cause your component not to update as expected
@bb/app:lint:   note: React Compiler skipped optimizing this component or hook. Additional guidance: https://react.dev/reference/eslint-plugin-react-hooks/lints/refs
@bb/app:lint:
@bb/app:lint:   ! react(refs): Cannot access refs during render
@bb/app:lint:      ,-[src/components/thread/terminal/ThreadTerminalView.tsx:673:19]
@bb/app:lint:  672 |   isPanelOpenRef.current = isPanelOpen;
@bb/app:lint:  673 |   sessionStatusRef.current = session.status;
@bb/app:lint:      :   ^^^^^^^^|^^^^^^^^^^^|^^^
@bb/app:lint:      :           |           `-- Cannot update ref value during render
@bb/app:lint:      :           `-- This value is a ref
@bb/app:lint:  674 |   sessionRef.current = session;
@bb/app:lint:      `----
@bb/app:lint:   help: React refs are values that are not needed for rendering. Refs should only be accessed outside of render, such as in event handlers or effects. Accessing a ref value (the `current` property) during render can cause your component not to update as expected
@bb/app:lint:   note: React Compiler skipped optimizing this component or hook. Additional guidance: https://react.dev/reference/eslint-plugin-react-hooks/lints/refs
@bb/app:lint:
@bb/app:lint:   ! react(refs): Cannot access refs during render
@bb/app:lint:      ,-[src/components/thread/terminal/ThreadTerminalView.tsx:674:13]
@bb/app:lint:  673 |   sessionStatusRef.current = session.status;
@bb/app:lint:  674 |   sessionRef.current = session;
@bb/app:lint:      :   ^^^^^|^^^^^^^^|^^^
@bb/app:lint:      :        |        `-- Cannot update ref value during render
@bb/app:lint:      :        `-- This value is a ref
@bb/app:lint:  675 |   onAutoFocusHandledRef.current = onAutoFocusHandled;
@bb/app:lint:      `----
@bb/app:lint:   help: React refs are values that are not needed for rendering. Refs should only be accessed outside of render, such as in event handlers or effects. Accessing a ref value (the `current` property) during render can cause your component not to update as expected
@bb/app:lint:   note: React Compiler skipped optimizing this component or hook. Additional guidance: https://react.dev/reference/eslint-plugin-react-hooks/lints/refs
@bb/app:lint:
@bb/app:lint:   ! react(refs): Cannot access refs during render
@bb/app:lint:      ,-[src/components/thread/terminal/ThreadTerminalView.tsx:675:24]
@bb/app:lint:  674 |   sessionRef.current = session;
@bb/app:lint:  675 |   onAutoFocusHandledRef.current = onAutoFocusHandled;
@bb/app:lint:      :   ^^^^^^^^^^|^^^^^^^^^^^^^^|^^^
@bb/app:lint:      :             |              `-- Cannot update ref value during render
@bb/app:lint:      :             `-- This value is a ref
@bb/app:lint:  676 |   onOpenLinkRef.current = effectiveOnOpenLink;
@bb/app:lint:      `----
@bb/app:lint:   help: React refs are values that are not needed for rendering. Refs should only be accessed outside of render, such as in event handlers or effects. Accessing a ref value (the `current` property) during render can cause your component not to update as expected
@bb/app:lint:   note: React Compiler skipped optimizing this component or hook. Additional guidance: https://react.dev/reference/eslint-plugin-react-hooks/lints/refs
@bb/app:lint:
@bb/app:lint:   ! react(refs): Cannot access refs during render
@bb/app:lint:      ,-[src/components/thread/terminal/ThreadTerminalView.tsx:676:16]
@bb/app:lint:  675 |   onAutoFocusHandledRef.current = onAutoFocusHandled;
@bb/app:lint:  676 |   onOpenLinkRef.current = effectiveOnOpenLink;
@bb/app:lint:      :   ^^^^^^|^^^^^^^^^^|^^^
@bb/app:lint:      :         |          `-- Cannot update ref value during render
@bb/app:lint:      :         `-- This value is a ref
@bb/app:lint:  677 |   onSessionChangeRef.current = onSessionChange;
@bb/app:lint:      `----
@bb/app:lint:   help: React refs are values that are not needed for rendering. Refs should only be accessed outside of render, such as in event handlers or effects. Accessing a ref value (the `current` property) during render can cause your component not to update as expected
@bb/app:lint:   note: React Compiler skipped optimizing this component or hook. Additional guidance: https://react.dev/reference/eslint-plugin-react-hooks/lints/refs
@bb/app:lint:
@bb/app:lint:   ! react(refs): Cannot access refs during render
@bb/app:lint:      ,-[src/components/thread/terminal/ThreadTerminalView.tsx:677:21]
@bb/app:lint:  676 |   onOpenLinkRef.current = effectiveOnOpenLink;
@bb/app:lint:  677 |   onSessionChangeRef.current = onSessionChange;
@bb/app:lint:      :   ^^^^^^^^^|^^^^^^^^^^^^|^^^
@bb/app:lint:      :            |            `-- Cannot update ref value during render
@bb/app:lint:      :            `-- This value is a ref
@bb/app:lint:  678 |   onTitleChangeRef.current = onTitleChange;
@bb/app:lint:      `----
@bb/app:lint:   help: React refs are values that are not needed for rendering. Refs should only be accessed outside of render, such as in event handlers or effects. Accessing a ref value (the `current` property) during render can cause your component not to update as expected
@bb/app:lint:   note: React Compiler skipped optimizing this component or hook. Additional guidance: https://react.dev/reference/eslint-plugin-react-hooks/lints/refs
@bb/app:lint:
@bb/app:lint:   ! react(refs): Cannot access refs during render
@bb/app:lint:      ,-[src/components/thread/terminal/ThreadTerminalView.tsx:678:19]
@bb/app:lint:  677 |   onSessionChangeRef.current = onSessionChange;
@bb/app:lint:  678 |   onTitleChangeRef.current = onTitleChange;
@bb/app:lint:      :   ^^^^^^^^|^^^^^^^^^^^|^^^
@bb/app:lint:      :           |           `-- Cannot update ref value during render
@bb/app:lint:      :           `-- This value is a ref
@bb/app:lint:  679 |   onUserInputRef.current = onUserInput;
@bb/app:lint:      `----
@bb/app:lint:   help: React refs are values that are not needed for rendering. Refs should only be accessed outside of render, such as in event handlers or effects. Accessing a ref value (the `current` property) during render can cause your component not to update as expected
@bb/app:lint:   note: React Compiler skipped optimizing this component or hook. Additional guidance: https://react.dev/reference/eslint-plugin-react-hooks/lints/refs
@bb/app:lint:
@bb/app:lint:   ! react(refs): Cannot access refs during render
@bb/app:lint:      ,-[src/components/thread/terminal/ThreadTerminalView.tsx:679:17]
@bb/app:lint:  678 |   onTitleChangeRef.current = onTitleChange;
@bb/app:lint:  679 |   onUserInputRef.current = onUserInput;
@bb/app:lint:      :   ^^^^^^^|^^^^^^^^^^|^^^
@bb/app:lint:      :          |          `-- Cannot update ref value during render
@bb/app:lint:      :          `-- This value is a ref
@bb/app:lint:  680 |
@bb/app:lint:      `----
@bb/app:lint:   help: React refs are values that are not needed for rendering. Refs should only be accessed outside of render, such as in event handlers or effects. Accessing a ref value (the `current` property) during render can cause your component not to update as expected
@bb/app:lint:   note: React Compiler skipped optimizing this component or hook. Additional guidance: https://react.dev/reference/eslint-plugin-react-hooks/lints/refs
@bb/app:lint:
@bb/app:lint:   ! react(set-state-in-effect): Calling setState synchronously within an effect can trigger cascading renders
@bb/app:lint:      ,-[src/components/thread/toc/ThreadTableOfContents.tsx:294:7]
@bb/app:lint:  289 |
@bb/app:lint:  290 |   useEffect(() => {
@bb/app:lint:      :   ^^^^|^^^^
@bb/app:lint:      :       `-- This is the containing effect
@bb/app:lint:  291 |     const host =
@bb/app:lint:  292 |       rootElement?.closest<HTMLElement>("[data-scroll-overlay]") ?? null;
@bb/app:lint:  293 |     if (typeof ResizeObserver === "undefined") {
@bb/app:lint:  294 |       setVisible(true);
@bb/app:lint:      :       ^^^^^|^^^^
@bb/app:lint:      :            `-- Avoid calling setState() directly within an effect
@bb/app:lint:  295 |       return;
@bb/app:lint:      `----
@bb/app:lint:   help: Effects should synchronize React with external systems. Calling setState synchronously inside an effect starts another render and is usually unnecessary. Derive the value during render, initialize state directly, or update it from the event that caused the change. Use an effect only when synchronizing with an external system.
@bb/app:lint:   note: React Compiler skipped optimizing this component or hook. Additional guidance: https://react.dev/reference/eslint-plugin-react-hooks/lints/set-state-in-effect
@bb/app:lint:
@bb/app:lint:   ! react(refs): Cannot access refs during render
@bb/app:lint:      ,-[src/components/thread/toc/ThreadTableOfContents.tsx:536:14]
@bb/app:lint:  535 |   const hasOlderRef = useRef(hasOlderTimelineRows);
@bb/app:lint:  536 |   hasOlderRef.current = hasOlderTimelineRows;
@bb/app:lint:      :   ^^^^^|^^^^^^^^^|^^^
@bb/app:lint:      :        |         `-- Cannot update ref value during render
@bb/app:lint:      :        `-- This value is a ref
@bb/app:lint:  537 |   const loadOlderRef = useRef(loadOlderTimelineRows);
@bb/app:lint:      `----
@bb/app:lint:   help: React refs are values that are not needed for rendering. Refs should only be accessed outside of render, such as in event handlers or effects. Accessing a ref value (the `current` property) during render can cause your component not to update as expected
@bb/app:lint:   note: React Compiler skipped optimizing this component or hook. Additional guidance: https://react.dev/reference/eslint-plugin-react-hooks/lints/refs
@bb/app:lint:
@bb/app:lint:   ! react(refs): Cannot access refs during render
@bb/app:lint:      ,-[src/components/thread/toc/ThreadTableOfContents.tsx:538:15]
@bb/app:lint:  537 |   const loadOlderRef = useRef(loadOlderTimelineRows);
@bb/app:lint:  538 |   loadOlderRef.current = loadOlderTimelineRows;
@bb/app:lint:      :   ^^^^^^|^^^^^^^^^|^^^
@bb/app:lint:      :         |         `-- Cannot update ref value during render
@bb/app:lint:      :         `-- This value is a ref
@bb/app:lint:  539 |   const jumpInProgressRef = useRef(false);
@bb/app:lint:      `----
@bb/app:lint:   help: React refs are values that are not needed for rendering. Refs should only be accessed outside of render, such as in event handlers or effects. Accessing a ref value (the `current` property) during render can cause your component not to update as expected
@bb/app:lint:   note: React Compiler skipped optimizing this component or hook. Additional guidance: https://react.dev/reference/eslint-plugin-react-hooks/lints/refs
@bb/app:lint:
@bb/app:lint:   ! react(purity): Cannot call impure function during render
@bb/app:lint:      ,-[src/components/pickers/EnvironmentPicker.tsx:429:15]
@bb/app:lint:  428 | }: MachineGroupedEnvironmentOptionsProps) {
@bb/app:lint:  429 |   const now = Date.now();
@bb/app:lint:      :               ^^^^^|^^^^
@bb/app:lint:      :                    `-- Cannot call impure function
@bb/app:lint:  430 |   const orderedHosts = [...machines.hosts].sort(
@bb/app:lint:      `----
@bb/app:lint:   help: `Date.now` is an impure function. Calling an impure function can produce unstable results that update unpredictably when the component re-renders
@bb/app:lint:   note: React Compiler skipped optimizing this component or hook. Additional guidance: https://react.dev/reference/eslint-plugin-react-hooks/lints/purity
@bb/app:lint:
@bb/app:lint: Found 187 warnings and 0 errors.
@bb/app:lint: Finished in 31.2s on 1391 files with 20 rules using 8 threads.

 Tasks:    1 successful, 1 total
Cached:    0 cached, 1 total
  Time:    44.055s

