• turbo 2.10.12

   • Packages in scope: @bb/app
   • Running lint, typecheck in 1 packages
   • Remote caching disabled

@bb/app:lint: cache miss, executing 68f00fc3749129c4
@bb/templates:generate:templates: cache hit, replaying logs 4979d28f7ddbd329
@bb/templates:generate:templates: 
@bb/templates:generate:templates: > @bb/templates@0.0.1 generate:templates <clean-checkout-A>/packages/templates
@bb/templates:generate:templates: > node ./scripts/generate-templates.mjs
@bb/templates:generate:templates: 
@bb/templates:generate:plugin-scaffold: cache hit, replaying logs 8229f63b9a2dc6dd
@bb/templates:generate:plugin-scaffold: 
@bb/templates:generate:plugin-scaffold: > @bb/templates@0.0.1 generate:plugin-scaffold <clean-checkout-A>/packages/templates
@bb/templates:generate:plugin-scaffold: > node ./scripts/generate-plugin-scaffold.mjs
@bb/templates:generate:plugin-scaffold: 
@bb/plugin-build:generate: cache hit, replaying logs 9bdbb52eb39bc4cd
@bb/plugin-build:generate: 
@bb/plugin-build:generate: > @bb/plugin-build@0.0.1 generate <clean-checkout-A>/packages/plugin-build
@bb/plugin-build:generate: > node ./scripts/generate-plugin-theme.mjs && node ./scripts/generate-runtime-export-manifest.mjs
@bb/plugin-build:generate: 
@bb/plugin-build:generate: wrote packages/plugin-build/src/generated/plugin-theme.generated.ts
@bb/plugin-build:generate: wrote <clean-checkout-A>/packages/plugin-build/src/generated/runtime-export-manifest.generated.ts (react@19.2.4)
@bb/app:typecheck: cache miss, executing b7e6c6bada466800
@bb/app:lint: 
@bb/app:lint: > @bb/app@0.0.1 lint <clean-checkout-A>/apps/app
@bb/app:lint: > oxlint src vite.config.ts vite.dev.config.ts vite-bundle-stats.ts vite-font-preload.ts vite-split-prefetch.ts vite-forkable-plugin-paths.ts vite-shared-ui-seam.ts vite-react-compiler.ts
@bb/app:lint: 
@bb/app:typecheck: 
@bb/app:typecheck: > @bb/app@0.0.1 typecheck <clean-checkout-A>/apps/app
@bb/app:typecheck: > tsc --noEmit && tsc --noEmit -p tsconfig.node.json
@bb/app:typecheck: 
@bb/app:lint: 
@bb/app:lint:   ! react(refs): Cannot access refs during render
@bb/app:lint:      ,-[src/components/promptbox/banner/ThreadBackgroundCommandsCard.tsx:217:18]
@bb/app:lint:  216 |             }
@bb/app:lint:  217 |             ref={focus.triggerRef}
@bb/app:lint:      :                  ^^^^^^^^|^^^^^^^
@bb/app:lint:      :                          `-- Cannot access ref value during render
@bb/app:lint:  218 |             onClick={focus.onTriggerClick}
@bb/app:lint:      `----
@bb/app:lint:   help: React refs are values that are not needed for rendering. Refs should only be accessed outside of render, such as in event handlers or effects. Accessing a ref value (the `current` property) during render can cause your component not to update as expected
@bb/app:lint:   note: React Compiler skipped optimizing this component or hook. Additional guidance: https://react.dev/reference/eslint-plugin-react-hooks/lints/refs
@bb/app:lint: 
@bb/app:lint:   ! react(refs): Cannot access refs during render
@bb/app:lint:      ,-[src/components/promptbox/banner/ThreadBackgroundCommandsCard.tsx:218:22]
@bb/app:lint:  217 |             ref={focus.triggerRef}
@bb/app:lint:  218 |             onClick={focus.onTriggerClick}
@bb/app:lint:      :                      ^^^^^^^^^^|^^^^^^^^^
@bb/app:lint:      :                                `-- Cannot access ref value during render
@bb/app:lint:  219 |             className={activityRowClass(
@bb/app:lint:      `----
@bb/app:lint:   help: React refs are values that are not needed for rendering. Refs should only be accessed outside of render, such as in event handlers or effects. Accessing a ref value (the `current` property) during render can cause your component not to update as expected
@bb/app:lint:   note: React Compiler skipped optimizing this component or hook. Additional guidance: https://react.dev/reference/eslint-plugin-react-hooks/lints/refs
@bb/app:lint: 
@bb/app:lint:   ! react(refs): Cannot access refs during render
@bb/app:lint:      ,-[src/components/promptbox/banner/ThreadBackgroundCommandsCard.tsx:270:24]
@bb/app:lint:  269 |           collapseLabel={`Collapse ${groupLabel.toLowerCase()}`}
@bb/app:lint:  270 |           collapseRef={focus.collapseRef}
@bb/app:lint:      :                        ^^^^^^^^|^^^^^^^^
@bb/app:lint:      :                                `-- Cannot access ref value during render
@bb/app:lint:  271 |           onCollapse={focus.onCollapseClick}
@bb/app:lint:      `----
@bb/app:lint:   help: React refs are values that are not needed for rendering. Refs should only be accessed outside of render, such as in event handlers or effects. Accessing a ref value (the `current` property) during render can cause your component not to update as expected
@bb/app:lint:   note: React Compiler skipped optimizing this component or hook. Additional guidance: https://react.dev/reference/eslint-plugin-react-hooks/lints/refs
@bb/app:lint: 
@bb/app:lint:   ! react(refs): Cannot access refs during render
@bb/app:lint:      ,-[src/components/promptbox/banner/ThreadBackgroundCommandsCard.tsx:271:23]
@bb/app:lint:  270 |           collapseRef={focus.collapseRef}
@bb/app:lint:  271 |           onCollapse={focus.onCollapseClick}
@bb/app:lint:      :                       ^^^^^^^^^^|^^^^^^^^^^
@bb/app:lint:      :                                 `-- Cannot access ref value during render
@bb/app:lint:  272 |         >
@bb/app:lint:      `----
@bb/app:lint:   help: React refs are values that are not needed for rendering. Refs should only be accessed outside of render, such as in event handlers or effects. Accessing a ref value (the `current` property) during render can cause your component not to update as expected
@bb/app:lint:   note: React Compiler skipped optimizing this component or hook. Additional guidance: https://react.dev/reference/eslint-plugin-react-hooks/lints/refs
@bb/app:lint: 
@bb/app:lint:   ! react(set-state-in-effect): Calling setState synchronously within an effect can trigger cascading renders
@bb/app:lint:      ,-[src/hooks/queries/use-environment-diff-patches.ts:168:5]
@bb/app:lint:  159 | 
@bb/app:lint:  160 |   useEffect(() => {
@bb/app:lint:      :   ^^^^|^^^^
@bb/app:lint:      :       `-- This is the containing effect
@bb/app:lint:  161 |     targetIdentityRef.current = targetIdentity;
@bb/app:lint:  162 |     pendingPathsRef.current = { visible: [], overscan: [] };
@bb/app:lint:  163 |     if (debounceTimerRef.current !== null) {
@bb/app:lint:  164 |       clearTimeout(debounceTimerRef.current);
@bb/app:lint:  165 |       debounceTimerRef.current = null;
@bb/app:lint:  166 |     }
@bb/app:lint:  167 |     abortPatchRequests(abortControllersRef.current);
@bb/app:lint:  168 |     setInFlight(EMPTY_IN_FLIGHT);
@bb/app:lint:      :     ^^^^^|^^^^^
@bb/app:lint:      :          `-- Avoid calling setState() directly within an effect
@bb/app:lint:  169 |   }, [targetIdentity]);
@bb/app:lint:      `----
@bb/app:lint:   help: Effects should synchronize React with external systems. Calling setState synchronously inside an effect starts another render and is usually unnecessary. Derive the value during render, initialize state directly, or update it from the event that caused the change. Use an effect only when synchronizing with an external system.
@bb/app:lint:   note: React Compiler skipped optimizing this component or hook. Additional guidance: https://react.dev/reference/eslint-plugin-react-hooks/lints/set-state-in-effect
@bb/app:lint: 
@bb/app:lint:   ! react(immutability): Cannot reassign variable after render completes
@bb/app:lint:     ,-[src/components/plugin/plugin-detail-opener.tsx:41:9]
@bb/app:lint:  31 |   const deferred = useMemo(() => {
@bb/app:lint:  32 |     let current: PluginDetailOpener | null = null;
@bb/app:lint:     :         ^^^|^^^
@bb/app:lint:     :            `-- `current` is declared here
@bb/app:lint:  33 |     const pending: PluginDetailDestination[] = [];
@bb/app:lint:  34 |     return {
@bb/app:lint:  35 |       open(destination: PluginDetailDestination) {
@bb/app:lint:  36 |         if (current !== null) return current(destination);
@bb/app:lint:  37 |         pending.push(destination);
@bb/app:lint:  38 |         return true;
@bb/app:lint:  39 |       },
@bb/app:lint:  40 |       register(open: PluginDetailOpener) {
@bb/app:lint:  41 |         current = open;
@bb/app:lint:     :         ^^^|^^^
@bb/app:lint:     :            `-- Cannot reassign `current` after render completes
@bb/app:lint:  42 |         for (const destination of pending.splice(0)) open(destination);
@bb/app:lint:     `----
@bb/app:lint:   help: Reassigning `current` after render has completed can cause inconsistent behavior on subsequent renders. Consider using state instead
@bb/app:lint:   note: React Compiler skipped optimizing this component or hook. Additional guidance: https://react.dev/reference/eslint-plugin-react-hooks/lints/immutability
@bb/app:lint: 
@bb/app:lint:   ! react(set-state-in-effect): Calling setState synchronously within an effect can trigger cascading renders
@bb/app:lint:      ,-[src/components/plugin/PluginPanelRightPanelHost.tsx:278:5]
@bb/app:lint:  271 |   );
@bb/app:lint:  272 |   useEffect(() => {
@bb/app:lint:      :   ^^^^|^^^^
@bb/app:lint:      :       `-- This is the containing effect
@bb/app:lint:  273 |     if (activePluginDetailId === null) return;
@bb/app:lint:  274 |     const catalogEntry = activePluginCatalogQuery.data?.entries.find(
@bb/app:lint:  275 |       (entry) => entry.pluginId === activePluginDetailId,
@bb/app:lint:  276 |     );
@bb/app:lint:  277 |     if (catalogEntry === undefined) return;
@bb/app:lint:  278 |     setPluginDetailTabMetadata((current) => {
@bb/app:lint:      :     ^^^^^^^^^^^^^|^^^^^^^^^^^^
@bb/app:lint:      :                  `-- Avoid calling setState() directly within an effect
@bb/app:lint:  279 |       const previous = current[activePluginDetailId];
@bb/app:lint:      `----
@bb/app:lint:   help: Effects should synchronize React with external systems. Calling setState synchronously inside an effect starts another render and is usually unnecessary. Derive the value during render, initialize state directly, or update it from the event that caused the change. Use an effect only when synchronizing with an external system.
@bb/app:lint:   note: React Compiler skipped optimizing this component or hook. Additional guidance: https://react.dev/reference/eslint-plugin-react-hooks/lints/set-state-in-effect
@bb/app:lint: 
@bb/app:lint:   ! react(set-state-in-effect): Calling setState synchronously within an effect can trigger cascading renders
@bb/app:lint:      ,-[src/components/plugin/PluginPanelRightPanelHost.tsx:604:5]
@bb/app:lint:  602 |     useState<HTMLElement | null>(null);
@bb/app:lint:  603 |   useLayoutEffect(() => {
@bb/app:lint:      :   ^^^^^^^|^^^^^^^
@bb/app:lint:      :          `-- This is the containing effect
@bb/app:lint:  604 |     setTogglePortalTarget(findPluginRightPanelTogglePortal(panelStateId));
@bb/app:lint:      :     ^^^^^^^^^^|^^^^^^^^^^
@bb/app:lint:      :               `-- Avoid calling setState() directly within an effect
@bb/app:lint:  605 |   }, [panel, panelStateId]);
@bb/app:lint:      `----
@bb/app:lint:   help: Effects should synchronize React with external systems. Calling setState synchronously inside an effect starts another render and is usually unnecessary. Derive the value during render, initialize state directly, or update it from the event that caused the change. Use an effect only when synchronizing with an external system.
@bb/app:lint:   note: React Compiler skipped optimizing this component or hook. Additional guidance: https://react.dev/reference/eslint-plugin-react-hooks/lints/set-state-in-effect
@bb/app:lint: 
@bb/app:lint:   ! react(set-state-in-effect): Calling setState synchronously within an effect can trigger cascading renders
@bb/app:lint:       ,-[src/components/promptbox/banner/QueuedMessagesList.tsx:1348:5]
@bb/app:lint:  1346 | 
@bb/app:lint:  1347 |   useLayoutEffect(() => {
@bb/app:lint:       :   ^^^^^^^|^^^^^^^
@bb/app:lint:       :          `-- This is the containing effect
@bb/app:lint:  1348 |     measureInlineEditorMaxHeight();
@bb/app:lint:       :     ^^^^^^^^^^^^^^|^^^^^^^^^^^^^
@bb/app:lint:       :                   `-- Avoid calling setState() directly within an effect
@bb/app:lint:  1349 |     if (!inlineEditorActive) return;
@bb/app:lint:       `----
@bb/app:lint:   help: Effects should synchronize React with external systems. Calling setState synchronously inside an effect starts another render and is usually unnecessary. Derive the value during render, initialize state directly, or update it from the event that caused the change. Use an effect only when synchronizing with an external system.
@bb/app:lint:   note: React Compiler skipped optimizing this component or hook. Additional guidance: https://react.dev/reference/eslint-plugin-react-hooks/lints/set-state-in-effect
@bb/app:lint: 
@bb/app:lint:   ! react(set-state-in-effect): Calling setState synchronously within an effect can trigger cascading renders
@bb/app:lint:       ,-[src/components/promptbox/banner/QueuedMessagesList.tsx:1472:7]
@bb/app:lint:  1469 | 
@bb/app:lint:  1470 |   useEffect(() => {
@bb/app:lint:       :   ^^^^|^^^^
@bb/app:lint:       :       `-- This is the containing effect
@bb/app:lint:  1471 |     if (inlineEditor) {
@bb/app:lint:  1472 |       setWorkspaceOpen(true);
@bb/app:lint:       :       ^^^^^^^^|^^^^^^^
@bb/app:lint:       :               `-- Avoid calling setState() directly within an effect
@bb/app:lint:  1473 |     } else if (wasInlineEditingRef.current) {
@bb/app:lint:       `----
@bb/app:lint:   help: Effects should synchronize React with external systems. Calling setState synchronously inside an effect starts another render and is usually unnecessary. Derive the value during render, initialize state directly, or update it from the event that caused the change. Use an effect only when synchronizing with an external system.
@bb/app:lint:   note: React Compiler skipped optimizing this component or hook. Additional guidance: https://react.dev/reference/eslint-plugin-react-hooks/lints/set-state-in-effect
@bb/app:lint: 
@bb/app:lint:   ! react(refs): Cannot access refs during render
@bb/app:lint:       ,-[src/components/promptbox/banner/QueuedMessagesList.tsx:1614:16]
@bb/app:lint:  1613 |         <button
@bb/app:lint:  1614 |           ref={focus.triggerRef}
@bb/app:lint:       :                ^^^^^^^^|^^^^^^^
@bb/app:lint:       :                        `-- Cannot access ref value during render
@bb/app:lint:  1615 |           type="button"
@bb/app:lint:       `----
@bb/app:lint:   help: React refs are values that are not needed for rendering. Refs should only be accessed outside of render, such as in event handlers or effects. Accessing a ref value (the `current` property) during render can cause your component not to update as expected
@bb/app:lint:   note: React Compiler skipped optimizing this component or hook. Additional guidance: https://react.dev/reference/eslint-plugin-react-hooks/lints/refs
@bb/app:lint: 
@bb/app:lint:   ! react(refs): Cannot access refs during render
@bb/app:lint:       ,-[src/components/promptbox/banner/QueuedMessagesList.tsx:1619:20]
@bb/app:lint:  1618 |           aria-controls={listId}
@bb/app:lint:  1619 |           onClick={focus.onTriggerClick}
@bb/app:lint:       :                    ^^^^^^^^^^|^^^^^^^^^
@bb/app:lint:       :                              `-- Cannot access ref value during render
@bb/app:lint:  1620 |           className={cn(
@bb/app:lint:       `----
@bb/app:lint:   help: React refs are values that are not needed for rendering. Refs should only be accessed outside of render, such as in event handlers or effects. Accessing a ref value (the `current` property) during render can cause your component not to update as expected
@bb/app:lint:   note: React Compiler skipped optimizing this component or hook. Additional guidance: https://react.dev/reference/eslint-plugin-react-hooks/lints/refs
@bb/app:lint: 
@bb/app:lint:   ! react(refs): Cannot access refs during render
@bb/app:lint:       ,-[src/components/promptbox/banner/QueuedMessagesList.tsx:1684:24]
@bb/app:lint:  1683 |           <PromptStackCollapseRow
@bb/app:lint:  1684 |             buttonRef={focus.collapseRef}
@bb/app:lint:       :                        ^^^^^^^^|^^^^^^^^
@bb/app:lint:       :                                `-- Cannot access ref value during render
@bb/app:lint:  1685 |             className={cn(
@bb/app:lint:       `----
@bb/app:lint:   help: React refs are values that are not needed for rendering. Refs should only be accessed outside of render, such as in event handlers or effects. Accessing a ref value (the `current` property) during render can cause your component not to update as expected
@bb/app:lint:   note: React Compiler skipped optimizing this component or hook. Additional guidance: https://react.dev/reference/eslint-plugin-react-hooks/lints/refs
@bb/app:lint: 
@bb/app:lint:   ! react(refs): Cannot access refs during render
@bb/app:lint:       ,-[src/components/promptbox/banner/QueuedMessagesList.tsx:1691:25]
@bb/app:lint:  1690 |             label="Collapse queued messages"
@bb/app:lint:  1691 |             onCollapse={focus.onCollapseClick}
@bb/app:lint:       :                         ^^^^^^^^^^|^^^^^^^^^^
@bb/app:lint:       :                                   `-- Cannot access ref value during render
@bb/app:lint:  1692 |           />
@bb/app:lint:       `----
@bb/app:lint:   help: React refs are values that are not needed for rendering. Refs should only be accessed outside of render, such as in event handlers or effects. Accessing a ref value (the `current` property) during render can cause your component not to update as expected
@bb/app:lint:   note: React Compiler skipped optimizing this component or hook. Additional guidance: https://react.dev/reference/eslint-plugin-react-hooks/lints/refs
@bb/app:lint: 
@bb/app:lint:   ! react(set-state-in-effect): Calling setState synchronously within an effect can trigger cascading renders
@bb/app:lint:     ,-[src/hooks/queries/connection-aware-query-state.ts:68:7]
@bb/app:lint:  65 | 
@bb/app:lint:  66 |   useEffect(() => {
@bb/app:lint:     :   ^^^^|^^^^
@bb/app:lint:     :       `-- This is the containing effect
@bb/app:lint:  67 |     if (connectionState === "connected") {
@bb/app:lint:  68 |       setElapsed(false);
@bb/app:lint:     :       ^^^^^|^^^^
@bb/app:lint:     :            `-- Avoid calling setState() directly within an effect
@bb/app:lint:  69 |       return;
@bb/app:lint:     `----
@bb/app:lint:   help: Effects should synchronize React with external systems. Calling setState synchronously inside an effect starts another render and is usually unnecessary. Derive the value during render, initialize state directly, or update it from the event that caused the change. Use an effect only when synchronizing with an external system.
@bb/app:lint:   note: React Compiler skipped optimizing this component or hook. Additional guidance: https://react.dev/reference/eslint-plugin-react-hooks/lints/set-state-in-effect
@bb/app:lint: 
@bb/app:lint:   ! react(immutability): This value cannot be modified
@bb/app:lint:      ,-[src/components/promptbox/composer-selection-settle.ts:104:3]
@bb/app:lint:  103 |   }));
@bb/app:lint:  104 |   controller.version = version;
@bb/app:lint:      :   ^^^^^|^^^^
@bb/app:lint:      :        `-- value cannot be modified
@bb/app:lint:  105 |   const state = buildState(version);
@bb/app:lint:      `----
@bb/app:lint:   help: Modifying a value returned from 'useState()', which should not be modified directly. Use the setter function to update instead
@bb/app:lint:   note: React Compiler skipped optimizing this component or hook. Additional guidance: https://react.dev/reference/eslint-plugin-react-hooks/lints/immutability
@bb/app:lint: 
@bb/app:lint:   ! react(incompatible-library): Use of incompatible library
@bb/app:lint:      ,-[src/components/dialogs/RemotePathBrowser.tsx:114:28]
@bb/app:lint:  113 |   );
@bb/app:lint:  114 |   const entryVirtualizer = useVirtualizer({
@bb/app:lint:      :                            ^^^^^^^|^^^^^^
@bb/app:lint:      :                                   `-- TanStack Virtual's `useVirtualizer()` API returns functions that cannot be memoized safely
@bb/app:lint:  115 |     count: entries.length,
@bb/app:lint:      `----
@bb/app:lint:   help: This API returns functions which cannot be memoized without leading to stale UI. To prevent this, by default React Compiler will skip memoizing this component/hook. However, you may see issues if values from this API are passed to other components/hooks that are memoized
@bb/app:lint:   note: React Compiler skipped optimizing this component or hook. Additional guidance: https://react.dev/reference/eslint-plugin-react-hooks/lints/incompatible-library
@bb/app:lint: 
@bb/app:lint:   ! react(set-state-in-effect): Calling setState synchronously within an effect can trigger cascading renders
@bb/app:lint:      ,-[src/components/thread/timeline/ConversationAttachments.tsx:125:5]
@bb/app:lint:  120 | 
@bb/app:lint:  121 |   useEffect(() => {
@bb/app:lint:      :   ^^^^|^^^^
@bb/app:lint:      :       `-- This is the containing effect
@bb/app:lint:  122 |     if (expandedImageIndex === null || expandedImageIndex < imageItems.length) {
@bb/app:lint:  123 |       return;
@bb/app:lint:  124 |     }
@bb/app:lint:  125 |     setExpandedImageIndex(null);
@bb/app:lint:      :     ^^^^^^^^^^|^^^^^^^^^^
@bb/app:lint:      :               `-- Avoid calling setState() directly within an effect
@bb/app:lint:  126 |   }, [expandedImageIndex, imageItems.length]);
@bb/app:lint:      `----
@bb/app:lint:   help: Effects should synchronize React with external systems. Calling setState synchronously inside an effect starts another render and is usually unnecessary. Derive the value during render, initialize state directly, or update it from the event that caused the change. Use an effect only when synchronizing with an external system.
@bb/app:lint:   note: React Compiler skipped optimizing this component or hook. Additional guidance: https://react.dev/reference/eslint-plugin-react-hooks/lints/set-state-in-effect
@bb/app:lint: 
@bb/app:lint:   ! react(refs): Cannot access refs during render
@bb/app:lint:     ,-[src/components/dialogs/ProviderCliInstallLogDialog.tsx:37:21]
@bb/app:lint:  36 |   if (state !== null) {
@bb/app:lint:  37 |     renderedStateRef.current = state;
@bb/app:lint:     :     ^^^^^^^^|^^^^^^^^^^^|^^^
@bb/app:lint:     :             |           `-- Cannot update ref value during render
@bb/app:lint:     :             `-- This value is a ref
@bb/app:lint:  38 |   }
@bb/app:lint:     `----
@bb/app:lint:   help: React refs are values that are not needed for rendering. Refs should only be accessed outside of render, such as in event handlers or effects. Accessing a ref value (the `current` property) during render can cause your component not to update as expected
@bb/app:lint:   note: React Compiler skipped optimizing this component or hook. Additional guidance: https://react.dev/reference/eslint-plugin-react-hooks/lints/refs
@bb/app:lint: 
@bb/app:lint:   ! react(refs): Cannot access refs during render
@bb/app:lint:     ,-[src/components/dialogs/ProviderCliInstallLogDialog.tsx:40:33]
@bb/app:lint:  39 | 
@bb/app:lint:  40 |   const currentState = state ?? renderedStateRef.current;
@bb/app:lint:     :                                 ^^^^^^^^^^^^|^^^^^^^^^^^
@bb/app:lint:     :                                             `-- Cannot access ref value during render
@bb/app:lint:  41 | 
@bb/app:lint:     `----
@bb/app:lint:   help: React refs are values that are not needed for rendering. Refs should only be accessed outside of render, such as in event handlers or effects. Accessing a ref value (the `current` property) during render can cause your component not to update as expected
@bb/app:lint:   note: React Compiler skipped optimizing this component or hook. Additional guidance: https://react.dev/reference/eslint-plugin-react-hooks/lints/refs
@bb/app:lint: 
@bb/app:lint:   ! react(refs): Cannot access refs during render
@bb/app:lint:     ,-[src/components/dialogs/ProviderCliInstallLogDialog.tsx:40:33]
@bb/app:lint:  39 | 
@bb/app:lint:  40 |   const currentState = state ?? renderedStateRef.current;
@bb/app:lint:     :                                 ^^^^^^^^^^^^|^^^^^^^^^^^
@bb/app:lint:     :                                             `-- Cannot access ref value during render
@bb/app:lint:  41 | 
@bb/app:lint:     `----
@bb/app:lint:   help: React refs are values that are not needed for rendering. Refs should only be accessed outside of render, such as in event handlers or effects. Accessing a ref value (the `current` property) during render can cause your component not to update as expected
@bb/app:lint:   note: React Compiler skipped optimizing this component or hook. Additional guidance: https://react.dev/reference/eslint-plugin-react-hooks/lints/refs
@bb/app:lint: 
@bb/app:lint:   ! react(refs): Cannot access refs during render
@bb/app:lint:     ,-[src/components/promptbox/banner/ThreadWorkflowStack.tsx:53:18]
@bb/app:lint:  52 |           <button
@bb/app:lint:  53 |             ref={focus.triggerRef}
@bb/app:lint:     :                  ^^^^^^^^|^^^^^^^
@bb/app:lint:     :                          `-- Cannot access ref value during render
@bb/app:lint:  54 |             type="button"
@bb/app:lint:     `----
@bb/app:lint:   help: React refs are values that are not needed for rendering. Refs should only be accessed outside of render, such as in event handlers or effects. Accessing a ref value (the `current` property) during render can cause your component not to update as expected
@bb/app:lint:   note: React Compiler skipped optimizing this component or hook. Additional guidance: https://react.dev/reference/eslint-plugin-react-hooks/lints/refs
@bb/app:lint: 
@bb/app:lint:   ! react(refs): Cannot access refs during render
@bb/app:lint:     ,-[src/components/promptbox/banner/ThreadWorkflowStack.tsx:57:22]
@bb/app:lint:  56 |             aria-label={`${running.length} workflows running. Show all`}
@bb/app:lint:  57 |             onClick={focus.onTriggerClick}
@bb/app:lint:     :                      ^^^^^^^^^^|^^^^^^^^^
@bb/app:lint:     :                                `-- Cannot access ref value during render
@bb/app:lint:  58 |             className={cn(
@bb/app:lint:     `----
@bb/app:lint:   help: React refs are values that are not needed for rendering. Refs should only be accessed outside of render, such as in event handlers or effects. Accessing a ref value (the `current` property) during render can cause your component not to update as expected
@bb/app:lint:   note: React Compiler skipped optimizing this component or hook. Additional guidance: https://react.dev/reference/eslint-plugin-react-hooks/lints/refs
@bb/app:lint: 
@bb/app:lint:   ! react(refs): Cannot access refs during render
@bb/app:lint:     ,-[src/components/promptbox/banner/ThreadWorkflowStack.tsx:84:22]
@bb/app:lint:  83 |         <PromptStackCollapseRow
@bb/app:lint:  84 |           buttonRef={focus.collapseRef}
@bb/app:lint:     :                      ^^^^^^^^|^^^^^^^^
@bb/app:lint:     :                              `-- Cannot access ref value during render
@bb/app:lint:  85 |           controlsId={listId}
@bb/app:lint:     `----
@bb/app:lint:   help: React refs are values that are not needed for rendering. Refs should only be accessed outside of render, such as in event handlers or effects. Accessing a ref value (the `current` property) during render can cause your component not to update as expected
@bb/app:lint:   note: React Compiler skipped optimizing this component or hook. Additional guidance: https://react.dev/reference/eslint-plugin-react-hooks/lints/refs
@bb/app:lint: 
@bb/app:lint:   ! react(refs): Cannot access refs during render
@bb/app:lint:     ,-[src/components/promptbox/banner/ThreadWorkflowStack.tsx:87:23]
@bb/app:lint:  86 |           label={`Collapse ${running.length} workflows`}
@bb/app:lint:  87 |           onCollapse={focus.onCollapseClick}
@bb/app:lint:     :                       ^^^^^^^^^^|^^^^^^^^^^
@bb/app:lint:     :                                 `-- Cannot access ref value during render
@bb/app:lint:  88 |         />
@bb/app:lint:     `----
@bb/app:lint:   help: React refs are values that are not needed for rendering. Refs should only be accessed outside of render, such as in event handlers or effects. Accessing a ref value (the `current` property) during render can cause your component not to update as expected
@bb/app:lint:   note: React Compiler skipped optimizing this component or hook. Additional guidance: https://react.dev/reference/eslint-plugin-react-hooks/lints/refs
@bb/app:lint: 
@bb/app:lint:   ! react(refs): Cannot access refs during render
@bb/app:lint:      ,-[src/components/promptbox/banner/ThreadWorkflowCard.tsx:99:14]
@bb/app:lint:   98 |       <button
@bb/app:lint:   99 |         ref={focus.triggerRef}
@bb/app:lint:      :              ^^^^^^^^|^^^^^^^
@bb/app:lint:      :                      `-- Cannot access ref value during render
@bb/app:lint:  100 |         type="button"
@bb/app:lint:      `----
@bb/app:lint:   help: React refs are values that are not needed for rendering. Refs should only be accessed outside of render, such as in event handlers or effects. Accessing a ref value (the `current` property) during render can cause your component not to update as expected
@bb/app:lint:   note: React Compiler skipped optimizing this component or hook. Additional guidance: https://react.dev/reference/eslint-plugin-react-hooks/lints/refs
@bb/app:lint: 
@bb/app:lint:   ! react(refs): Cannot access refs during render
@bb/app:lint:      ,-[src/components/promptbox/banner/ThreadWorkflowCard.tsx:105:18]
@bb/app:lint:  104 |         aria-label={`Workflow: ${name}`}
@bb/app:lint:  105 |         onClick={focus.onTriggerClick}
@bb/app:lint:      :                  ^^^^^^^^^^|^^^^^^^^^
@bb/app:lint:      :                            `-- Cannot access ref value during render
@bb/app:lint:  106 |         className={cn(
@bb/app:lint:      `----
@bb/app:lint:   help: React refs are values that are not needed for rendering. Refs should only be accessed outside of render, such as in event handlers or effects. Accessing a ref value (the `current` property) during render can cause your component not to update as expected
@bb/app:lint:   note: React Compiler skipped optimizing this component or hook. Additional guidance: https://react.dev/reference/eslint-plugin-react-hooks/lints/refs
@bb/app:lint: 
@bb/app:lint:   ! react(refs): Cannot access refs during render
@bb/app:lint:      ,-[src/components/promptbox/banner/ThreadWorkflowCard.tsx:120:22]
@bb/app:lint:  119 |         collapseLabel={`Collapse workflow ${name}`}
@bb/app:lint:  120 |         collapseRef={focus.collapseRef}
@bb/app:lint:      :                      ^^^^^^^^|^^^^^^^^
@bb/app:lint:      :                              `-- Cannot access ref value during render
@bb/app:lint:  121 |         onCollapse={focus.onCollapseClick}
@bb/app:lint:      `----
@bb/app:lint:   help: React refs are values that are not needed for rendering. Refs should only be accessed outside of render, such as in event handlers or effects. Accessing a ref value (the `current` property) during render can cause your component not to update as expected
@bb/app:lint:   note: React Compiler skipped optimizing this component or hook. Additional guidance: https://react.dev/reference/eslint-plugin-react-hooks/lints/refs
@bb/app:lint: 
@bb/app:lint:   ! react(refs): Cannot access refs during render
@bb/app:lint:      ,-[src/components/promptbox/banner/ThreadWorkflowCard.tsx:121:21]
@bb/app:lint:  120 |         collapseRef={focus.collapseRef}
@bb/app:lint:  121 |         onCollapse={focus.onCollapseClick}
@bb/app:lint:      :                     ^^^^^^^^^^|^^^^^^^^^^
@bb/app:lint:      :                               `-- Cannot access ref value during render
@bb/app:lint:  122 |       >
@bb/app:lint:      `----
@bb/app:lint:   help: React refs are values that are not needed for rendering. Refs should only be accessed outside of render, such as in event handlers or effects. Accessing a ref value (the `current` property) during render can cause your component not to update as expected
@bb/app:lint:   note: React Compiler skipped optimizing this component or hook. Additional guidance: https://react.dev/reference/eslint-plugin-react-hooks/lints/refs
@bb/app:lint: 
@bb/app:lint:   ! react(refs): Cannot access refs during render
@bb/app:lint:     ,-[src/components/promptbox/banner/CollapsibleActiveStackCard.tsx:73:16]
@bb/app:lint:  72 |         <button
@bb/app:lint:  73 |           ref={focus.triggerRef}
@bb/app:lint:     :                ^^^^^^^^|^^^^^^^
@bb/app:lint:     :                        `-- Cannot access ref value during render
@bb/app:lint:  74 |           type="button"
@bb/app:lint:     `----
@bb/app:lint:   help: React refs are values that are not needed for rendering. Refs should only be accessed outside of render, such as in event handlers or effects. Accessing a ref value (the `current` property) during render can cause your component not to update as expected
@bb/app:lint:   note: React Compiler skipped optimizing this component or hook. Additional guidance: https://react.dev/reference/eslint-plugin-react-hooks/lints/refs
@bb/app:lint: 
@bb/app:lint:   ! react(refs): Cannot access refs during render
@bb/app:lint:     ,-[src/components/promptbox/banner/CollapsibleActiveStackCard.tsx:79:20]
@bb/app:lint:  78 |           aria-label={toggleAriaLabel}
@bb/app:lint:  79 |           onClick={focus.onTriggerClick}
@bb/app:lint:     :                    ^^^^^^^^^^|^^^^^^^^^
@bb/app:lint:     :                              `-- Cannot access ref value during render
@bb/app:lint:  80 |           className={cn(
@bb/app:lint:     `----
@bb/app:lint:   help: React refs are values that are not needed for rendering. Refs should only be accessed outside of render, such as in event handlers or effects. Accessing a ref value (the `current` property) during render can cause your component not to update as expected
@bb/app:lint:   note: React Compiler skipped optimizing this component or hook. Additional guidance: https://react.dev/reference/eslint-plugin-react-hooks/lints/refs
@bb/app:lint: 
@bb/app:lint:   ! react(refs): Cannot access refs during render
@bb/app:lint:      ,-[src/components/promptbox/banner/CollapsibleActiveStackCard.tsx:122:22]
@bb/app:lint:  121 |         collapseLabel={`Collapse ${title}`}
@bb/app:lint:  122 |         collapseRef={focus.collapseRef}
@bb/app:lint:      :                      ^^^^^^^^|^^^^^^^^
@bb/app:lint:      :                              `-- Cannot access ref value during render
@bb/app:lint:  123 |         onCollapse={focus.onCollapseClick}
@bb/app:lint:      `----
@bb/app:lint:   help: React refs are values that are not needed for rendering. Refs should only be accessed outside of render, such as in event handlers or effects. Accessing a ref value (the `current` property) during render can cause your component not to update as expected
@bb/app:lint:   note: React Compiler skipped optimizing this component or hook. Additional guidance: https://react.dev/reference/eslint-plugin-react-hooks/lints/refs
@bb/app:lint: 
@bb/app:lint:   ! react(refs): Cannot access refs during render
@bb/app:lint:      ,-[src/components/promptbox/banner/CollapsibleActiveStackCard.tsx:123:21]
@bb/app:lint:  122 |         collapseRef={focus.collapseRef}
@bb/app:lint:  123 |         onCollapse={focus.onCollapseClick}
@bb/app:lint:      :                     ^^^^^^^^^^|^^^^^^^^^^
@bb/app:lint:      :                               `-- Cannot access ref value during render
@bb/app:lint:  124 |       >
@bb/app:lint:      `----
@bb/app:lint:   help: React refs are values that are not needed for rendering. Refs should only be accessed outside of render, such as in event handlers or effects. Accessing a ref value (the `current` property) during render can cause your component not to update as expected
@bb/app:lint:   note: React Compiler skipped optimizing this component or hook. Additional guidance: https://react.dev/reference/eslint-plugin-react-hooks/lints/refs
@bb/app:lint: 
@bb/app:lint:   ! react(purity): Cannot call impure function during render
@bb/app:lint:     ,-[src/components/promptbox/banner/ThreadWorkflowCard.test.tsx:20:20]
@bb/app:lint:  19 |         workflowName: "release-review",
@bb/app:lint:  20 |         startedAt: Date.now() - 5_000,
@bb/app:lint:     :                    ^^^^^|^^^^
@bb/app:lint:     :                         `-- Cannot call impure function
@bb/app:lint:  21 |       })}
@bb/app:lint:     `----
@bb/app:lint:   help: `Date.now` is an impure function. Calling an impure function can produce unstable results that update unpredictably when the component re-renders
@bb/app:lint:   note: React Compiler skipped optimizing this component or hook. Additional guidance: https://react.dev/reference/eslint-plugin-react-hooks/lints/purity
@bb/app:lint: 
@bb/app:lint:   ! react(set-state-in-effect): Calling setState synchronously within an effect can trigger cascading renders
@bb/app:lint:     ,-[src/components/promptbox/ComposerSendMenu.tsx:43:21]
@bb/app:lint:  41 | 
@bb/app:lint:  42 |   useEffect(() => {
@bb/app:lint:     :   ^^^^|^^^^
@bb/app:lint:     :       `-- This is the containing effect
@bb/app:lint:  43 |     if (!canSubmit) setOpen(false);
@bb/app:lint:     :                     ^^^|^^^
@bb/app:lint:     :                        `-- Avoid calling setState() directly within an effect
@bb/app:lint:  44 |   }, [canSubmit]);
@bb/app:lint:     `----
@bb/app:lint:   help: Effects should synchronize React with external systems. Calling setState synchronously inside an effect starts another render and is usually unnecessary. Derive the value during render, initialize state directly, or update it from the event that caused the change. Use an effect only when synchronizing with an external system.
@bb/app:lint:   note: React Compiler skipped optimizing this component or hook. Additional guidance: https://react.dev/reference/eslint-plugin-react-hooks/lints/set-state-in-effect
@bb/app:lint: 
@bb/app:lint:   ! react(preserve-manual-memoization): Existing memoization could not be preserved
@bb/app:lint:      ,-[src/components/promptbox/NewThreadComposer.tsx:653:5]
@bb/app:lint:  649 |     () =>
@bb/app:lint:  650 |       seed?.environment === undefined
@bb/app:lint:      :       ^^^^^^^^|^^^^^^^^
@bb/app:lint:      :               `-- This dependency is inferred here
@bb/app:lint:  651 |         ? null
@bb/app:lint:  652 |         : newThreadEnvironmentArgsToSeed(seed.environment),
@bb/app:lint:  653 |     [seed?.environment],
@bb/app:lint:      :     ^^^^^^^^^|^^^^^^^^^
@bb/app:lint:      :              `-- This dependency list does not match the dependencies inferred from the callback
@bb/app:lint:  654 |   );
@bb/app:lint:      `----
@bb/app:lint:   help: React Compiler has skipped optimizing this component because the existing manual memoization could not be preserved. The inferred dependencies did not match the manually specified dependencies, which could cause the value to change more or less frequently than expected. The inferred dependency was `seed`, but the source dependencies were [seed?.environment]. Inferred less specific
@bb/app:lint:         property than source
@bb/app:lint:   note: React Compiler skipped optimizing this component or hook. Additional guidance: https://react.dev/reference/eslint-plugin-react-hooks/lints/preserve-manual-memoization
@bb/app:lint: 
@bb/app:lint:   ! react(preserve-manual-memoization): Existing memoization could not be preserved
@bb/app:lint:       ,-[src/components/promptbox/NewThreadComposer.tsx:1671:5]
@bb/app:lint:  1653 |           isSubmittingRef.current = true;
@bb/app:lint:  1654 |           setIsSubmitting(true);
@bb/app:lint:       :           ^^^^^^^|^^^^^^^
@bb/app:lint:       :                  `-- This dependency is inferred here
@bb/app:lint:  1655 |           setAttachmentError(null);
@bb/app:lint:  1656 |           const clearedSubmittedDraft =
@bb/app:lint:  1657 |             promptDraft.clearIfCurrentMatches(submittedDraft);
@bb/app:lint:  1658 |           try {
@bb/app:lint:  1659 |             await onSubmit(request);
@bb/app:lint:  1660 |             clearReuseEnvironment();
@bb/app:lint:  1661 |           } catch (submitError) {
@bb/app:lint:  1662 |             if (clearedSubmittedDraft) {
@bb/app:lint:  1663 |               promptDraft.restoreIfEmpty(submittedDraft);
@bb/app:lint:  1664 |             }
@bb/app:lint:  1665 |             throw submitError;
@bb/app:lint:  1666 |           } finally {
@bb/app:lint:  1667 |             isSubmittingRef.current = false;
@bb/app:lint:  1668 |             setIsSubmitting(false);
@bb/app:lint:  1669 |           }
@bb/app:lint:  1670 |         },
@bb/app:lint:  1671 | ,->     [
@bb/app:lint:  1672 | |         clearReuseEnvironment,
@bb/app:lint:  1673 | |         executionInputSources,
@bb/app:lint:  1674 | |         onSubmit,
@bb/app:lint:  1675 | |         permissionMode,
@bb/app:lint:  1676 | |         projectDefaultsUnavailable,
@bb/app:lint:  1677 | |         projectId,
@bb/app:lint:  1678 | |         promptDraft,
@bb/app:lint:  1679 | |         reasoningLevel,
@bb/app:lint:  1680 | |         seededExecutionInputSources,
@bb/app:lint:  1681 | |         submissionReadinessReason,
@bb/app:lint:  1682 | |         submissionEnvironment,
@bb/app:lint:  1683 | |         selectedProviderId,
@bb/app:lint:  1684 | |         selectedThreadModel,
@bb/app:lint:  1685 | |         serviceTier,
@bb/app:lint:  1686 | |         supportsServiceTier,
@bb/app:lint:  1687 | |->     ],
@bb/app:lint:       : `---- This dependency list does not match the dependencies inferred from the callback
@bb/app:lint:  1688 |       );
@bb/app:lint:       `----
@bb/app:lint:   help: React Compiler has skipped optimizing this component because the existing manual memoization could not be preserved. The inferred dependencies did not match the manually specified dependencies, which could cause the value to change more or less frequently than expected. The inferred dependency was `setIsSubmitting`, but the source dependencies were [clearReuseEnvironment,
@bb/app:lint:         executionInputSources, onSubmit, permissionMode, projectDefaultsUnavailable, projectId, promptDraft, reasoningLevel, seededExecutionInputSources, submissionReadinessReason, submissionEnvironment, selectedProviderId, selectedThreadModel, serviceTier, supportsServiceTier]. Inferred different dependency than source
@bb/app:lint:   note: React Compiler skipped optimizing this component or hook. Additional guidance: https://react.dev/reference/eslint-plugin-react-hooks/lints/preserve-manual-memoization
@bb/app:lint: 
@bb/app:lint:   ! react(preserve-manual-memoization): Existing memoization could not be preserved
@bb/app:lint:       ,-[src/components/promptbox/NewThreadComposer.tsx:1671:5]
@bb/app:lint:  1654 |           setIsSubmitting(true);
@bb/app:lint:  1655 |           setAttachmentError(null);
@bb/app:lint:       :           ^^^^^^^^^|^^^^^^^^
@bb/app:lint:       :                    `-- This dependency is inferred here
@bb/app:lint:  1656 |           const clearedSubmittedDraft =
@bb/app:lint:  1657 |             promptDraft.clearIfCurrentMatches(submittedDraft);
@bb/app:lint:  1658 |           try {
@bb/app:lint:  1659 |             await onSubmit(request);
@bb/app:lint:  1660 |             clearReuseEnvironment();
@bb/app:lint:  1661 |           } catch (submitError) {
@bb/app:lint:  1662 |             if (clearedSubmittedDraft) {
@bb/app:lint:  1663 |               promptDraft.restoreIfEmpty(submittedDraft);
@bb/app:lint:  1664 |             }
@bb/app:lint:  1665 |             throw submitError;
@bb/app:lint:  1666 |           } finally {
@bb/app:lint:  1667 |             isSubmittingRef.current = false;
@bb/app:lint:  1668 |             setIsSubmitting(false);
@bb/app:lint:  1669 |           }
@bb/app:lint:  1670 |         },
@bb/app:lint:  1671 | ,->     [
@bb/app:lint:  1672 | |         clearReuseEnvironment,
@bb/app:lint:  1673 | |         executionInputSources,
@bb/app:lint:  1674 | |         onSubmit,
@bb/app:lint:  1675 | |         permissionMode,
@bb/app:lint:  1676 | |         projectDefaultsUnavailable,
@bb/app:lint:  1677 | |         projectId,
@bb/app:lint:  1678 | |         promptDraft,
@bb/app:lint:  1679 | |         reasoningLevel,
@bb/app:lint:  1680 | |         seededExecutionInputSources,
@bb/app:lint:  1681 | |         submissionReadinessReason,
@bb/app:lint:  1682 | |         submissionEnvironment,
@bb/app:lint:  1683 | |         selectedProviderId,
@bb/app:lint:  1684 | |         selectedThreadModel,
@bb/app:lint:  1685 | |         serviceTier,
@bb/app:lint:  1686 | |         supportsServiceTier,
@bb/app:lint:  1687 | |->     ],
@bb/app:lint:       : `---- This dependency list does not match the dependencies inferred from the callback
@bb/app:lint:  1688 |       );
@bb/app:lint:       `----
@bb/app:lint:   help: React Compiler has skipped optimizing this component because the existing manual memoization could not be preserved. The inferred dependencies did not match the manually specified dependencies, which could cause the value to change more or less frequently than expected. The inferred dependency was `setAttachmentError`, but the source dependencies were [clearReuseEnvironment,
@bb/app:lint:         executionInputSources, onSubmit, permissionMode, projectDefaultsUnavailable, projectId, promptDraft, reasoningLevel, seededExecutionInputSources, submissionReadinessReason, submissionEnvironment, selectedProviderId, selectedThreadModel, serviceTier, supportsServiceTier]. Inferred different dependency than source
@bb/app:lint:   note: React Compiler skipped optimizing this component or hook. Additional guidance: https://react.dev/reference/eslint-plugin-react-hooks/lints/preserve-manual-memoization
@bb/app:lint: 
@bb/app:lint:   ! react(preserve-manual-memoization): Existing memoization could not be preserved
@bb/app:lint:       ,-[src/components/promptbox/NewThreadComposer.tsx:2090:5]
@bb/app:lint:  1956 |                   onQueryChange: (query, trigger) =>
@bb/app:lint:  1957 |                     setCommandState({ query, trigger }),
@bb/app:lint:       :                     ^^^^^^^|^^^^^^^
@bb/app:lint:       :                            `-- This dependency is inferred here
@bb/app:lint:  1958 |                   onEditorFocus: handleEditorFocus,
@bb/app:lint:  1959 |                 },
@bb/app:lint:  1960 |               }}
@bb/app:lint:  1961 |               attachments={{
@bb/app:lint:  1962 |                 pendingUploads,
@bb/app:lint:  1963 |                 projectId,
@bb/app:lint:  1964 |                 onAttachFiles: handleAttachFiles,
@bb/app:lint:  1965 |                 onRemove: promptDraft.removeAttachment,
@bb/app:lint:  1966 |                 isAttaching: isUploading || isCopyingAttachments,
@bb/app:lint:  1967 |                 error: attachmentError,
@bb/app:lint:  1968 |               }}
@bb/app:lint:  1969 |               promptActions={promptActions}
@bb/app:lint:  1970 |               modeConfig={{
@bb/app:lint:  1971 |                 environment: {
@bb/app:lint:  1972 |                   value: effectiveEnvironmentValue,
@bb/app:lint:  1973 |                   sources: projectSources,
@bb/app:lint:  1974 |                   disabled: locks.environment,
@bb/app:lint:  1975 |                   isLoading: environmentProviders === undefined,
@bb/app:lint:  1976 |                   providers: environmentProviders ?? [],
@bb/app:lint:  1977 |                   providersByHostId: environmentProvidersByHostId,
@bb/app:lint:  1978 |                   selectedProviderHostId: providerHostId,
@bb/app:lint:  1979 |                   inputsControlProviderIds,
@bb/app:lint:  1980 |                   onSelectProvider: handleSelectProvider,
@bb/app:lint:  1981 |                   onSelectHost: handleSelectHost,
@bb/app:lint:  1982 |                   onSelectReuse: handleSelectReuse,
@bb/app:lint:  1983 |                   ...(!isProjectless && options.onRequestMachineSetup
@bb/app:lint:  1984 |                     ? { onRequestMachineSetup: options.onRequestMachineSetup }
@bb/app:lint:  1985 |                     : {}),
@bb/app:lint:  1986 |                 },
@bb/app:lint:  1987 |                 worktree: {
@bb/app:lint:  1988 |                   options: reuseThreadOptions,
@bb/app:lint:  1989 |                   value: reuseEnvironmentId,
@bb/app:lint:  1990 |                   onChange: handleWorktreeChange,
@bb/app:lint:  1991 |                   disabled: locks.environment,
@bb/app:lint:  1992 |                 },
@bb/app:lint:  1993 |                 permission: {
@bb/app:lint:  1994 |                   value: permissionMode,
@bb/app:lint:  1995 |                   options: permissionModeOptions,
@bb/app:lint:  1996 |                   onChange: handlePermissionChange,
@bb/app:lint:  1997 |                   supported: supportsPermissionModeSelection,
@bb/app:lint:  1998 |                 },
@bb/app:lint:  1999 |                 environmentProviderInputsSlot,
@bb/app:lint:  2000 |                 machineProviderInputsSlot: machineProviderInputs.control,
@bb/app:lint:  2001 |                 banner:
@bb/app:lint:  2002 |                   options.banner ??
@bb/app:lint:  2003 |                   (machineServerAccessReason !== null ? (
@bb/app:lint:  2004 |                     <ProviderRequirementBanner
@bb/app:lint:  2005 |                       title={MACHINE_SERVER_ACCESS_TITLE}
@bb/app:lint:  2006 |                       description={machineServerAccessReason}
@bb/app:lint:  2007 |                       action={
@bb/app:lint:  2008 |                         <Button
@bb/app:lint:  2009 |                           type="button"
@bb/app:lint:  2010 |                           size="sm"
@bb/app:lint:  2011 |                           className="h-8 shrink-0 px-3"
@bb/app:lint:  2012 |                           onClick={() => navigate(getSettingsRoutePath("machines"))}
@bb/app:lint:  2013 |                         >
@bb/app:lint:  2014 |                           Set up machine access
@bb/app:lint:  2015 |                         </Button>
@bb/app:lint:  2016 |                       }
@bb/app:lint:  2017 |                     />
@bb/app:lint:  2018 |                   ) : setupRequiredProvider === null ? null : (
@bb/app:lint:  2019 |                     <ProviderRequirementBanner
@bb/app:lint:  2020 |                       title={`${setupRequiredProvider.displayName} needs configuration`}
@bb/app:lint:  2021 |                       description={environmentSetupRequiredReason}
@bb/app:lint:  2022 |                       action={
@bb/app:lint:  2023 |                         <Button
@bb/app:lint:  2024 |                           type="button"
@bb/app:lint:  2025 |                           size="sm"
@bb/app:lint:  2026 |                           className="h-8 shrink-0 px-3"
@bb/app:lint:  2027 |                           onClick={() =>
@bb/app:lint:  2028 |                             navigate(
@bb/app:lint:  2029 |                               getPluginConfigurationRoutePath({
@bb/app:lint:  2030 |                                 pluginId: setupRequiredProvider.pluginId,
@bb/app:lint:  2031 |                               }),
@bb/app:lint:  2032 |                             )
@bb/app:lint:  2033 |                           }
@bb/app:lint:  2034 |                         >
@bb/app:lint:  2035 |                           Configure {setupRequiredProvider.displayName}
@bb/app:lint:  2036 |                         </Button>
@bb/app:lint:  2037 |                       }
@bb/app:lint:  2038 |                     />
@bb/app:lint:  2039 |                   )),
@bb/app:lint:  2040 |                 header: options.header,
@bb/app:lint:  2041 |               }}
@bb/app:lint:  2042 |               project={{
@bb/app:lint:  2043 |                 projects: projectOptions,
@bb/app:lint:  2044 |                 value: options.allowNoProject && isProjectless ? null : projectId,
@bb/app:lint:  2045 |                 onChange: handleProjectChange,
@bb/app:lint:  2046 |                 allowNoProject: options.allowNoProject,
@bb/app:lint:  2047 |                 createProject: options.createProject,
@bb/app:lint:  2048 |                 isLoading: !sidebarNavigationSettled,
@bb/app:lint:  2049 |                 disabled:
@bb/app:lint:  2050 |                   locks.project ||
@bb/app:lint:  2051 |                   isUploading ||
@bb/app:lint:  2052 |                   isCopyingAttachments ||
@bb/app:lint:  2053 |                   isSubmitting,
@bb/app:lint:  2054 |                 showChevronWhenDisabled: !locks.project,
@bb/app:lint:  2055 |               }}
@bb/app:lint:  2056 |               execution={{
@bb/app:lint:  2057 |                 providerRouting: executionOptionsRouting,
@bb/app:lint:  2058 |                 provider: {
@bb/app:lint:  2059 |                   options: providerOptions,
@bb/app:lint:  2060 |                   selectedId: selectedProviderId,
@bb/app:lint:  2061 |                   onChange: locks.provider ? undefined : handleProviderChange,
@bb/app:lint:  2062 |                   hasMultiple: hasMultipleProviders,
@bb/app:lint:  2063 |                 },
@bb/app:lint:  2064 |                 model: {
@bb/app:lint:  2065 |                   active: activeModel,
@bb/app:lint:  2066 |                   selected: selectedModel,
@bb/app:lint:  2067 |                   options: modelOptions,
@bb/app:lint:  2068 |                   moreOptions: moreModelOptions,
@bb/app:lint:  2069 |                   isLoading: isLoadingModels,
@bb/app:lint:  2070 |                   loadFailed: modelLoadFailed,
@bb/app:lint:  2071 |                   loadError: modelLoadError,
@bb/app:lint:  2072 |                   onChange: handleModelChange,
@bb/app:lint:  2073 |                 },
@bb/app:lint:  2074 |                 serviceTier: {
@bb/app:lint:  2075 |                   value: serviceTier,
@bb/app:lint:  2076 |                   onChange: handleServiceTierChange,
@bb/app:lint:  2077 |                   supported: supportsServiceTier,
@bb/app:lint:  2078 |                   supportByProvider: serviceTierSupportByProvider,
@bb/app:lint:  2079 |                   options: serviceTierOptions,
@bb/app:lint:  2080 |                 },
@bb/app:lint:  2081 |                 reasoning: {
@bb/app:lint:  2082 |                   value: reasoningLevel,
@bb/app:lint:  2083 |                   options: reasoningOptions,
@bb/app:lint:  2084 |                   onChange: handleReasoningChange,
@bb/app:lint:  2085 |                 },
@bb/app:lint:  2086 |               }}
@bb/app:lint:  2087 |             />
@bb/app:lint:  2088 |           );
@bb/app:lint:  2089 |         },
@bb/app:lint:  2090 | ,->     [
@bb/app:lint:  2091 | |         activeModel,
@bb/app:lint:  2092 | |         attachmentError,
@bb/app:lint:  2093 | |         commandSuggestions,
@bb/app:lint:  2094 | |         defaultMentionLinkResolver,
@bb/app:lint:  2095 | |         effectiveEnvironmentValue,
@bb/app:lint:  2096 | |         environmentProviders,
@bb/app:lint:  2097 | |         environmentProvidersByHostId,
@bb/app:lint:  2098 | |         executionOptionsRouting,
@bb/app:lint:  2099 | |         handleAttachFiles,
@bb/app:lint:  2100 | |         handleEditorFocus,
@bb/app:lint:  2101 | |         handleModelChange,
@bb/app:lint:  2102 | |         handlePermissionChange,
@bb/app:lint:  2103 | |         handleProjectChange,
@bb/app:lint:  2104 | |         handleProviderChange,
@bb/app:lint:  2105 | |         handleReasoningChange,
@bb/app:lint:  2106 | |         handleSelectProvider,
@bb/app:lint:  2107 | |         handleSelectHost,
@bb/app:lint:  2108 | |         handleSelectReuse,
@bb/app:lint:  2109 | |         handleServiceTierChange,
@bb/app:lint:  2110 | |         handleSubmit,
@bb/app:lint:  2111 | |         handleWorktreeChange,
@bb/app:lint:  2112 | |         hasMultipleProviders,
@bb/app:lint:  2113 | |         isCopyingAttachments,
@bb/app:lint:  2114 | |         isLoadingModels,
@bb/app:lint:  2115 | |         isProjectless,
@bb/app:lint:  2116 | |         isSubmitting,
@bb/app:lint:  2117 | |         isUploading,
@bb/app:lint:  2118 | |         pendingUploads,
@bb/app:lint:  2119 | |         modelLoadError,
@bb/app:lint:  2120 | |         modelLoadFailed,
@bb/app:lint:  2121 | |         modelOptions,
@bb/app:lint:  2122 | |         moreModelOptions,
@bb/app:lint:  2123 | |         permissionMode,
@bb/app:lint:  2124 | |         permissionModeOptions,
@bb/app:lint:  2125 | |         projectId,
@bb/app:lint:  2126 | |         projectOptions,
@bb/app:lint:  2127 | |         projectSources,
@bb/app:lint:  2128 | |         promptActions,
@bb/app:lint:  2129 | |         promptBoxFocusRequest,
@bb/app:lint:  2130 | |         promptDraft,
@bb/app:lint:  2131 | |         promptHistoryDrafts,
@bb/app:lint:  2132 | |         restoreHistoryDraft,
@bb/app:lint:  2133 | |         promptMentions,
@bb/app:lint:  2134 | |         pluginComposerHost,
@bb/app:lint:  2135 | |         providerOptions,
@bb/app:lint:  2136 | |         reasoningLevel,
@bb/app:lint:  2137 | |         reasoningOptions,
@bb/app:lint:  2138 | |         reuseEnvironmentId,
@bb/app:lint:  2139 | |         reuseThreadOptions,
@bb/app:lint:  2140 | |         selectedModel,
@bb/app:lint:  2141 | |         selectedProviderId,
@bb/app:lint:  2142 | |         serviceTier,
@bb/app:lint:  2143 | |         serviceTierSupportByProvider,
@bb/app:lint:  2144 | |         sidebarNavigationSettled,
@bb/app:lint:  2145 | |         supportsPermissionModeSelection,
@bb/app:lint:  2146 | |         supportsServiceTier,
@bb/app:lint:  2147 | |         submitDisabledReason,
@bb/app:lint:  2148 | |         machineServerAccessReason,
@bb/app:lint:  2149 | |         setupRequiredProvider,
@bb/app:lint:  2150 | |         environmentSetupRequiredReason,
@bb/app:lint:  2151 | |         navigate,
@bb/app:lint:  2152 | |         environmentProviderInputsSlot,
@bb/app:lint:  2153 | |         machineProviderInputs.control,
@bb/app:lint:  2154 | |         inputsControlProviderIds,
@bb/app:lint:  2155 | |         providerHostId,
@bb/app:lint:  2156 | |         textEffects,
@bb/app:lint:  2157 | |         serviceTierOptions,
@bb/app:lint:  2158 | |->     ],
@bb/app:lint:       : `---- This dependency list does not match the dependencies inferred from the callback
@bb/app:lint:  2159 |       );
@bb/app:lint:       `----
@bb/app:lint:   help: React Compiler has skipped optimizing this component because the existing manual memoization could not be preserved. The inferred dependencies did not match the manually specified dependencies, which could cause the value to change more or less frequently than expected. The inferred dependency was `setCommandState`, but the source dependencies were [activeModel, attachmentError,
@bb/app:lint:         commandSuggestions, defaultMentionLinkResolver, effectiveEnvironmentValue, environmentProviders, environmentProvidersByHostId, executionOptionsRouting, handleAttachFiles, handleEditorFocus, handleModelChange, handlePermissionChange, handleProjectChange, handleProviderChange, handleReasoningChange, handleSelectProvider, handleSelectHost, handleSelectReuse, handleServiceTierChange,
@bb/app:lint:         handleSubmit, handleWorktreeChange, hasMultipleProviders, isCopyingAttachments, isLoadingModels, isProjectless, isSubmitting, isUploading, pendingUploads, modelLoadError, modelLoadFailed, modelOptions, moreModelOptions, permissionMode, permissionModeOptions, projectId, projectOptions, projectSources, promptActions, promptBoxFocusRequest, promptDraft, promptHistoryDrafts,
@bb/app:lint:         restoreHistoryDraft, promptMentions, pluginComposerHost, providerOptions, reasoningLevel, reasoningOptions, reuseEnvironmentId, reuseThreadOptions, selectedModel, selectedProviderId, serviceTier, serviceTierSupportByProvider, sidebarNavigationSettled, supportsPermissionModeSelection, supportsServiceTier, submitDisabledReason, machineServerAccessReason, setupRequiredProvider,
@bb/app:lint:         environmentSetupRequiredReason, navigate, environmentProviderInputsSlot, machineProviderInputs.control, inputsControlProviderIds, providerHostId, textEffects, serviceTierOptions]. Inferred different dependency than source
@bb/app:lint:   note: React Compiler skipped optimizing this component or hook. Additional guidance: https://react.dev/reference/eslint-plugin-react-hooks/lints/preserve-manual-memoization
@bb/app:lint: 
@bb/app:lint:   ! react(purity): Cannot call impure function during render
@bb/app:lint:      ,-[src/components/promptbox/banner/ThreadWorkflowCard.stories.tsx:258:20]
@bb/app:lint:  257 |         description: "Audit the entire repository across forty phases",
@bb/app:lint:  258 |         startedAt: Date.now() - 1_472_000,
@bb/app:lint:      :                    ^^^^^|^^^^
@bb/app:lint:      :                         `-- Cannot call impure function
@bb/app:lint:  259 |         workflow: buildManyPhasesSnapshot(40, activePhase),
@bb/app:lint:      `----
@bb/app:lint:   help: `Date.now` is an impure function. Calling an impure function can produce unstable results that update unpredictably when the component re-renders
@bb/app:lint:   note: React Compiler skipped optimizing this component or hook. Additional guidance: https://react.dev/reference/eslint-plugin-react-hooks/lints/purity
@bb/app:lint: 
@bb/app:lint:   ! react(refs): Cannot access refs during render
@bb/app:lint:      ,-[src/components/promptbox/banner/ThreadTodoCard.tsx:172:16]
@bb/app:lint:  171 |           aria-label={`To-do list: ${summary.aria}`}
@bb/app:lint:  172 |           ref={focus.triggerRef}
@bb/app:lint:      :                ^^^^^^^^|^^^^^^^
@bb/app:lint:      :                        `-- Cannot access ref value during render
@bb/app:lint:  173 |           onClick={focus.onTriggerClick}
@bb/app:lint:      `----
@bb/app:lint:   help: React refs are values that are not needed for rendering. Refs should only be accessed outside of render, such as in event handlers or effects. Accessing a ref value (the `current` property) during render can cause your component not to update as expected
@bb/app:lint:   note: React Compiler skipped optimizing this component or hook. Additional guidance: https://react.dev/reference/eslint-plugin-react-hooks/lints/refs
@bb/app:lint: 
@bb/app:lint:   ! react(refs): Cannot access refs during render
@bb/app:lint:      ,-[src/components/promptbox/banner/ThreadTodoCard.tsx:173:20]
@bb/app:lint:  172 |           ref={focus.triggerRef}
@bb/app:lint:  173 |           onClick={focus.onTriggerClick}
@bb/app:lint:      :                    ^^^^^^^^^^|^^^^^^^^^
@bb/app:lint:      :                              `-- Cannot access ref value during render
@bb/app:lint:  174 |           className={cn(
@bb/app:lint:      `----
@bb/app:lint:   help: React refs are values that are not needed for rendering. Refs should only be accessed outside of render, such as in event handlers or effects. Accessing a ref value (the `current` property) during render can cause your component not to update as expected
@bb/app:lint:   note: React Compiler skipped optimizing this component or hook. Additional guidance: https://react.dev/reference/eslint-plugin-react-hooks/lints/refs
@bb/app:lint: 
@bb/app:lint:   ! react(refs): Cannot access refs during render
@bb/app:lint:      ,-[src/components/promptbox/banner/ThreadTodoCard.tsx:201:22]
@bb/app:lint:  200 |         collapseLabel="Collapse to-do list"
@bb/app:lint:  201 |         collapseRef={focus.collapseRef}
@bb/app:lint:      :                      ^^^^^^^^|^^^^^^^^
@bb/app:lint:      :                              `-- Cannot access ref value during render
@bb/app:lint:  202 |         onCollapse={focus.onCollapseClick}
@bb/app:lint:      `----
@bb/app:lint:   help: React refs are values that are not needed for rendering. Refs should only be accessed outside of render, such as in event handlers or effects. Accessing a ref value (the `current` property) during render can cause your component not to update as expected
@bb/app:lint:   note: React Compiler skipped optimizing this component or hook. Additional guidance: https://react.dev/reference/eslint-plugin-react-hooks/lints/refs
@bb/app:lint: 
@bb/app:lint:   ! react(refs): Cannot access refs during render
@bb/app:lint:      ,-[src/components/promptbox/banner/ThreadTodoCard.tsx:202:21]
@bb/app:lint:  201 |         collapseRef={focus.collapseRef}
@bb/app:lint:  202 |         onCollapse={focus.onCollapseClick}
@bb/app:lint:      :                     ^^^^^^^^^^|^^^^^^^^^^
@bb/app:lint:      :                               `-- Cannot access ref value during render
@bb/app:lint:  203 |       >
@bb/app:lint:      `----
@bb/app:lint:   help: React refs are values that are not needed for rendering. Refs should only be accessed outside of render, such as in event handlers or effects. Accessing a ref value (the `current` property) during render can cause your component not to update as expected
@bb/app:lint:   note: React Compiler skipped optimizing this component or hook. Additional guidance: https://react.dev/reference/eslint-plugin-react-hooks/lints/refs
@bb/app:lint: 
@bb/app:lint:   ! react(set-state-in-effect): Calling setState synchronously within an effect can trigger cascading renders
@bb/app:lint:      ,-[src/hooks/useAudioInputDevices.ts:129:5]
@bb/app:lint:  126 | 
@bb/app:lint:  127 |   useEffect(() => {
@bb/app:lint:      :   ^^^^|^^^^
@bb/app:lint:      :       `-- This is the containing effect
@bb/app:lint:  128 |     const mediaDevices = getMediaDevices();
@bb/app:lint:  129 |     setIsSupported(mediaDevices !== null);
@bb/app:lint:      :     ^^^^^^^|^^^^^^
@bb/app:lint:      :            `-- Avoid calling setState() directly within an effect
@bb/app:lint:  130 |     if (mediaDevices === null) {
@bb/app:lint:      `----
@bb/app:lint:   help: Effects should synchronize React with external systems. Calling setState synchronously inside an effect starts another render and is usually unnecessary. Derive the value during render, initialize state directly, or update it from the event that caused the change. Use an effect only when synchronizing with an external system.
@bb/app:lint:   note: React Compiler skipped optimizing this component or hook. Additional guidance: https://react.dev/reference/eslint-plugin-react-hooks/lints/set-state-in-effect
@bb/app:lint: 
@bb/app:lint:   ! react(set-state-in-effect): Calling setState synchronously within an effect can trigger cascading renders
@bb/app:lint:     ,-[src/components/promptbox/AttachmentPreview.tsx:48:5]
@bb/app:lint:  44 |   const isImage = file.type.startsWith("image/");
@bb/app:lint:  45 |   useEffect(() => {
@bb/app:lint:     :   ^^^^|^^^^
@bb/app:lint:     :       `-- This is the containing effect
@bb/app:lint:  46 |     if (!isImage) return;
@bb/app:lint:  47 |     const url = URL.createObjectURL(file);
@bb/app:lint:  48 |     setPreviewUrl(url);
@bb/app:lint:     :     ^^^^^^|^^^^^^
@bb/app:lint:     :           `-- Avoid calling setState() directly within an effect
@bb/app:lint:  49 |     return () => URL.revokeObjectURL(url);
@bb/app:lint:     `----
@bb/app:lint:   help: Effects should synchronize React with external systems. Calling setState synchronously inside an effect starts another render and is usually unnecessary. Derive the value during render, initialize state directly, or update it from the event that caused the change. Use an effect only when synchronizing with an external system.
@bb/app:lint:   note: React Compiler skipped optimizing this component or hook. Additional guidance: https://react.dev/reference/eslint-plugin-react-hooks/lints/set-state-in-effect
@bb/app:lint: 
@bb/app:lint:   ! react(set-state-in-effect): Calling setState synchronously within an effect can trigger cascading renders
@bb/app:lint:     ,-[src/components/promptbox/MicrophonePreferences.tsx:30:5]
@bb/app:lint:  25 | 
@bb/app:lint:  26 |   useEffect(() => {
@bb/app:lint:     :   ^^^^|^^^^
@bb/app:lint:     :       `-- This is the containing effect
@bb/app:lint:  27 |     if (!open || !isSupported) return;
@bb/app:lint:  28 |     let disposed = false;
@bb/app:lint:  29 |     let acquired: MediaStream | null = null;
@bb/app:lint:  30 |     setError(null);
@bb/app:lint:     :     ^^^^|^^^
@bb/app:lint:     :         `-- Avoid calling setState() directly within an effect
@bb/app:lint:  31 |     setTestStream(null);
@bb/app:lint:     `----
@bb/app:lint:   help: Effects should synchronize React with external systems. Calling setState synchronously inside an effect starts another render and is usually unnecessary. Derive the value during render, initialize state directly, or update it from the event that caused the change. Use an effect only when synchronizing with an external system.
@bb/app:lint:   note: React Compiler skipped optimizing this component or hook. Additional guidance: https://react.dev/reference/eslint-plugin-react-hooks/lints/set-state-in-effect
@bb/app:lint: 
@bb/app:lint:   ! react(refs): Cannot access refs during render
@bb/app:lint:      ,-[src/components/promptbox/banner/ThreadPromptContextBanner.tsx:715:16]
@bb/app:lint:  714 |         <button
@bb/app:lint:  715 |           ref={focus.triggerRef}
@bb/app:lint:      :                ^^^^^^^^|^^^^^^^
@bb/app:lint:      :                        `-- Cannot access ref value during render
@bb/app:lint:  716 |           type="button"
@bb/app:lint:      `----
@bb/app:lint:   help: React refs are values that are not needed for rendering. Refs should only be accessed outside of render, such as in event handlers or effects. Accessing a ref value (the `current` property) during render can cause your component not to update as expected
@bb/app:lint:   note: React Compiler skipped optimizing this component or hook. Additional guidance: https://react.dev/reference/eslint-plugin-react-hooks/lints/refs
@bb/app:lint: 
@bb/app:lint:   ! react(refs): Cannot access refs during render
@bb/app:lint:      ,-[src/components/promptbox/banner/ThreadPromptContextBanner.tsx:721:20]
@bb/app:lint:  720 |           aria-label={`${groupLabel}: ${primaryTitle}`}
@bb/app:lint:  721 |           onClick={focus.onTriggerClick}
@bb/app:lint:      :                    ^^^^^^^^^^|^^^^^^^^^
@bb/app:lint:      :                              `-- Cannot access ref value during render
@bb/app:lint:  722 |           className={cn(
@bb/app:lint:      `----
@bb/app:lint:   help: React refs are values that are not needed for rendering. Refs should only be accessed outside of render, such as in event handlers or effects. Accessing a ref value (the `current` property) during render can cause your component not to update as expected
@bb/app:lint:   note: React Compiler skipped optimizing this component or hook. Additional guidance: https://react.dev/reference/eslint-plugin-react-hooks/lints/refs
@bb/app:lint: 
@bb/app:lint:   ! react(refs): Cannot access refs during render
@bb/app:lint:      ,-[src/components/promptbox/banner/ThreadPromptContextBanner.tsx:764:22]
@bb/app:lint:  763 |         collapseLabel="Collapse child threads"
@bb/app:lint:  764 |         collapseRef={focus.collapseRef}
@bb/app:lint:      :                      ^^^^^^^^|^^^^^^^^
@bb/app:lint:      :                              `-- Cannot access ref value during render
@bb/app:lint:  765 |         onCollapse={focus.onCollapseClick}
@bb/app:lint:      `----
@bb/app:lint:   help: React refs are values that are not needed for rendering. Refs should only be accessed outside of render, such as in event handlers or effects. Accessing a ref value (the `current` property) during render can cause your component not to update as expected
@bb/app:lint:   note: React Compiler skipped optimizing this component or hook. Additional guidance: https://react.dev/reference/eslint-plugin-react-hooks/lints/refs
@bb/app:lint: 
@bb/app:lint:   ! react(refs): Cannot access refs during render
@bb/app:lint:      ,-[src/components/promptbox/banner/ThreadPromptContextBanner.tsx:765:21]
@bb/app:lint:  764 |         collapseRef={focus.collapseRef}
@bb/app:lint:  765 |         onCollapse={focus.onCollapseClick}
@bb/app:lint:      :                     ^^^^^^^^^^|^^^^^^^^^^
@bb/app:lint:      :                               `-- Cannot access ref value during render
@bb/app:lint:  766 |       >
@bb/app:lint:      `----
@bb/app:lint:   help: React refs are values that are not needed for rendering. Refs should only be accessed outside of render, such as in event handlers or effects. Accessing a ref value (the `current` property) during render can cause your component not to update as expected
@bb/app:lint:   note: React Compiler skipped optimizing this component or hook. Additional guidance: https://react.dev/reference/eslint-plugin-react-hooks/lints/refs
@bb/app:lint: 
@bb/app:lint:   ! react(set-state-in-effect): Calling setState synchronously within an effect can trigger cascading renders
@bb/app:lint:     ,-[src/lib/plugin-code-theme.ts:41:7]
@bb/app:lint:  37 | 
@bb/app:lint:  38 |   useEffect(() => {
@bb/app:lint:     :   ^^^^|^^^^
@bb/app:lint:     :       `-- This is the containing effect
@bb/app:lint:  39 |     const cached = cache.get(name);
@bb/app:lint:  40 |     if (cached !== undefined) {
@bb/app:lint:  41 |       setTheme(cached);
@bb/app:lint:     :       ^^^^|^^^
@bb/app:lint:     :           `-- Avoid calling setState() directly within an effect
@bb/app:lint:  42 |       return;
@bb/app:lint:     `----
@bb/app:lint:   help: Effects should synchronize React with external systems. Calling setState synchronously inside an effect starts another render and is usually unnecessary. Derive the value during render, initialize state directly, or update it from the event that caused the change. Use an effect only when synchronizing with an external system.
@bb/app:lint:   note: React Compiler skipped optimizing this component or hook. Additional guidance: https://react.dev/reference/eslint-plugin-react-hooks/lints/set-state-in-effect
@bb/app:lint: 
@bb/app:lint:   ! react(set-state-in-effect): Calling setState synchronously within an effect can trigger cascading renders
@bb/app:lint:      ,-[src/components/thread/timeline/ExpandableTimelineRow.tsx:105:7]
@bb/app:lint:  102 |   const [collapsedPreviewActive, setCollapsedPreviewActive] = useState(false);
@bb/app:lint:  103 |   useEffect(() => {
@bb/app:lint:      :   ^^^^|^^^^
@bb/app:lint:      :       `-- This is the containing effect
@bb/app:lint:  104 |     if (terminalAutoExpanded) {
@bb/app:lint:  105 |       setTerminalAutoExpandedLatch(true);
@bb/app:lint:      :       ^^^^^^^^^^^^^^|^^^^^^^^^^^^^
@bb/app:lint:      :                     `-- Avoid calling setState() directly within an effect
@bb/app:lint:  106 |     }
@bb/app:lint:      `----
@bb/app:lint:   help: Effects should synchronize React with external systems. Calling setState synchronously inside an effect starts another render and is usually unnecessary. Derive the value during render, initialize state directly, or update it from the event that caused the change. Use an effect only when synchronizing with an external system.
@bb/app:lint:   note: React Compiler skipped optimizing this component or hook. Additional guidance: https://react.dev/reference/eslint-plugin-react-hooks/lints/set-state-in-effect
@bb/app:lint: 
@bb/app:lint:   ! react(set-state-in-effect): Calling setState synchronously within an effect can trigger cascading renders
@bb/app:lint:      ,-[src/components/thread/timeline/ExpandableTimelineRow.tsx:115:7]
@bb/app:lint:  112 |         (autoExpanded || terminalAutoExpanded || terminalAutoExpandedLatch)));
@bb/app:lint:  113 |   useEffect(() => {
@bb/app:lint:      :   ^^^^|^^^^
@bb/app:lint:      :       `-- This is the containing effect
@bb/app:lint:  114 |     if (isExpanded) {
@bb/app:lint:  115 |       setCollapsedPreviewActive(false);
@bb/app:lint:      :       ^^^^^^^^^^^^|^^^^^^^^^^^^
@bb/app:lint:      :                   `-- Avoid calling setState() directly within an effect
@bb/app:lint:  116 |     }
@bb/app:lint:      `----
@bb/app:lint:   help: Effects should synchronize React with external systems. Calling setState synchronously inside an effect starts another render and is usually unnecessary. Derive the value during render, initialize state directly, or update it from the event that caused the change. Use an effect only when synchronizing with an external system.
@bb/app:lint:   note: React Compiler skipped optimizing this component or hook. Additional guidance: https://react.dev/reference/eslint-plugin-react-hooks/lints/set-state-in-effect
@bb/app:lint: 
@bb/app:lint:   ! react(refs): Cannot access refs during render
@bb/app:lint:     ,-[src/hooks/useAppSettingsRouteMemory.ts:62:9]
@bb/app:lint:  61 |     appRoutePath: isSettingsRoute
@bb/app:lint:  62 |       ? lastAppRoutePathRef.current
@bb/app:lint:     :         ^^^^^^^^^^^^^|^^^^^^^^^^^^^
@bb/app:lint:     :                      `-- Cannot access ref value during render
@bb/app:lint:  63 |       : currentRoutePath,
@bb/app:lint:     `----
@bb/app:lint:   help: React refs are values that are not needed for rendering. Refs should only be accessed outside of render, such as in event handlers or effects. Accessing a ref value (the `current` property) during render can cause your component not to update as expected
@bb/app:lint:   note: React Compiler skipped optimizing this component or hook. Additional guidance: https://react.dev/reference/eslint-plugin-react-hooks/lints/refs
@bb/app:lint: 
@bb/app:lint:   ! react(refs): Cannot access refs during render
@bb/app:lint:     ,-[src/hooks/useAppSettingsRouteMemory.ts:66:9]
@bb/app:lint:  65 |       ? currentRoutePath
@bb/app:lint:  66 |       : lastSettingsRoutePathRef.current,
@bb/app:lint:     :         ^^^^^^^^^^^^^^^^|^^^^^^^^^^^^^^^
@bb/app:lint:     :                         `-- Cannot access ref value during render
@bb/app:lint:  67 |     toolsBackRoutePath: isCurrentToolsRoute
@bb/app:lint:     `----
@bb/app:lint:   help: React refs are values that are not needed for rendering. Refs should only be accessed outside of render, such as in event handlers or effects. Accessing a ref value (the `current` property) during render can cause your component not to update as expected
@bb/app:lint:   note: React Compiler skipped optimizing this component or hook. Additional guidance: https://react.dev/reference/eslint-plugin-react-hooks/lints/refs
@bb/app:lint: 
@bb/app:lint:   ! react(refs): Cannot access refs during render
@bb/app:lint:     ,-[src/hooks/useAppSettingsRouteMemory.ts:68:9]
@bb/app:lint:  67 |     toolsBackRoutePath: isCurrentToolsRoute
@bb/app:lint:  68 |       ? lastCoreAppRoutePathRef.current
@bb/app:lint:     :         ^^^^^^^^^^^^^^^|^^^^^^^^^^^^^^^
@bb/app:lint:     :                        `-- Cannot access ref value during render
@bb/app:lint:  69 |       : currentRoutePath,
@bb/app:lint:     `----
@bb/app:lint:   help: React refs are values that are not needed for rendering. Refs should only be accessed outside of render, such as in event handlers or effects. Accessing a ref value (the `current` property) during render can cause your component not to update as expected
@bb/app:lint:   note: React Compiler skipped optimizing this component or hook. Additional guidance: https://react.dev/reference/eslint-plugin-react-hooks/lints/refs
@bb/app:lint: 
@bb/app:lint:   ! react(refs): Cannot access refs during render
@bb/app:lint:     ,-[src/hooks/useAppSettingsRouteMemory.ts:60:10]
@bb/app:lint:  59 |     
@bb/app:lint:  60 | ,->   return {
@bb/app:lint:  61 | |       appRoutePath: isSettingsRoute
@bb/app:lint:  62 | |         ? lastAppRoutePathRef.current
@bb/app:lint:  63 | |         : currentRoutePath,
@bb/app:lint:  64 | |       settingsRoutePath: isSettingsRoute
@bb/app:lint:  65 | |         ? currentRoutePath
@bb/app:lint:  66 | |         : lastSettingsRoutePathRef.current,
@bb/app:lint:  67 | |       toolsBackRoutePath: isCurrentToolsRoute
@bb/app:lint:  68 | |         ? lastCoreAppRoutePathRef.current
@bb/app:lint:  69 | |         : currentRoutePath,
@bb/app:lint:  70 | |->   };
@bb/app:lint:     : `---- Cannot access ref value during render
@bb/app:lint:  71 |     }
@bb/app:lint:     `----
@bb/app:lint:   help: React refs are values that are not needed for rendering. Refs should only be accessed outside of render, such as in event handlers or effects. Accessing a ref value (the `current` property) during render can cause your component not to update as expected
@bb/app:lint:   note: React Compiler skipped optimizing this component or hook. Additional guidance: https://react.dev/reference/eslint-plugin-react-hooks/lints/refs
@bb/app:lint: 
@bb/app:lint:   ! react(set-state-in-effect): Calling setState synchronously within an effect can trigger cascading renders
@bb/app:lint:     ,-[src/hooks/useMicrophoneSignal.ts:10:5]
@bb/app:lint:   8 | 
@bb/app:lint:   9 |   useEffect(() => {
@bb/app:lint:     :   ^^^^|^^^^
@bb/app:lint:     :       `-- This is the containing effect
@bb/app:lint:  10 |     setSignal({ level: 0, silent: false });
@bb/app:lint:     :     ^^^^|^^^^
@bb/app:lint:     :         `-- Avoid calling setState() directly within an effect
@bb/app:lint:  11 |     if (!stream || typeof AudioContext === "undefined") return;
@bb/app:lint:     `----
@bb/app:lint:   help: Effects should synchronize React with external systems. Calling setState synchronously inside an effect starts another render and is usually unnecessary. Derive the value during render, initialize state directly, or update it from the event that caused the change. Use an effect only when synchronizing with an external system.
@bb/app:lint:   note: React Compiler skipped optimizing this component or hook. Additional guidance: https://react.dev/reference/eslint-plugin-react-hooks/lints/set-state-in-effect
@bb/app:lint: 
@bb/app:lint:   ! react(refs): Cannot access refs during render
@bb/app:lint:      ,-[src/components/promptbox/banner/ThreadMachineStatus.tsx:106:18]
@bb/app:lint:  105 |             aria-label={`${status}. ${detail}`}
@bb/app:lint:  106 |             ref={focus.triggerRef}
@bb/app:lint:      :                  ^^^^^^^^|^^^^^^^
@bb/app:lint:      :                          `-- Cannot access ref value during render
@bb/app:lint:  107 |             onClick={focus.onTriggerClick}
@bb/app:lint:      `----
@bb/app:lint:   help: React refs are values that are not needed for rendering. Refs should only be accessed outside of render, such as in event handlers or effects. Accessing a ref value (the `current` property) during render can cause your component not to update as expected
@bb/app:lint:   note: React Compiler skipped optimizing this component or hook. Additional guidance: https://react.dev/reference/eslint-plugin-react-hooks/lints/refs
@bb/app:lint: 
@bb/app:lint:   ! react(refs): Cannot access refs during render
@bb/app:lint:      ,-[src/components/promptbox/banner/ThreadMachineStatus.tsx:107:22]
@bb/app:lint:  106 |             ref={focus.triggerRef}
@bb/app:lint:  107 |             onClick={focus.onTriggerClick}
@bb/app:lint:      :                      ^^^^^^^^^^|^^^^^^^^^
@bb/app:lint:      :                                `-- Cannot access ref value during render
@bb/app:lint:  108 |             className={cn(
@bb/app:lint:      `----
@bb/app:lint:   help: React refs are values that are not needed for rendering. Refs should only be accessed outside of render, such as in event handlers or effects. Accessing a ref value (the `current` property) during render can cause your component not to update as expected
@bb/app:lint:   note: React Compiler skipped optimizing this component or hook. Additional guidance: https://react.dev/reference/eslint-plugin-react-hooks/lints/refs
@bb/app:lint: 
@bb/app:lint:   ! react(refs): Cannot access refs during render
@bb/app:lint:      ,-[src/components/promptbox/banner/ThreadMachineStatus.tsx:147:24]
@bb/app:lint:  146 |           collapseLabel="Collapse machine status"
@bb/app:lint:  147 |           collapseRef={focus.collapseRef}
@bb/app:lint:      :                        ^^^^^^^^|^^^^^^^^
@bb/app:lint:      :                                `-- Cannot access ref value during render
@bb/app:lint:  148 |           onCollapse={focus.onCollapseClick}
@bb/app:lint:      `----
@bb/app:lint:   help: React refs are values that are not needed for rendering. Refs should only be accessed outside of render, such as in event handlers or effects. Accessing a ref value (the `current` property) during render can cause your component not to update as expected
@bb/app:lint:   note: React Compiler skipped optimizing this component or hook. Additional guidance: https://react.dev/reference/eslint-plugin-react-hooks/lints/refs
@bb/app:lint: 
@bb/app:lint:   ! react(refs): Cannot access refs during render
@bb/app:lint:      ,-[src/components/promptbox/banner/ThreadMachineStatus.tsx:148:23]
@bb/app:lint:  147 |           collapseRef={focus.collapseRef}
@bb/app:lint:  148 |           onCollapse={focus.onCollapseClick}
@bb/app:lint:      :                       ^^^^^^^^^^|^^^^^^^^^^
@bb/app:lint:      :                                 `-- Cannot access ref value during render
@bb/app:lint:  149 |         >
@bb/app:lint:      `----
@bb/app:lint:   help: React refs are values that are not needed for rendering. Refs should only be accessed outside of render, such as in event handlers or effects. Accessing a ref value (the `current` property) during render can cause your component not to update as expected
@bb/app:lint:   note: React Compiler skipped optimizing this component or hook. Additional guidance: https://react.dev/reference/eslint-plugin-react-hooks/lints/refs
@bb/app:lint: 
@bb/app:lint:   ! react(set-state-in-effect): Calling setState synchronously within an effect can trigger cascading renders
@bb/app:lint:      ,-[src/components/ui/sidebar.tsx:554:9]
@bb/app:lint:  551 | 
@bb/app:lint:  552 |     React.useEffect(() => {
@bb/app:lint:      :     ^^^^^^^|^^^^^^^
@bb/app:lint:      :            `-- This is the containing effect
@bb/app:lint:  553 |       if (openMobile) {
@bb/app:lint:  554 |         setSuppressMobileCloseAnimation(false);
@bb/app:lint:      :         ^^^^^^^^^^^^^^^|^^^^^^^^^^^^^^^
@bb/app:lint:      :                        `-- Avoid calling setState() directly within an effect
@bb/app:lint:  555 |       } else {
@bb/app:lint:      `----
@bb/app:lint:   help: Effects should synchronize React with external systems. Calling setState synchronously inside an effect starts another render and is usually unnecessary. Derive the value during render, initialize state directly, or update it from the event that caused the change. Use an effect only when synchronizing with an external system.
@bb/app:lint:   note: React Compiler skipped optimizing this component or hook. Additional guidance: https://react.dev/reference/eslint-plugin-react-hooks/lints/set-state-in-effect
@bb/app:lint: 
@bb/app:lint:   ! react(set-state-in-effect): Calling setState synchronously within an effect can trigger cascading renders
@bb/app:lint:     ,-[src/components/secondary-panel/git-diff/useGitDiffPanelState.ts:56:5]
@bb/app:lint:  54 | 
@bb/app:lint:  55 |   useEffect(() => {
@bb/app:lint:     :   ^^^^|^^^^
@bb/app:lint:     :       `-- This is the containing effect
@bb/app:lint:  56 |     setSelectedGitDiffSelection(null);
@bb/app:lint:     :     ^^^^^^^^^^^^^|^^^^^^^^^^^^^
@bb/app:lint:     :                  `-- Avoid calling setState() directly within an effect
@bb/app:lint:  57 |     setGitDiffFileFilter(null);
@bb/app:lint:     `----
@bb/app:lint:   help: Effects should synchronize React with external systems. Calling setState synchronously inside an effect starts another render and is usually unnecessary. Derive the value during render, initialize state directly, or update it from the event that caused the change. Use an effect only when synchronizing with an external system.
@bb/app:lint:   note: React Compiler skipped optimizing this component or hook. Additional guidance: https://react.dev/reference/eslint-plugin-react-hooks/lints/set-state-in-effect
@bb/app:lint: 
@bb/app:lint:   ! react(set-state-in-effect): Calling setState synchronously within an effect can trigger cascading renders
@bb/app:lint:     ,-[src/components/secondary-panel/git-diff/useGitDiffPanelState.ts:62:7]
@bb/app:lint:  59 | 
@bb/app:lint:  60 |   useEffect(() => {
@bb/app:lint:     :   ^^^^|^^^^
@bb/app:lint:     :       `-- This is the containing effect
@bb/app:lint:  61 |     if (pendingGitDiffScrollPath) {
@bb/app:lint:  62 |       setSelectedGitDiffSelection(null);
@bb/app:lint:     :       ^^^^^^^^^^^^^|^^^^^^^^^^^^^
@bb/app:lint:     :                    `-- Avoid calling setState() directly within an effect
@bb/app:lint:  63 |       setGitDiffFileFilter(null);
@bb/app:lint:     `----
@bb/app:lint:   help: Effects should synchronize React with external systems. Calling setState synchronously inside an effect starts another render and is usually unnecessary. Derive the value during render, initialize state directly, or update it from the event that caused the change. Use an effect only when synchronizing with an external system.
@bb/app:lint:   note: React Compiler skipped optimizing this component or hook. Additional guidance: https://react.dev/reference/eslint-plugin-react-hooks/lints/set-state-in-effect
@bb/app:lint: 
@bb/app:lint:   ! react(set-state-in-effect): Calling setState synchronously within an effect can trigger cascading renders
@bb/app:lint:     ,-[src/components/secondary-panel/git-diff/useGitDiffPanelState.ts:69:7]
@bb/app:lint:  66 | 
@bb/app:lint:  67 |   useEffect(() => {
@bb/app:lint:     :   ^^^^|^^^^
@bb/app:lint:     :       `-- This is the containing effect
@bb/app:lint:  68 |     if (pendingGitDiffCommitSha) {
@bb/app:lint:  69 |       setSelectedGitDiffSelection(pendingGitDiffCommitSha);
@bb/app:lint:     :       ^^^^^^^^^^^^^|^^^^^^^^^^^^^
@bb/app:lint:     :                    `-- Avoid calling setState() directly within an effect
@bb/app:lint:  70 |       onClearPendingGitDiffIntent?.();
@bb/app:lint:     `----
@bb/app:lint:   help: Effects should synchronize React with external systems. Calling setState synchronously inside an effect starts another render and is usually unnecessary. Derive the value during render, initialize state directly, or update it from the event that caused the change. Use an effect only when synchronizing with an external system.
@bb/app:lint:   note: React Compiler skipped optimizing this component or hook. Additional guidance: https://react.dev/reference/eslint-plugin-react-hooks/lints/set-state-in-effect
@bb/app:lint: 
@bb/app:lint:   ! react(set-state-in-effect): Calling setState synchronously within an effect can trigger cascading renders
@bb/app:lint:     ,-[src/components/secondary-panel/git-diff/useGitDiffPanelState.ts:85:7]
@bb/app:lint:  76 | 
@bb/app:lint:  77 |   useEffect(() => {
@bb/app:lint:     :   ^^^^|^^^^
@bb/app:lint:     :       `-- This is the containing effect
@bb/app:lint:  78 |     if (
@bb/app:lint:  79 |       shouldResetSelectedGitDiffSelection(
@bb/app:lint:  80 |         selectedGitDiffSelection,
@bb/app:lint:  81 |         workspaceStatus?.mergeBase?.commits ?? [],
@bb/app:lint:  82 |         { hasUncommittedChanges },
@bb/app:lint:  83 |       )
@bb/app:lint:  84 |     ) {
@bb/app:lint:  85 |       setSelectedGitDiffSelection(null);
@bb/app:lint:     :       ^^^^^^^^^^^^^|^^^^^^^^^^^^^
@bb/app:lint:     :                    `-- Avoid calling setState() directly within an effect
@bb/app:lint:  86 |     }
@bb/app:lint:     `----
@bb/app:lint:   help: Effects should synchronize React with external systems. Calling setState synchronously inside an effect starts another render and is usually unnecessary. Derive the value during render, initialize state directly, or update it from the event that caused the change. Use an effect only when synchronizing with an external system.
@bb/app:lint:   note: React Compiler skipped optimizing this component or hook. Additional guidance: https://react.dev/reference/eslint-plugin-react-hooks/lints/set-state-in-effect
@bb/app:lint: 
@bb/app:lint:   ! react(refs): Cannot access refs during render
@bb/app:lint:     ,-[src/lib/plugin-sidebar-navigation.ts:67:39]
@bb/app:lint:  66 |   const actions = useMemo(
@bb/app:lint:  67 |     () => guardActions(state.actions, () => mountedRef.current),
@bb/app:lint:     :                                       ^^^^^^^^^^^^|^^^^^^^^^^^
@bb/app:lint:     :                                                   `-- Passing a ref to a function may read its value during render
@bb/app:lint:  68 |     [state.actions],
@bb/app:lint:     `----
@bb/app:lint:   help: React refs are values that are not needed for rendering. Refs should only be accessed outside of render, such as in event handlers or effects. Accessing a ref value (the `current` property) during render can cause your component not to update as expected
@bb/app:lint:   note: React Compiler skipped optimizing this component or hook. Additional guidance: https://react.dev/reference/eslint-plugin-react-hooks/lints/refs
@bb/app:lint: 
@bb/app:lint:   ! react(set-state-in-effect): Calling setState synchronously within an effect can trigger cascading renders
@bb/app:lint:      ,-[src/components/thread/timeline/conversation-message-overflow.tsx:110:7]
@bb/app:lint:  107 | 
@bb/app:lint:  108 |   useLayoutEffect(() => {
@bb/app:lint:      :   ^^^^^^^|^^^^^^^
@bb/app:lint:      :          `-- This is the containing effect
@bb/app:lint:  109 |     if (!enabled) {
@bb/app:lint:  110 |       setMeasurement("fits");
@bb/app:lint:      :       ^^^^^^^|^^^^^^
@bb/app:lint:      :              `-- Avoid calling setState() directly within an effect
@bb/app:lint:  111 |       return;
@bb/app:lint:      `----
@bb/app:lint:   help: Effects should synchronize React with external systems. Calling setState synchronously inside an effect starts another render and is usually unnecessary. Derive the value during render, initialize state directly, or update it from the event that caused the change. Use an effect only when synchronizing with an external system.
@bb/app:lint:   note: React Compiler skipped optimizing this component or hook. Additional guidance: https://react.dev/reference/eslint-plugin-react-hooks/lints/set-state-in-effect
@bb/app:lint: 
@bb/app:lint:   ! react(immutability): This value cannot be modified
@bb/app:lint:      ,-[src/components/promptbox/mentions/MentionMenu.tsx:286:9]
@bb/app:lint:  279 |   onApply,
@bb/app:lint:  280 |   itemRefs,
@bb/app:lint:      :   ^^^^|^^^
@bb/app:lint:      :       `-- `itemRefs` originates here
@bb/app:lint:  281 | }: SuggestionRowProps) {
@bb/app:lint:  282 |   const isSelected = index === selectedIndex;
@bb/app:lint:  283 |   return (
@bb/app:lint:  284 |     <button
@bb/app:lint:  285 |       ref={(element) => {
@bb/app:lint:  286 |         itemRefs.current[index] = element;
@bb/app:lint:      :         ^^^^^^^^|^^^^^^^
@bb/app:lint:      :                 `-- `itemRefs` cannot be modified
@bb/app:lint:  287 |       }}
@bb/app:lint:      `----
@bb/app:lint:   help: Do not mutate component props or hook arguments. If the value should change, update it where it is owned and pass an update callback, or use local state
@bb/app:lint:   note: React Compiler skipped optimizing this component or hook. Additional guidance: https://react.dev/reference/eslint-plugin-react-hooks/lints/immutability
@bb/app:lint: 
@bb/app:lint:   ! react(refs): Cannot access refs during render
@bb/app:lint:      ,-[src/components/commands/PaletteShell.tsx:133:18]
@bb/app:lint:  132 |           <div
@bb/app:lint:  133 |             ref={overflow.bottomSentinelRef}
@bb/app:lint:      :                  ^^^^^^^^^^^^^|^^^^^^^^^^^^
@bb/app:lint:      :                               `-- Cannot access ref value during render
@bb/app:lint:  134 |             aria-hidden
@bb/app:lint:      `----
@bb/app:lint:   help: React refs are values that are not needed for rendering. Refs should only be accessed outside of render, such as in event handlers or effects. Accessing a ref value (the `current` property) during render can cause your component not to update as expected
@bb/app:lint:   note: React Compiler skipped optimizing this component or hook. Additional guidance: https://react.dev/reference/eslint-plugin-react-hooks/lints/refs
@bb/app:lint: 
@bb/app:lint:   ! react(set-state-in-effect): Calling setState synchronously within an effect can trigger cascading renders
@bb/app:lint:      ,-[src/components/plugin/PluginSettings.tsx:338:7]
@bb/app:lint:  335 | 
@bb/app:lint:  336 |   useEffect(() => {
@bb/app:lint:      :   ^^^^|^^^^
@bb/app:lint:      :       `-- This is the containing effect
@bb/app:lint:  337 |     if (!draftState.hasNewerDraft && !save.isPending && !save.isError) {
@bb/app:lint:  338 |       setDraftState({ value: initialDraft, hasNewerDraft: false });
@bb/app:lint:      :       ^^^^^^|^^^^^^
@bb/app:lint:      :             `-- Avoid calling setState() directly within an effect
@bb/app:lint:  339 |     }
@bb/app:lint:      `----
@bb/app:lint:   help: Effects should synchronize React with external systems. Calling setState synchronously inside an effect starts another render and is usually unnecessary. Derive the value during render, initialize state directly, or update it from the event that caused the change. Use an effect only when synchronizing with an external system.
@bb/app:lint:   note: React Compiler skipped optimizing this component or hook. Additional guidance: https://react.dev/reference/eslint-plugin-react-hooks/lints/set-state-in-effect
@bb/app:lint: 
@bb/app:lint:   ! react(refs): Cannot access refs during render
@bb/app:lint:     ,-[src/components/thread/timeline/useStickyBottomScroll.test.tsx:24:17]
@bb/app:lint:  23 |     >
@bb/app:lint:  24 |       <div ref={sticky.contentRef} data-testid="content" />
@bb/app:lint:     :                 ^^^^^^^^|^^^^^^^^
@bb/app:lint:     :                         `-- Cannot access ref value during render
@bb/app:lint:  25 |     </div>
@bb/app:lint:     `----
@bb/app:lint:   help: React refs are values that are not needed for rendering. Refs should only be accessed outside of render, such as in event handlers or effects. Accessing a ref value (the `current` property) during render can cause your component not to update as expected
@bb/app:lint:   note: React Compiler skipped optimizing this component or hook. Additional guidance: https://react.dev/reference/eslint-plugin-react-hooks/lints/refs
@bb/app:lint: 
@bb/app:lint:   ! react(refs): Cannot access refs during render
@bb/app:lint:     ,-[src/components/thread/timeline/useStickyBottomScroll.test.tsx:19:12]
@bb/app:lint:  18 |     <div
@bb/app:lint:  19 |       ref={sticky.ref}
@bb/app:lint:     :            ^^^^^|^^^^
@bb/app:lint:     :                 `-- Cannot access ref value during render
@bb/app:lint:  20 |       data-testid="scroll"
@bb/app:lint:     `----
@bb/app:lint:   help: React refs are values that are not needed for rendering. Refs should only be accessed outside of render, such as in event handlers or effects. Accessing a ref value (the `current` property) during render can cause your component not to update as expected
@bb/app:lint:   note: React Compiler skipped optimizing this component or hook. Additional guidance: https://react.dev/reference/eslint-plugin-react-hooks/lints/refs
@bb/app:lint: 
@bb/app:lint:   ! react(refs): Cannot access refs during render
@bb/app:lint:     ,-[src/components/thread/timeline/useStickyBottomScroll.test.tsx:21:17]
@bb/app:lint:  20 |       data-testid="scroll"
@bb/app:lint:  21 |       onScroll={sticky.onScroll}
@bb/app:lint:     :                 ^^^^^^^|^^^^^^^
@bb/app:lint:     :                        `-- Cannot access ref value during render
@bb/app:lint:  22 |       onWheel={sticky.onWheel}
@bb/app:lint:     `----
@bb/app:lint:   help: React refs are values that are not needed for rendering. Refs should only be accessed outside of render, such as in event handlers or effects. Accessing a ref value (the `current` property) during render can cause your component not to update as expected
@bb/app:lint:   note: React Compiler skipped optimizing this component or hook. Additional guidance: https://react.dev/reference/eslint-plugin-react-hooks/lints/refs
@bb/app:lint: 
@bb/app:lint:   ! react(refs): Cannot access refs during render
@bb/app:lint:     ,-[src/components/thread/timeline/useStickyBottomScroll.test.tsx:22:16]
@bb/app:lint:  21 |       onScroll={sticky.onScroll}
@bb/app:lint:  22 |       onWheel={sticky.onWheel}
@bb/app:lint:     :                ^^^^^^^|^^^^^^
@bb/app:lint:     :                       `-- Cannot access ref value during render
@bb/app:lint:  23 |     >
@bb/app:lint:     `----
@bb/app:lint:   help: React refs are values that are not needed for rendering. Refs should only be accessed outside of render, such as in event handlers or effects. Accessing a ref value (the `current` property) during render can cause your component not to update as expected
@bb/app:lint:   note: React Compiler skipped optimizing this component or hook. Additional guidance: https://react.dev/reference/eslint-plugin-react-hooks/lints/refs
@bb/app:lint: 
@bb/app:lint:   ! react(refs): Cannot access refs during render
@bb/app:lint:      ,-[src/lib/plugin-sdk-hooks.ts:800:50]
@bb/app:lint:  799 |         () =>
@bb/app:lint:  800 | ,->       composerHandleController(pluginId, source, {
@bb/app:lint:  801 | |           setTextEffect,
@bb/app:lint:  802 | |           setInputLock,
@bb/app:lint:  803 | |           onSubmitted,
@bb/app:lint:  804 | |->       }),
@bb/app:lint:      : `---- Passing a ref to a function may read its value during render
@bb/app:lint:  805 |         [onSubmitted, pluginId, setInputLock, setTextEffect, source],
@bb/app:lint:      `----
@bb/app:lint:   help: React refs are values that are not needed for rendering. Refs should only be accessed outside of render, such as in event handlers or effects. Accessing a ref value (the `current` property) during render can cause your component not to update as expected
@bb/app:lint:   note: React Compiler skipped optimizing this component or hook. Additional guidance: https://react.dev/reference/eslint-plugin-react-hooks/lints/refs
@bb/app:lint: 
@bb/app:lint:   ! react(refs): Cannot access refs during render
@bb/app:lint:      ,-[src/lib/plugin-sdk-hooks.ts:818:40]
@bb/app:lint:  817 |         () =>
@bb/app:lint:  818 | ,->       new Proxy(currentBinding.handle, {
@bb/app:lint:  819 | |           get(target, property, receiver) {
@bb/app:lint:  820 | |             if (
@bb/app:lint:  821 | |               property === "text" ||
@bb/app:lint:  822 | |               property === "draft" ||
@bb/app:lint:  823 | |               property === "isEmpty" ||
@bb/app:lint:  824 | |               property === "attachmentCount"
@bb/app:lint:  825 | |             ) {
@bb/app:lint:  826 | |               tracksDraft.current = true;
@bb/app:lint:  827 | |             }
@bb/app:lint:  828 | |             if (property === "selection") {
@bb/app:lint:  829 | |               tracksSelection.current = true;
@bb/app:lint:  830 | |             }
@bb/app:lint:  831 | |             return Reflect.get(target, property, receiver);
@bb/app:lint:  832 | |           },
@bb/app:lint:  833 | |->       }),
@bb/app:lint:      : `---- Cannot access ref value during render
@bb/app:lint:  834 |         [currentBinding],
@bb/app:lint:      `----
@bb/app:lint:   help: React refs are values that are not needed for rendering. Refs should only be accessed outside of render, such as in event handlers or effects. Accessing a ref value (the `current` property) during render can cause your component not to update as expected
@bb/app:lint:   note: React Compiler skipped optimizing this component or hook. Additional guidance: https://react.dev/reference/eslint-plugin-react-hooks/lints/refs
@bb/app:lint: 
@bb/app:lint:   ! react(refs): Cannot access refs during render
@bb/app:lint:      ,-[src/components/thread/timeline/useScrollToSearchedMessage.ts:315:5]
@bb/app:lint:  314 |     SearchMessageLocationContext.Provider,
@bb/app:lint:  315 |     { value },
@bb/app:lint:      :     ^^^^|^^^^
@bb/app:lint:      :         `-- Passing a ref to a function may read its value during render
@bb/app:lint:  316 |     children,
@bb/app:lint:      `----
@bb/app:lint:   help: React refs are values that are not needed for rendering. Refs should only be accessed outside of render, such as in event handlers or effects. Accessing a ref value (the `current` property) during render can cause your component not to update as expected
@bb/app:lint:   note: React Compiler skipped optimizing this component or hook. Additional guidance: https://react.dev/reference/eslint-plugin-react-hooks/lints/refs
@bb/app:lint: 
@bb/app:lint:   ! react(incompatible-library): Use of incompatible library
@bb/app:lint:     ,-[src/test/virtualizer-scroll-lifecycle.test.tsx:14:3]
@bb/app:lint:  13 | }) {
@bb/app:lint:  14 |   useVirtualizer({
@bb/app:lint:     :   ^^^^^^^|^^^^^^
@bb/app:lint:     :          `-- TanStack Virtual's `useVirtualizer()` API returns functions that cannot be memoized safely
@bb/app:lint:  15 |     count: 100,
@bb/app:lint:     `----
@bb/app:lint:   help: This API returns functions which cannot be memoized without leading to stale UI. To prevent this, by default React Compiler will skip memoizing this component/hook. However, you may see issues if values from this API are passed to other components/hooks that are memoized
@bb/app:lint:   note: React Compiler skipped optimizing this component or hook. Additional guidance: https://react.dev/reference/eslint-plugin-react-hooks/lints/incompatible-library
@bb/app:lint: 
@bb/app:lint:   ! react(set-state-in-effect): Calling setState synchronously within an effect can trigger cascading renders
@bb/app:lint:     ,-[src/components/thread/timeline/useScrollOverflowState.ts:53:7]
@bb/app:lint:  50 | 
@bb/app:lint:  51 |   useEffect(() => {
@bb/app:lint:     :   ^^^^|^^^^
@bb/app:lint:     :       `-- This is the containing effect
@bb/app:lint:  52 |     if (options.enabled === false) {
@bb/app:lint:  53 |       applyFlags({ above: false, below: false });
@bb/app:lint:     :       ^^^^^|^^^^
@bb/app:lint:     :            `-- Avoid calling setState() directly within an effect
@bb/app:lint:  54 |       return;
@bb/app:lint:     `----
@bb/app:lint:   help: Effects should synchronize React with external systems. Calling setState synchronously inside an effect starts another render and is usually unnecessary. Derive the value during render, initialize state directly, or update it from the event that caused the change. Use an effect only when synchronizing with an external system.
@bb/app:lint:   note: React Compiler skipped optimizing this component or hook. Additional guidance: https://react.dev/reference/eslint-plugin-react-hooks/lints/set-state-in-effect
@bb/app:lint: 
@bb/app:lint:   ! react(purity): Cannot call impure function during render
@bb/app:lint:      ,-[src/views/MachineSettingsView.tsx:344:15]
@bb/app:lint:  343 | 
@bb/app:lint:  344 |   const now = Date.now();
@bb/app:lint:      :               ^^^^^|^^^^
@bb/app:lint:      :                    `-- Cannot call impure function
@bb/app:lint:  345 |   const platformLabel =
@bb/app:lint:      `----
@bb/app:lint:   help: `Date.now` is an impure function. Calling an impure function can produce unstable results that update unpredictably when the component re-renders
@bb/app:lint:   note: React Compiler skipped optimizing this component or hook. Additional guidance: https://react.dev/reference/eslint-plugin-react-hooks/lints/purity
@bb/app:lint: 
@bb/app:lint:   ! react(purity): Cannot call impure function during render
@bb/app:lint:      ,-[src/components/notifications/NotificationCenter.tsx:157:15]
@bb/app:lint:  156 |   const notifications = useNotifications();
@bb/app:lint:  157 |   const now = Date.now();
@bb/app:lint:      :               ^^^^^|^^^^
@bb/app:lint:      :                    `-- Cannot call impure function
@bb/app:lint:  158 | 
@bb/app:lint:      `----
@bb/app:lint:   help: `Date.now` is an impure function. Calling an impure function can produce unstable results that update unpredictably when the component re-renders
@bb/app:lint:   note: React Compiler skipped optimizing this component or hook. Additional guidance: https://react.dev/reference/eslint-plugin-react-hooks/lints/purity
@bb/app:lint: 
@bb/app:lint:   ! react(preserve-manual-memoization): Existing memoization could not be preserved
@bb/app:lint:     ,-[src/components/promptbox/VoiceInputButton.tsx:21:5]
@bb/app:lint:  19 |   const handleCaptureReady = useCallback(
@bb/app:lint:  20 |     () => setRecoveredWarning(warning),
@bb/app:lint:     :           ^^^^^^^^^|^^^^^^^^^
@bb/app:lint:     :                    `-- This dependency is inferred here
@bb/app:lint:  21 |     [warning],
@bb/app:lint:     :     ^^^^|^^^^
@bb/app:lint:     :         `-- This dependency list does not match the dependencies inferred from the callback
@bb/app:lint:  22 |   );
@bb/app:lint:     `----
@bb/app:lint:   help: React Compiler has skipped optimizing this component because the existing manual memoization could not be preserved. The inferred dependencies did not match the manually specified dependencies, which could cause the value to change more or less frequently than expected. The inferred dependency was `setRecoveredWarning`, but the source dependencies were [warning]. Inferred different
@bb/app:lint:         dependency than source
@bb/app:lint:   note: React Compiler skipped optimizing this component or hook. Additional guidance: https://react.dev/reference/eslint-plugin-react-hooks/lints/preserve-manual-memoization
@bb/app:lint: 
@bb/app:lint:   ! react(set-state-in-effect): Calling setState synchronously within an effect can trigger cascading renders
@bb/app:lint:      ,-[src/components/commands/ThreadSearchPaletteMode.tsx:204:5]
@bb/app:lint:  202 |   }, [expandedGroups, highlightedKey, lifecycles, result, shownCounts]);
@bb/app:lint:  203 |   useLayoutEffect(() => {
@bb/app:lint:      :   ^^^^^^^|^^^^^^^
@bb/app:lint:      :          `-- This is the containing effect
@bb/app:lint:  204 |     setShownCounts((current) => {
@bb/app:lint:      :     ^^^^^^^|^^^^^^
@bb/app:lint:      :            `-- Avoid calling setState() directly within an effect
@bb/app:lint:  205 |       let next = current;
@bb/app:lint:      `----
@bb/app:lint:   help: Effects should synchronize React with external systems. Calling setState synchronously inside an effect starts another render and is usually unnecessary. Derive the value during render, initialize state directly, or update it from the event that caused the change. Use an effect only when synchronizing with an external system.
@bb/app:lint:   note: React Compiler skipped optimizing this component or hook. Additional guidance: https://react.dev/reference/eslint-plugin-react-hooks/lints/set-state-in-effect
@bb/app:lint: 
@bb/app:lint:   ! react(set-state-in-effect): Calling setState synchronously within an effect can trigger cascading renders
@bb/app:lint:      ,-[src/components/commands/ThreadSearchPaletteMode.tsx:226:5]
@bb/app:lint:  224 |         : Math.min(highlightedIndex, options.length - 1);
@bb/app:lint:  225 |   useLayoutEffect(() => {
@bb/app:lint:      :   ^^^^^^^|^^^^^^^
@bb/app:lint:      :          `-- This is the containing effect
@bb/app:lint:  226 |     setHighlightedIndex(Math.max(activeIndex, 0));
@bb/app:lint:      :     ^^^^^^^^^|^^^^^^^^^
@bb/app:lint:      :              `-- Avoid calling setState() directly within an effect
@bb/app:lint:  227 |     setHighlightedKey(activeIndex < 0 ? null : optionKey(options[activeIndex]));
@bb/app:lint:      `----
@bb/app:lint:   help: Effects should synchronize React with external systems. Calling setState synchronously inside an effect starts another render and is usually unnecessary. Derive the value during render, initialize state directly, or update it from the event that caused the change. Use an effect only when synchronizing with an external system.
@bb/app:lint:   note: React Compiler skipped optimizing this component or hook. Additional guidance: https://react.dev/reference/eslint-plugin-react-hooks/lints/set-state-in-effect
@bb/app:lint: 
@bb/app:lint:   ! react(set-state-in-effect): Calling setState synchronously within an effect can trigger cascading renders
@bb/app:lint:      ,-[src/components/ui/markdown-mermaid-diagram.tsx:636:7]
@bb/app:lint:  631 | 
@bb/app:lint:  632 |   useEffect(() => {
@bb/app:lint:      :   ^^^^|^^^^
@bb/app:lint:      :       `-- This is the containing effect
@bb/app:lint:  633 |     if (!open) {
@bb/app:lint:  634 |       const initialView = createInitialMermaidDiagramView();
@bb/app:lint:  635 |       viewRef.current = initialView;
@bb/app:lint:  636 |       setView(initialView);
@bb/app:lint:      :       ^^^|^^^
@bb/app:lint:      :          `-- Avoid calling setState() directly within an effect
@bb/app:lint:  637 |       setDragState(null);
@bb/app:lint:      `----
@bb/app:lint:   help: Effects should synchronize React with external systems. Calling setState synchronously inside an effect starts another render and is usually unnecessary. Derive the value during render, initialize state directly, or update it from the event that caused the change. Use an effect only when synchronizing with an external system.
@bb/app:lint:   note: React Compiler skipped optimizing this component or hook. Additional guidance: https://react.dev/reference/eslint-plugin-react-hooks/lints/set-state-in-effect
@bb/app:lint: 
@bb/app:lint:   ! react(set-state-in-effect): Calling setState synchronously within an effect can trigger cascading renders
@bb/app:lint:       ,-[src/components/ui/markdown-mermaid-diagram.tsx:1020:7]
@bb/app:lint:  1004 | 
@bb/app:lint:  1005 |   useEffect(() => {
@bb/app:lint:       :   ^^^^|^^^^
@bb/app:lint:       :       `-- This is the containing effect
@bb/app:lint:  1006 |     if (!hasEnteredViewport) {
@bb/app:lint:  1007 |       return;
@bb/app:lint:  1008 |     }
@bb/app:lint:  1009 |     const cacheKey = buildMermaidRenderCacheKey({
@bb/app:lint:  1010 |       appThemeEpoch,
@bb/app:lint:  1011 |       preferredTheme,
@bb/app:lint:  1012 |       source,
@bb/app:lint:  1013 |     });
@bb/app:lint:  1014 |     const cachedDiagram = readMermaidRenderCache(cacheKey);
@bb/app:lint:  1015 |     const isSourceUpdate =
@bb/app:lint:  1016 |       renderedSourceRef.current !== null &&
@bb/app:lint:  1017 |       renderedSourceRef.current !== source;
@bb/app:lint:  1018 |     renderedSourceRef.current = source;
@bb/app:lint:  1019 |     if (cachedDiagram !== null) {
@bb/app:lint:  1020 |       setRenderState((currentState) =>
@bb/app:lint:       :       ^^^^^^^|^^^^^^
@bb/app:lint:       :              `-- Avoid calling setState() directly within an effect
@bb/app:lint:  1021 |         currentState.kind === "rendered" &&
@bb/app:lint:       `----
@bb/app:lint:   help: Effects should synchronize React with external systems. Calling setState synchronously inside an effect starts another render and is usually unnecessary. Derive the value during render, initialize state directly, or update it from the event that caused the change. Use an effect only when synchronizing with an external system.
@bb/app:lint:   note: React Compiler skipped optimizing this component or hook. Additional guidance: https://react.dev/reference/eslint-plugin-react-hooks/lints/set-state-in-effect
@bb/app:lint: 
@bb/app:lint:   ! react(set-state-in-effect): Calling setState synchronously within an effect can trigger cascading renders
@bb/app:lint:      ,-[src/components/code/BbSourceCode.tsx:357:7]
@bb/app:lint:  354 | 
@bb/app:lint:  355 |   useEffect(() => {
@bb/app:lint:      :   ^^^^|^^^^
@bb/app:lint:      :       `-- This is the containing effect
@bb/app:lint:  356 |     if (!workerPool) {
@bb/app:lint:  357 |       setWorkerPoolStats(null);
@bb/app:lint:      :       ^^^^^^^^^|^^^^^^^^
@bb/app:lint:      :                `-- Avoid calling setState() directly within an effect
@bb/app:lint:  358 |       return;
@bb/app:lint:      `----
@bb/app:lint:   help: Effects should synchronize React with external systems. Calling setState synchronously inside an effect starts another render and is usually unnecessary. Derive the value during render, initialize state directly, or update it from the event that caused the change. Use an effect only when synchronizing with an external system.
@bb/app:lint:   note: React Compiler skipped optimizing this component or hook. Additional guidance: https://react.dev/reference/eslint-plugin-react-hooks/lints/set-state-in-effect
@bb/app:lint: 
@bb/app:lint:   ! react(refs): Cannot access refs during render
@bb/app:lint:      ,-[src/components/plugin/plugin-slot-mounts.test.tsx:269:9]
@bb/app:lint:  268 |       const methodsAreStable =
@bb/app:lint:  269 |         initialMethods.current.setText === composer.setText &&
@bb/app:lint:      :         ^^^^^^^^^^^^^^^|^^^^^^^^^^^^^^
@bb/app:lint:      :                        `-- Cannot access ref value during render
@bb/app:lint:  270 |         initialMethods.current.updateText === composer.updateText &&
@bb/app:lint:      `----
@bb/app:lint:   help: React refs are values that are not needed for rendering. Refs should only be accessed outside of render, such as in event handlers or effects. Accessing a ref value (the `current` property) during render can cause your component not to update as expected
@bb/app:lint:   note: React Compiler skipped optimizing this component or hook. Additional guidance: https://react.dev/reference/eslint-plugin-react-hooks/lints/refs
@bb/app:lint: 
@bb/app:lint:   ! react(refs): Cannot access refs during render
@bb/app:lint:      ,-[src/components/plugin/plugin-slot-mounts.test.tsx:270:9]
@bb/app:lint:  269 |         initialMethods.current.setText === composer.setText &&
@bb/app:lint:  270 |         initialMethods.current.updateText === composer.updateText &&
@bb/app:lint:      :         ^^^^^^^^^^^^^^^^|^^^^^^^^^^^^^^^^
@bb/app:lint:      :                         `-- Cannot access ref value during render
@bb/app:lint:  271 |         initialMethods.current.clear === composer.clear &&
@bb/app:lint:      `----
@bb/app:lint:   help: React refs are values that are not needed for rendering. Refs should only be accessed outside of render, such as in event handlers or effects. Accessing a ref value (the `current` property) during render can cause your component not to update as expected
@bb/app:lint:   note: React Compiler skipped optimizing this component or hook. Additional guidance: https://react.dev/reference/eslint-plugin-react-hooks/lints/refs
@bb/app:lint: 
@bb/app:lint:   ! react(refs): Cannot access refs during render
@bb/app:lint:      ,-[src/components/plugin/plugin-slot-mounts.test.tsx:271:9]
@bb/app:lint:  270 |         initialMethods.current.updateText === composer.updateText &&
@bb/app:lint:  271 |         initialMethods.current.clear === composer.clear &&
@bb/app:lint:      :         ^^^^^^^^^^^^^^|^^^^^^^^^^^^^
@bb/app:lint:      :                       `-- Cannot access ref value during render
@bb/app:lint:  272 |         initialMethods.current.setTextEffect === composer.setTextEffect;
@bb/app:lint:      `----
@bb/app:lint:   help: React refs are values that are not needed for rendering. Refs should only be accessed outside of render, such as in event handlers or effects. Accessing a ref value (the `current` property) during render can cause your component not to update as expected
@bb/app:lint:   note: React Compiler skipped optimizing this component or hook. Additional guidance: https://react.dev/reference/eslint-plugin-react-hooks/lints/refs
@bb/app:lint: 
@bb/app:lint:   ! react(refs): Cannot access refs during render
@bb/app:lint:      ,-[src/components/plugin/plugin-slot-mounts.test.tsx:272:9]
@bb/app:lint:  271 |         initialMethods.current.clear === composer.clear &&
@bb/app:lint:  272 |         initialMethods.current.setTextEffect === composer.setTextEffect;
@bb/app:lint:      :         ^^^^^^^^^^^^^^^^^^|^^^^^^^^^^^^^^^^^
@bb/app:lint:      :                           `-- Cannot access ref value during render
@bb/app:lint:  273 |       return (
@bb/app:lint:      `----
@bb/app:lint:   help: React refs are values that are not needed for rendering. Refs should only be accessed outside of render, such as in event handlers or effects. Accessing a ref value (the `current` property) during render can cause your component not to update as expected
@bb/app:lint:   note: React Compiler skipped optimizing this component or hook. Additional guidance: https://react.dev/reference/eslint-plugin-react-hooks/lints/refs
@bb/app:lint: 
@bb/app:lint:   ! react(refs): Cannot access refs during render
@bb/app:lint:      ,-[src/components/plugin/plugin-slot-mounts.test.tsx:661:15]
@bb/app:lint:  660 |       const draftRef = useRef(draft);
@bb/app:lint:  661 |       draftRef.current = draft;
@bb/app:lint:      :       ^^^^|^^^^^^^|^^^
@bb/app:lint:      :           |       `-- Cannot update ref value during render
@bb/app:lint:      :           `-- This value is a ref
@bb/app:lint:  662 |       const subscribeDraft = useComposerHostDraftNotifier(draft);
@bb/app:lint:      `----
@bb/app:lint:   help: React refs are values that are not needed for rendering. Refs should only be accessed outside of render, such as in event handlers or effects. Accessing a ref value (the `current` property) during render can cause your component not to update as expected
@bb/app:lint:   note: React Compiler skipped optimizing this component or hook. Additional guidance: https://react.dev/reference/eslint-plugin-react-hooks/lints/refs
@bb/app:lint: 
@bb/app:lint:   ! react(refs): Cannot access refs during render
@bb/app:lint:      ,-[src/components/plugin/plugin-slot-mounts.test.tsx:875:15]
@bb/app:lint:  874 |       const draftRef = useRef(draft);
@bb/app:lint:  875 |       draftRef.current = draft;
@bb/app:lint:      :       ^^^^|^^^^^^^|^^^
@bb/app:lint:      :           |       `-- Cannot update ref value during render
@bb/app:lint:      :           `-- This value is a ref
@bb/app:lint:  876 |       const subscribeDraft = useComposerHostDraftNotifier(draft);
@bb/app:lint:      `----
@bb/app:lint:   help: React refs are values that are not needed for rendering. Refs should only be accessed outside of render, such as in event handlers or effects. Accessing a ref value (the `current` property) during render can cause your component not to update as expected
@bb/app:lint:   note: React Compiler skipped optimizing this component or hook. Additional guidance: https://react.dev/reference/eslint-plugin-react-hooks/lints/refs
@bb/app:lint: 
@bb/app:lint:   ! react(refs): Cannot access refs during render
@bb/app:lint:     ,-[src/components/thread/timeline/TimelineDetailScroll.tsx:86:16]
@bb/app:lint:  85 |         <div
@bb/app:lint:  86 |           ref={overflow.bottomSentinelRef}
@bb/app:lint:     :                ^^^^^^^^^^^^^|^^^^^^^^^^^^
@bb/app:lint:     :                             `-- Cannot access ref value during render
@bb/app:lint:  87 |           aria-hidden
@bb/app:lint:     `----
@bb/app:lint:   help: React refs are values that are not needed for rendering. Refs should only be accessed outside of render, such as in event handlers or effects. Accessing a ref value (the `current` property) during render can cause your component not to update as expected
@bb/app:lint:   note: React Compiler skipped optimizing this component or hook. Additional guidance: https://react.dev/reference/eslint-plugin-react-hooks/lints/refs
@bb/app:lint: 
@bb/app:lint:   ! react(refs): Cannot access refs during render
@bb/app:lint:       ,-[src/components/promptbox/PromptBoxInternal.tsx:1163:10]
@bb/app:lint:  1162 |   ref.current ??= new WeakSet<KeyboardEvent>();
@bb/app:lint:  1163 |   return ref.current;
@bb/app:lint:       :          ^^^^^|^^^^^
@bb/app:lint:       :               `-- Cannot access ref value during render
@bb/app:lint:  1164 | }
@bb/app:lint:       `----
@bb/app:lint:   help: React refs are values that are not needed for rendering. Refs should only be accessed outside of render, such as in event handlers or effects. Accessing a ref value (the `current` property) during render can cause your component not to update as expected
@bb/app:lint:   note: React Compiler skipped optimizing this component or hook. Additional guidance: https://react.dev/reference/eslint-plugin-react-hooks/lints/refs
@bb/app:lint: 
@bb/app:lint:   ! react(immutability): This value cannot be modified
@bb/app:lint:     ,-[src/components/layout/useMobileVisualViewportHeight.ts:24:3]
@bb/app:lint:  23 | export function useMobileVisualViewportHeight(
@bb/app:lint:  24 |   shell: AppShellElement | null,
@bb/app:lint:     :   ^^|^^
@bb/app:lint:     :     `-- `shell` originates here
@bb/app:lint:  25 |   enabled: boolean,
@bb/app:lint:     `----
@bb/app:lint:      ,-[src/components/layout/useMobileVisualViewportHeight.ts:106:7]
@bb/app:lint:  105 |       appliedOverride = { top: shellTop, height: visualViewportHeight };
@bb/app:lint:  106 |       shell.style.top = `${shellTop}px`;
@bb/app:lint:      :       ^^|^^
@bb/app:lint:      :         `-- `shell` cannot be modified
@bb/app:lint:  107 |       shell.style.height = `${visualViewportHeight}px`;
@bb/app:lint:      `----
@bb/app:lint:   help: Do not mutate component props or hook arguments. If the value should change, update it where it is owned and pass an update callback, or use local state
@bb/app:lint:   note: React Compiler skipped optimizing this component or hook. Additional guidance: https://react.dev/reference/eslint-plugin-react-hooks/lints/immutability
@bb/app:lint: 
@bb/app:lint:   ! react(set-state-in-effect): Calling setState synchronously within an effect can trigger cascading renders
@bb/app:lint:     ,-[src/components/plugin/management/OpenPluginGuideButton.tsx:34:5]
@bb/app:lint:  31 |   const installJob = usePluginInstallJob(installJobId);
@bb/app:lint:  32 |   useEffect(() => {
@bb/app:lint:     :   ^^^^|^^^^
@bb/app:lint:     :       `-- This is the containing effect
@bb/app:lint:  33 |     if (installJob === null || isActivePluginInstallJob(installJob)) return;
@bb/app:lint:  34 |     setInstallJobId(null);
@bb/app:lint:     :     ^^^^^^^|^^^^^^^
@bb/app:lint:     :            `-- Avoid calling setState() directly within an effect
@bb/app:lint:  35 |     if (installJob.state === "succeeded") navigate(PLUGIN_GUIDE_PATH);
@bb/app:lint:     `----
@bb/app:lint:   help: Effects should synchronize React with external systems. Calling setState synchronously inside an effect starts another render and is usually unnecessary. Derive the value during render, initialize state directly, or update it from the event that caused the change. Use an effect only when synchronizing with an external system.
@bb/app:lint:   note: React Compiler skipped optimizing this component or hook. Additional guidance: https://react.dev/reference/eslint-plugin-react-hooks/lints/set-state-in-effect
@bb/app:lint: 
@bb/app:lint:   ! react(refs): Cannot access refs during render
@bb/app:lint:     ,-[src/hooks/useWebSocket.ts:13:32]
@bb/app:lint:  12 |   );
@bb/app:lint:  13 |   deletedResourceRouteChangeRef.current = handleDeletedResourceRouteChange;
@bb/app:lint:     :   ^^^^^^^^^^^^^^|^^^^^^^^^^^^^^^^^^|^^^
@bb/app:lint:     :                 |                  `-- Cannot update ref value during render
@bb/app:lint:     :                 `-- This value is a ref
@bb/app:lint:  14 | 
@bb/app:lint:     `----
@bb/app:lint:   help: React refs are values that are not needed for rendering. Refs should only be accessed outside of render, such as in event handlers or effects. Accessing a ref value (the `current` property) during render can cause your component not to update as expected
@bb/app:lint:   note: React Compiler skipped optimizing this component or hook. Additional guidance: https://react.dev/reference/eslint-plugin-react-hooks/lints/refs
@bb/app:lint: 
@bb/app:lint:   ! react(set-state-in-effect): Calling setState synchronously within an effect can trigger cascading renders
@bb/app:lint:      ,-[src/components/dialogs/ProjectPathDialog.tsx:214:5]
@bb/app:lint:  212 | 
@bb/app:lint:  213 |   useEffect(() => {
@bb/app:lint:      :   ^^^^|^^^^
@bb/app:lint:      :       `-- This is the containing effect
@bb/app:lint:  214 |     setValidationMessage(null);
@bb/app:lint:      :     ^^^^^^^^^^|^^^^^^^^^
@bb/app:lint:      :               `-- Avoid calling setState() directly within an effect
@bb/app:lint:  215 |   }, [selectedPath]);
@bb/app:lint:      `----
@bb/app:lint:   help: Effects should synchronize React with external systems. Calling setState synchronously inside an effect starts another render and is usually unnecessary. Derive the value during render, initialize state directly, or update it from the event that caused the change. Use an effect only when synchronizing with an external system.
@bb/app:lint:   note: React Compiler skipped optimizing this component or hook. Additional guidance: https://react.dev/reference/eslint-plugin-react-hooks/lints/set-state-in-effect
@bb/app:lint: 
@bb/app:lint:   ! react(set-state-in-effect): Calling setState synchronously within an effect can trigger cascading renders
@bb/app:lint:     ,-[src/views/thread-detail/useThreadUnreadDividerState.ts:98:7]
@bb/app:lint:  86 | 
@bb/app:lint:  87 |   useEffect(() => {
@bb/app:lint:     :   ^^^^|^^^^
@bb/app:lint:     :       `-- This is the containing effect
@bb/app:lint:  88 |     if (
@bb/app:lint:  89 |       threadId === undefined ||
@bb/app:lint:  90 |       threadLastReadAt === undefined ||
@bb/app:lint:  91 |       threadLatestAttentionAt === undefined ||
@bb/app:lint:  92 |       !shouldTrackThreadUnreadDivider({
@bb/app:lint:  93 |         routeThreadId,
@bb/app:lint:  94 |         threadId,
@bb/app:lint:  95 |       })
@bb/app:lint:  96 |     ) {
@bb/app:lint:  97 |       trackedThreadIdRef.current = null;
@bb/app:lint:  98 |       setSnapshot(null);
@bb/app:lint:     :       ^^^^^|^^^^^
@bb/app:lint:     :            `-- Avoid calling setState() directly within an effect
@bb/app:lint:  99 |       return;
@bb/app:lint:     `----
@bb/app:lint:   help: Effects should synchronize React with external systems. Calling setState synchronously inside an effect starts another render and is usually unnecessary. Derive the value during render, initialize state directly, or update it from the event that caused the change. Use an effect only when synchronizing with an external system.
@bb/app:lint:   note: React Compiler skipped optimizing this component or hook. Additional guidance: https://react.dev/reference/eslint-plugin-react-hooks/lints/set-state-in-effect
@bb/app:lint: 
@bb/app:lint:   ! react(set-state-in-effect): Calling setState synchronously within an effect can trigger cascading renders
@bb/app:lint:      ,-[src/hooks/useVoiceInput.ts:154:5]
@bb/app:lint:  152 | 
@bb/app:lint:  153 |   useEffect(() => {
@bb/app:lint:      :   ^^^^|^^^^
@bb/app:lint:      :       `-- This is the containing effect
@bb/app:lint:  154 |     setCaptureError(null);
@bb/app:lint:      :     ^^^^^^^|^^^^^^^
@bb/app:lint:      :            `-- Avoid calling setState() directly within an effect
@bb/app:lint:  155 |   }, [preferredAudioInputDeviceId]);
@bb/app:lint:      `----
@bb/app:lint:   help: Effects should synchronize React with external systems. Calling setState synchronously inside an effect starts another render and is usually unnecessary. Derive the value during render, initialize state directly, or update it from the event that caused the change. Use an effect only when synchronizing with an external system.
@bb/app:lint:   note: React Compiler skipped optimizing this component or hook. Additional guidance: https://react.dev/reference/eslint-plugin-react-hooks/lints/set-state-in-effect
@bb/app:lint: 
@bb/app:lint:   ! react(set-state-in-effect): Calling setState synchronously within an effect can trigger cascading renders
@bb/app:lint:      ,-[src/hooks/useVoiceInput.ts:329:5]
@bb/app:lint:  326 | 
@bb/app:lint:  327 |   useEffect(() => {
@bb/app:lint:      :   ^^^^|^^^^
@bb/app:lint:      :       `-- This is the containing effect
@bb/app:lint:  328 |     const support = resolveVoiceSupport(readVoiceSupportEnvironment());
@bb/app:lint:  329 |     setIsSupported(support.isSupported);
@bb/app:lint:      :     ^^^^^^^|^^^^^^
@bb/app:lint:      :            `-- Avoid calling setState() directly within an effect
@bb/app:lint:  330 |     setUnsupportedReason(support.reason);
@bb/app:lint:      `----
@bb/app:lint:   help: Effects should synchronize React with external systems. Calling setState synchronously inside an effect starts another render and is usually unnecessary. Derive the value during render, initialize state directly, or update it from the event that caused the change. Use an effect only when synchronizing with an external system.
@bb/app:lint:   note: React Compiler skipped optimizing this component or hook. Additional guidance: https://react.dev/reference/eslint-plugin-react-hooks/lints/set-state-in-effect
@bb/app:lint: 
@bb/app:lint:   ! react(purity): Cannot call impure function during render
@bb/app:lint:      ,-[src/components/secondary-panel/info/info-list.tsx:343:9]
@bb/app:lint:  342 |   detail,
@bb/app:lint:  343 |   now = Date.now(),
@bb/app:lint:      :         ^^^^^|^^^^
@bb/app:lint:      :              `-- Cannot call impure function
@bb/app:lint:  344 | }: {
@bb/app:lint:      `----
@bb/app:lint:   help: `Date.now` is an impure function. Calling an impure function can produce unstable results that update unpredictably when the component re-renders
@bb/app:lint:   note: React Compiler skipped optimizing this component or hook. Additional guidance: https://react.dev/reference/eslint-plugin-react-hooks/lints/purity
@bb/app:lint: 
@bb/app:lint:   ! react(set-state-in-effect): Calling setState synchronously within an effect can trigger cascading renders
@bb/app:lint:     ,-[src/views/thread-detail/useThreadSecondaryPanelVisibility.ts:87:5]
@bb/app:lint:  85 | 
@bb/app:lint:  86 |   useEffect(() => {
@bb/app:lint:     :   ^^^^|^^^^
@bb/app:lint:     :       `-- This is the containing effect
@bb/app:lint:  87 |     setOpenDrawerThreadId(null);
@bb/app:lint:     :     ^^^^^^^^^^|^^^^^^^^^^
@bb/app:lint:     :               `-- Avoid calling setState() directly within an effect
@bb/app:lint:  88 |   }, [threadId]);
@bb/app:lint:     `----
@bb/app:lint:   help: Effects should synchronize React with external systems. Calling setState synchronously inside an effect starts another render and is usually unnecessary. Derive the value during render, initialize state directly, or update it from the event that caused the change. Use an effect only when synchronizing with an external system.
@bb/app:lint:   note: React Compiler skipped optimizing this component or hook. Additional guidance: https://react.dev/reference/eslint-plugin-react-hooks/lints/set-state-in-effect
@bb/app:lint: 
@bb/app:lint:   ! react(set-state-in-effect): Calling setState synchronously within an effect can trigger cascading renders
@bb/app:lint:     ,-[src/views/thread-detail/useThreadSecondaryPanelVisibility.ts:92:7]
@bb/app:lint:  89 | 
@bb/app:lint:  90 |   useEffect(() => {
@bb/app:lint:     :   ^^^^|^^^^
@bb/app:lint:     :       `-- This is the containing effect
@bb/app:lint:  91 |     if (!isCompactViewport) {
@bb/app:lint:  92 |       setOpenDrawerThreadId(null);
@bb/app:lint:     :       ^^^^^^^^^^|^^^^^^^^^^
@bb/app:lint:     :                 `-- Avoid calling setState() directly within an effect
@bb/app:lint:  93 |     }
@bb/app:lint:     `----
@bb/app:lint:   help: Effects should synchronize React with external systems. Calling setState synchronously inside an effect starts another render and is usually unnecessary. Derive the value during render, initialize state directly, or update it from the event that caused the change. Use an effect only when synchronizing with an external system.
@bb/app:lint:   note: React Compiler skipped optimizing this component or hook. Additional guidance: https://react.dev/reference/eslint-plugin-react-hooks/lints/set-state-in-effect
@bb/app:lint: 
@bb/app:lint:   ! react(set-state-in-effect): Calling setState synchronously within an effect can trigger cascading renders
@bb/app:lint:      ,-[src/hooks/useThreadCreationOptions.ts:394:5]
@bb/app:lint:  389 |       : queriedReadyProviderId;
@bb/app:lint:  390 |   useEffect(() => {
@bb/app:lint:      :   ^^^^|^^^^
@bb/app:lint:      :       `-- This is the containing effect
@bb/app:lint:  391 |     if (!shouldResolveReadyProvider || providerStatesQuery.isPending) {
@bb/app:lint:  392 |       return;
@bb/app:lint:  393 |     }
@bb/app:lint:  394 |     setInitialReadyProvider((current) =>
@bb/app:lint:      :     ^^^^^^^^^^^|^^^^^^^^^^^
@bb/app:lint:      :                `-- Avoid calling setState() directly within an effect
@bb/app:lint:  395 |       current.status === "resolved"
@bb/app:lint:      `----
@bb/app:lint:   help: Effects should synchronize React with external systems. Calling setState synchronously inside an effect starts another render and is usually unnecessary. Derive the value during render, initialize state directly, or update it from the event that caused the change. Use an effect only when synchronizing with an external system.
@bb/app:lint:   note: React Compiler skipped optimizing this component or hook. Additional guidance: https://react.dev/reference/eslint-plugin-react-hooks/lints/set-state-in-effect
@bb/app:lint: 
@bb/app:lint:   ! react(refs): Cannot access refs during render
@bb/app:lint:      ,-[src/hooks/useThreadCreationOptions.ts:301:9]
@bb/app:lint:  300 |     }
@bb/app:lint:  301 |     if (threadResetKeyRef.current !== resetKey) {
@bb/app:lint:      :         ^^^^^^^^^^^^|^^^^^^^^^^^^
@bb/app:lint:      :                     `-- Cannot access ref value during render
@bb/app:lint:  302 |       return nextThreadSelections;
@bb/app:lint:      `----
@bb/app:lint:   help: React refs are values that are not needed for rendering. Refs should only be accessed outside of render, such as in event handlers or effects. Accessing a ref value (the `current` property) during render can cause your component not to update as expected
@bb/app:lint:   note: React Compiler skipped optimizing this component or hook. Additional guidance: https://react.dev/reference/eslint-plugin-react-hooks/lints/refs
@bb/app:lint: 
@bb/app:lint:   ! react(refs): Cannot access refs during render
@bb/app:lint:      ,-[src/hooks/useThreadCreationOptions.ts:307:22]
@bb/app:lint:  306 |       nextSelections: nextThreadSelections,
@bb/app:lint:  307 |       touchedFields: touchedThreadFieldsRef.current,
@bb/app:lint:      :                      ^^^^^^^^^^^^^^^|^^^^^^^^^^^^^^
@bb/app:lint:      :                                     `-- Cannot access ref value during render
@bb/app:lint:  308 |     });
@bb/app:lint:      `----
@bb/app:lint:   help: React refs are values that are not needed for rendering. Refs should only be accessed outside of render, such as in event handlers or effects. Accessing a ref value (the `current` property) during render can cause your component not to update as expected
@bb/app:lint:   note: React Compiler skipped optimizing this component or hook. Additional guidance: https://react.dev/reference/eslint-plugin-react-hooks/lints/refs
@bb/app:lint: 
@bb/app:lint:   ! react(refs): Cannot access refs during render
@bb/app:lint:      ,-[src/hooks/useThreadCreationOptions.ts:307:22]
@bb/app:lint:  306 |       nextSelections: nextThreadSelections,
@bb/app:lint:  307 |       touchedFields: touchedThreadFieldsRef.current,
@bb/app:lint:      :                      ^^^^^^^^^^^^^^^|^^^^^^^^^^^^^^
@bb/app:lint:      :                                     `-- Passing a ref to a function may read its value during render
@bb/app:lint:  308 |     });
@bb/app:lint:      `----
@bb/app:lint:   help: React refs are values that are not needed for rendering. Refs should only be accessed outside of render, such as in event handlers or effects. Accessing a ref value (the `current` property) during render can cause your component not to update as expected
@bb/app:lint:   note: React Compiler skipped optimizing this component or hook. Additional guidance: https://react.dev/reference/eslint-plugin-react-hooks/lints/refs
@bb/app:lint: 
@bb/app:lint:   ! react(refs): Cannot access refs during render
@bb/app:lint:      ,-[src/hooks/useThreadCreationOptions.ts:633:34]
@bb/app:lint:  632 |   const touchedFieldsPendingReset =
@bb/app:lint:  633 |     usesLocalThreadSelections && threadResetKeyRef.current !== resetKey;
@bb/app:lint:      :                                  ^^^^^^^^^^^^|^^^^^^^^^^^^
@bb/app:lint:      :                                              `-- Cannot access ref value during render
@bb/app:lint:  634 |   const effectiveInitialProviderSource: ExecutionInputFieldSource | undefined =
@bb/app:lint:      `----
@bb/app:lint:   help: React refs are values that are not needed for rendering. Refs should only be accessed outside of render, such as in event handlers or effects. Accessing a ref value (the `current` property) during render can cause your component not to update as expected
@bb/app:lint:   note: React Compiler skipped optimizing this component or hook. Additional guidance: https://react.dev/reference/eslint-plugin-react-hooks/lints/refs
@bb/app:lint: 
@bb/app:lint:   ! react(refs): Cannot access refs during render
@bb/app:lint:      ,-[src/hooks/useThreadCreationOptions.ts:662:13]
@bb/app:lint:  661 |           ? new Set<ThreadPromptField>()
@bb/app:lint:  662 |           : touchedThreadFieldsRef.current,
@bb/app:lint:      :             ^^^^^^^^^^^^^^^|^^^^^^^^^^^^^^
@bb/app:lint:      :                            `-- Cannot access ref value during render
@bb/app:lint:  663 |       }),
@bb/app:lint:      `----
@bb/app:lint:   help: React refs are values that are not needed for rendering. Refs should only be accessed outside of render, such as in event handlers or effects. Accessing a ref value (the `current` property) during render can cause your component not to update as expected
@bb/app:lint:   note: React Compiler skipped optimizing this component or hook. Additional guidance: https://react.dev/reference/eslint-plugin-react-hooks/lints/refs
@bb/app:lint: 
@bb/app:lint:   ! react(refs): Cannot access refs during render
@bb/app:lint:      ,-[src/hooks/useThreadCreationOptions.ts:662:13]
@bb/app:lint:  661 |           ? new Set<ThreadPromptField>()
@bb/app:lint:  662 |           : touchedThreadFieldsRef.current,
@bb/app:lint:      :             ^^^^^^^^^^^^^^^|^^^^^^^^^^^^^^
@bb/app:lint:      :                            `-- Passing a ref to a function may read its value during render
@bb/app:lint:  663 |       }),
@bb/app:lint:      `----
@bb/app:lint:   help: React refs are values that are not needed for rendering. Refs should only be accessed outside of render, such as in event handlers or effects. Accessing a ref value (the `current` property) during render can cause your component not to update as expected
@bb/app:lint:   note: React Compiler skipped optimizing this component or hook. Additional guidance: https://react.dev/reference/eslint-plugin-react-hooks/lints/refs
@bb/app:lint: 
@bb/app:lint:   ! react(refs): Cannot access refs during render
@bb/app:lint:      ,-[src/components/thread/timeline/ThreadTimelineRows.tsx:437:18]
@bb/app:lint:  436 |   const key = timelineRowTitleRenderStateKey(args);
@bb/app:lint:  437 |   const cached = cacheRef.current;
@bb/app:lint:      :                  ^^^^^^^^|^^^^^^^
@bb/app:lint:      :                          `-- Cannot access ref value during render
@bb/app:lint:  438 |   if (cached?.key === key) {
@bb/app:lint:      `----
@bb/app:lint:   help: React refs are values that are not needed for rendering. Refs should only be accessed outside of render, such as in event handlers or effects. Accessing a ref value (the `current` property) during render can cause your component not to update as expected
@bb/app:lint:   note: React Compiler skipped optimizing this component or hook. Additional guidance: https://react.dev/reference/eslint-plugin-react-hooks/lints/refs
@bb/app:lint: 
@bb/app:lint:   ! react(refs): Cannot access refs during render
@bb/app:lint:      ,-[src/components/thread/timeline/ThreadTimelineRows.tsx:438:7]
@bb/app:lint:  437 |   const cached = cacheRef.current;
@bb/app:lint:  438 |   if (cached?.key === key) {
@bb/app:lint:      :       ^^^^^|^^^^^
@bb/app:lint:      :            `-- Cannot access ref value during render
@bb/app:lint:  439 |     return cached.state;
@bb/app:lint:      `----
@bb/app:lint:   help: React refs are values that are not needed for rendering. Refs should only be accessed outside of render, such as in event handlers or effects. Accessing a ref value (the `current` property) during render can cause your component not to update as expected
@bb/app:lint:   note: React Compiler skipped optimizing this component or hook. Additional guidance: https://react.dev/reference/eslint-plugin-react-hooks/lints/refs
@bb/app:lint: 
@bb/app:lint:   ! react(refs): Cannot access refs during render
@bb/app:lint:      ,-[src/components/thread/timeline/ThreadTimelineRows.tsx:439:12]
@bb/app:lint:  438 |   if (cached?.key === key) {
@bb/app:lint:  439 |     return cached.state;
@bb/app:lint:      :            ^^^^^^|^^^^^
@bb/app:lint:      :                  `-- Cannot access ref value during render
@bb/app:lint:  440 |   }
@bb/app:lint:      `----
@bb/app:lint:   help: React refs are values that are not needed for rendering. Refs should only be accessed outside of render, such as in event handlers or effects. Accessing a ref value (the `current` property) during render can cause your component not to update as expected
@bb/app:lint:   note: React Compiler skipped optimizing this component or hook. Additional guidance: https://react.dev/reference/eslint-plugin-react-hooks/lints/refs
@bb/app:lint: 
@bb/app:lint:   ! react(refs): Cannot access refs during render
@bb/app:lint:      ,-[src/components/thread/timeline/ThreadTimelineRows.tsx:443:11]
@bb/app:lint:  442 |   const state = buildTimelineRowTitleRenderState(args);
@bb/app:lint:  443 |   cacheRef.current = {
@bb/app:lint:      :   ^^^^|^^^^^^^|^^^
@bb/app:lint:      :       |       `-- Cannot update ref value during render
@bb/app:lint:      :       `-- This value is a ref
@bb/app:lint:  444 |     key,
@bb/app:lint:      `----
@bb/app:lint:   help: React refs are values that are not needed for rendering. Refs should only be accessed outside of render, such as in event handlers or effects. Accessing a ref value (the `current` property) during render can cause your component not to update as expected
@bb/app:lint:   note: React Compiler skipped optimizing this component or hook. Additional guidance: https://react.dev/reference/eslint-plugin-react-hooks/lints/refs
@bb/app:lint: 
@bb/app:lint:   ! react(refs): Cannot access refs during render
@bb/app:lint:      ,-[src/components/thread/timeline/ThreadTimelineRows.tsx:501:29]
@bb/app:lint:  500 |   const valuesRef = useRef(values);
@bb/app:lint:  501 |   if (!areReadonlySetsEqual(valuesRef.current, values)) {
@bb/app:lint:      :                             ^^^^^^^^|^^^^^^^^
@bb/app:lint:      :                                     `-- Passing a ref to a function may read its value during render
@bb/app:lint:  502 |     valuesRef.current = values;
@bb/app:lint:      `----
@bb/app:lint:   help: React refs are values that are not needed for rendering. Refs should only be accessed outside of render, such as in event handlers or effects. Accessing a ref value (the `current` property) during render can cause your component not to update as expected
@bb/app:lint:   note: React Compiler skipped optimizing this component or hook. Additional guidance: https://react.dev/reference/eslint-plugin-react-hooks/lints/refs
@bb/app:lint: 
@bb/app:lint:   ! react(refs): Cannot access refs during render
@bb/app:lint:      ,-[src/components/thread/timeline/ThreadTimelineRows.tsx:502:14]
@bb/app:lint:  501 |   if (!areReadonlySetsEqual(valuesRef.current, values)) {
@bb/app:lint:  502 |     valuesRef.current = values;
@bb/app:lint:      :     ^^^^|^^^^^^^^|^^^
@bb/app:lint:      :         |        `-- Cannot update ref value during render
@bb/app:lint:      :         `-- This value is a ref
@bb/app:lint:  503 |   }
@bb/app:lint:      `----
@bb/app:lint:   help: React refs are values that are not needed for rendering. Refs should only be accessed outside of render, such as in event handlers or effects. Accessing a ref value (the `current` property) during render can cause your component not to update as expected
@bb/app:lint:   note: React Compiler skipped optimizing this component or hook. Additional guidance: https://react.dev/reference/eslint-plugin-react-hooks/lints/refs
@bb/app:lint: 
@bb/app:lint:   ! react(refs): Cannot access refs during render
@bb/app:lint:      ,-[src/components/thread/timeline/ThreadTimelineRows.tsx:504:10]
@bb/app:lint:  503 |   }
@bb/app:lint:  504 |   return valuesRef.current;
@bb/app:lint:      :          ^^^^^^^^|^^^^^^^^
@bb/app:lint:      :                  `-- Cannot access ref value during render
@bb/app:lint:  505 | }
@bb/app:lint:      `----
@bb/app:lint:   help: React refs are values that are not needed for rendering. Refs should only be accessed outside of render, such as in event handlers or effects. Accessing a ref value (the `current` property) during render can cause your component not to update as expected
@bb/app:lint:   note: React Compiler skipped optimizing this component or hook. Additional guidance: https://react.dev/reference/eslint-plugin-react-hooks/lints/refs
@bb/app:lint: 
@bb/app:lint:   ! react(refs): Cannot access refs during render
@bb/app:lint:      ,-[src/components/thread/timeline/ThreadTimelineRows.tsx:840:14]
@bb/app:lint:  839 |       <div
@bb/app:lint:  840 |         ref={editor.onHostElementChange}
@bb/app:lint:      :              ^^^^^^^^^^^^^|^^^^^^^^^^^^
@bb/app:lint:      :                           `-- Cannot access ref value during render
@bb/app:lint:  841 |         data-sent-message-inline-editor-host=""
@bb/app:lint:      `----
@bb/app:lint:   help: React refs are values that are not needed for rendering. Refs should only be accessed outside of render, such as in event handlers or effects. Accessing a ref value (the `current` property) during render can cause your component not to update as expected
@bb/app:lint:   note: React Compiler skipped optimizing this component or hook. Additional guidance: https://react.dev/reference/eslint-plugin-react-hooks/lints/refs
@bb/app:lint: 
@bb/app:lint:   ! react(refs): Cannot access refs during render
@bb/app:lint:       ,-[src/components/thread/timeline/ThreadTimelineRows.tsx:2033:7]
@bb/app:lint:  2032 |     for (const id of computedAutoExpansionRowIds.terminalFrontierRowIds) {
@bb/app:lint:  2033 |       accumulated.delete(id);
@bb/app:lint:       :       ^^^^^|^^^^^
@bb/app:lint:       :            `-- Passing a ref to a function may read its value during render
@bb/app:lint:  2034 |       accumulated.add(id);
@bb/app:lint:       `----
@bb/app:lint:   help: React refs are values that are not needed for rendering. Refs should only be accessed outside of render, such as in event handlers or effects. Accessing a ref value (the `current` property) during render can cause your component not to update as expected
@bb/app:lint:   note: React Compiler skipped optimizing this component or hook. Additional guidance: https://react.dev/reference/eslint-plugin-react-hooks/lints/refs
@bb/app:lint: 
@bb/app:lint:   ! react(refs): Cannot access refs during render
@bb/app:lint:       ,-[src/components/thread/timeline/ThreadTimelineRows.tsx:2033:7]
@bb/app:lint:  2032 |     for (const id of computedAutoExpansionRowIds.terminalFrontierRowIds) {
@bb/app:lint:  2033 |       accumulated.delete(id);
@bb/app:lint:       :       ^^^^^^^^^|^^^^^^^^
@bb/app:lint:       :                `-- Passing a ref to a function may read its value during render
@bb/app:lint:  2034 |       accumulated.add(id);
@bb/app:lint:       `----
@bb/app:lint:   help: React refs are values that are not needed for rendering. Refs should only be accessed outside of render, such as in event handlers or effects. Accessing a ref value (the `current` property) during render can cause your component not to update as expected
@bb/app:lint:   note: React Compiler skipped optimizing this component or hook. Additional guidance: https://react.dev/reference/eslint-plugin-react-hooks/lints/refs
@bb/app:lint: 
@bb/app:lint:   ! react(refs): Cannot access refs during render
@bb/app:lint:       ,-[src/components/thread/timeline/ThreadTimelineRows.tsx:2034:7]
@bb/app:lint:  2033 |       accumulated.delete(id);
@bb/app:lint:  2034 |       accumulated.add(id);
@bb/app:lint:       :       ^^^^^|^^^^^
@bb/app:lint:       :            `-- Passing a ref to a function may read its value during render
@bb/app:lint:  2035 |     }
@bb/app:lint:       `----
@bb/app:lint:   help: React refs are values that are not needed for rendering. Refs should only be accessed outside of render, such as in event handlers or effects. Accessing a ref value (the `current` property) during render can cause your component not to update as expected
@bb/app:lint:   note: React Compiler skipped optimizing this component or hook. Additional guidance: https://react.dev/reference/eslint-plugin-react-hooks/lints/refs
@bb/app:lint: 
@bb/app:lint:   ! react(refs): Cannot access refs during render
@bb/app:lint:       ,-[src/components/thread/timeline/ThreadTimelineRows.tsx:2034:7]
@bb/app:lint:  2033 |       accumulated.delete(id);
@bb/app:lint:  2034 |       accumulated.add(id);
@bb/app:lint:       :       ^^^^^^^|^^^^^^^
@bb/app:lint:       :              `-- Passing a ref to a function may read its value during render
@bb/app:lint:  2035 |     }
@bb/app:lint:       `----
@bb/app:lint:   help: React refs are values that are not needed for rendering. Refs should only be accessed outside of render, such as in event handlers or effects. Accessing a ref value (the `current` property) during render can cause your component not to update as expected
@bb/app:lint:   note: React Compiler skipped optimizing this component or hook. Additional guidance: https://react.dev/reference/eslint-plugin-react-hooks/lints/refs
@bb/app:lint: 
@bb/app:lint:   ! react(refs): Cannot access refs during render
@bb/app:lint:       ,-[src/components/thread/timeline/ThreadTimelineRows.tsx:2036:12]
@bb/app:lint:  2035 |     }
@bb/app:lint:  2036 |     while (accumulated.size > TIMELINE_TERMINAL_EXPANSION_RETENTION) {
@bb/app:lint:       :            ^^^^^^^^|^^^^^^^
@bb/app:lint:       :                    `-- Cannot access ref value during render
@bb/app:lint:  2037 |       const oldestId = accumulated.values().next().value;
@bb/app:lint:       `----
@bb/app:lint:   help: React refs are values that are not needed for rendering. Refs should only be accessed outside of render, such as in event handlers or effects. Accessing a ref value (the `current` property) during render can cause your component not to update as expected
@bb/app:lint:   note: React Compiler skipped optimizing this component or hook. Additional guidance: https://react.dev/reference/eslint-plugin-react-hooks/lints/refs
@bb/app:lint: 
@bb/app:lint:   ! react(refs): Cannot access refs during render
@bb/app:lint:       ,-[src/components/thread/timeline/ThreadTimelineRows.tsx:2037:24]
@bb/app:lint:  2036 |     while (accumulated.size > TIMELINE_TERMINAL_EXPANSION_RETENTION) {
@bb/app:lint:  2037 |       const oldestId = accumulated.values().next().value;
@bb/app:lint:       :                        ^^^^^|^^^^^
@bb/app:lint:       :                             `-- Passing a ref to a function may read its value during render
@bb/app:lint:  2038 |       if (oldestId === undefined) {
@bb/app:lint:       `----
@bb/app:lint:   help: React refs are values that are not needed for rendering. Refs should only be accessed outside of render, such as in event handlers or effects. Accessing a ref value (the `current` property) during render can cause your component not to update as expected
@bb/app:lint:   note: React Compiler skipped optimizing this component or hook. Additional guidance: https://react.dev/reference/eslint-plugin-react-hooks/lints/refs
@bb/app:lint: 
@bb/app:lint:   ! react(refs): Cannot access refs during render
@bb/app:lint:       ,-[src/components/thread/timeline/ThreadTimelineRows.tsx:2037:24]
@bb/app:lint:  2036 |     while (accumulated.size > TIMELINE_TERMINAL_EXPANSION_RETENTION) {
@bb/app:lint:  2037 |       const oldestId = accumulated.values().next().value;
@bb/app:lint:       :                        ^^^^^^^^^|^^^^^^^^
@bb/app:lint:       :                                 `-- Passing a ref to a function may read its value during render
@bb/app:lint:  2038 |       if (oldestId === undefined) {
@bb/app:lint:       `----
@bb/app:lint:   help: React refs are values that are not needed for rendering. Refs should only be accessed outside of render, such as in event handlers or effects. Accessing a ref value (the `current` property) during render can cause your component not to update as expected
@bb/app:lint:   note: React Compiler skipped optimizing this component or hook. Additional guidance: https://react.dev/reference/eslint-plugin-react-hooks/lints/refs
@bb/app:lint: 
@bb/app:lint:   ! react(refs): Cannot access refs during render
@bb/app:lint:       ,-[src/components/thread/timeline/ThreadTimelineRows.tsx:2041:7]
@bb/app:lint:  2040 |       }
@bb/app:lint:  2041 |       accumulated.delete(oldestId);
@bb/app:lint:       :       ^^^^^|^^^^^
@bb/app:lint:       :            `-- Passing a ref to a function may read its value during render
@bb/app:lint:  2042 |     }
@bb/app:lint:       `----
@bb/app:lint:   help: React refs are values that are not needed for rendering. Refs should only be accessed outside of render, such as in event handlers or effects. Accessing a ref value (the `current` property) during render can cause your component not to update as expected
@bb/app:lint:   note: React Compiler skipped optimizing this component or hook. Additional guidance: https://react.dev/reference/eslint-plugin-react-hooks/lints/refs
@bb/app:lint: 
@bb/app:lint:   ! react(refs): Cannot access refs during render
@bb/app:lint:       ,-[src/components/thread/timeline/ThreadTimelineRows.tsx:2041:7]
@bb/app:lint:  2040 |       }
@bb/app:lint:  2041 |       accumulated.delete(oldestId);
@bb/app:lint:       :       ^^^^^^^^^|^^^^^^^^
@bb/app:lint:       :                `-- Passing a ref to a function may read its value during render
@bb/app:lint:  2042 |     }
@bb/app:lint:       `----
@bb/app:lint:   help: React refs are values that are not needed for rendering. Refs should only be accessed outside of render, such as in event handlers or effects. Accessing a ref value (the `current` property) during render can cause your component not to update as expected
@bb/app:lint:   note: React Compiler skipped optimizing this component or hook. Additional guidance: https://react.dev/reference/eslint-plugin-react-hooks/lints/refs
@bb/app:lint: 
@bb/app:lint:   ! react(refs): Cannot access refs during render
@bb/app:lint:       ,-[src/components/thread/timeline/ThreadTimelineRows.tsx:2043:20]
@bb/app:lint:  2042 |     }
@bb/app:lint:  2043 |     return new Set(accumulated);
@bb/app:lint:       :                    ^^^^^|^^^^^
@bb/app:lint:       :                         `-- Cannot access ref value during render
@bb/app:lint:  2044 |   }, [computedAutoExpansionRowIds.terminalFrontierRowIds]);
@bb/app:lint:       `----
@bb/app:lint:   help: React refs are values that are not needed for rendering. Refs should only be accessed outside of render, such as in event handlers or effects. Accessing a ref value (the `current` property) during render can cause your component not to update as expected
@bb/app:lint:   note: React Compiler skipped optimizing this component or hook. Additional guidance: https://react.dev/reference/eslint-plugin-react-hooks/lints/refs
@bb/app:lint: 
@bb/app:lint:   ! react(refs): Cannot access refs during render
@bb/app:lint:      ,-[src/components/thread/embedded-chat/EmbeddedThreadChat.tsx:379:32]
@bb/app:lint:  378 |   });
@bb/app:lint:  379 |   clearInlineAttachmentErrorRef.current = () => setInlineAttachmentError(null);
@bb/app:lint:      :   ^^^^^^^^^^^^^^|^^^^^^^^^^^^^^^^^^|^^^
@bb/app:lint:      :                 |                  `-- Cannot update ref value during render
@bb/app:lint:      :                 `-- This value is a ref
@bb/app:lint:  380 |   const { typeaheadConfig, promptActions } = useComposerTypeahead({
@bb/app:lint:      `----
@bb/app:lint:   help: React refs are values that are not needed for rendering. Refs should only be accessed outside of render, such as in event handlers or effects. Accessing a ref value (the `current` property) during render can cause your component not to update as expected
@bb/app:lint:   note: React Compiler skipped optimizing this component or hook. Additional guidance: https://react.dev/reference/eslint-plugin-react-hooks/lints/refs
@bb/app:lint: 
@bb/app:lint:   ! react(refs): Cannot access refs during render
@bb/app:lint:      ,-[src/components/thread/embedded-chat/EmbeddedThreadChat.tsx:814:26]
@bb/app:lint:  813 |     const identity = queuedComposerHostIdentity;
@bb/app:lint:  814 |     const initialDraft = inlineEditingQueuedMessageRef.current?.draft ?? {
@bb/app:lint:      :                          ^^^^^^^^^^^^^^^^^^|^^^^^^^^^^^^^^^^^^
@bb/app:lint:      :                                            `-- Cannot access ref value during render
@bb/app:lint:  815 |       attachments: [],
@bb/app:lint:      `----
@bb/app:lint:   help: React refs are values that are not needed for rendering. Refs should only be accessed outside of render, such as in event handlers or effects. Accessing a ref value (the `current` property) during render can cause your component not to update as expected
@bb/app:lint:   note: React Compiler skipped optimizing this component or hook. Additional guidance: https://react.dev/reference/eslint-plugin-react-hooks/lints/refs
@bb/app:lint: 
@bb/app:lint:   ! react(refs): Cannot access refs during render
@bb/app:lint:      ,-[src/components/thread/embedded-chat/EmbeddedThreadChat.tsx:814:26]
@bb/app:lint:  813 |     const identity = queuedComposerHostIdentity;
@bb/app:lint:  814 |     const initialDraft = inlineEditingQueuedMessageRef.current?.draft ?? {
@bb/app:lint:      :                          ^^^^^^^^^^^^^^^^^^^^^^|^^^^^^^^^^^^^^^^^^^^^
@bb/app:lint:      :                                                `-- Cannot access ref value during render
@bb/app:lint:  815 |       attachments: [],
@bb/app:lint:      `----
@bb/app:lint:   help: React refs are values that are not needed for rendering. Refs should only be accessed outside of render, such as in event handlers or effects. Accessing a ref value (the `current` property) during render can cause your component not to update as expected
@bb/app:lint:   note: React Compiler skipped optimizing this component or hook. Additional guidance: https://react.dev/reference/eslint-plugin-react-hooks/lints/refs
@bb/app:lint: 
@bb/app:lint:   ! react(refs): Cannot access refs during render
@bb/app:lint:      ,-[src/components/thread/embedded-chat/EmbeddedThreadChat.tsx:872:5]
@bb/app:lint:  871 |   const bottomComposerTextEffects = useComposerTextEffects(
@bb/app:lint:  872 |     bottomPluginComposerHost?.textEffectKey ?? null,
@bb/app:lint:      :     ^^^^^^^^^^^^|^^^^^^^^^^^
@bb/app:lint:      :                 `-- Cannot access ref value during render
@bb/app:lint:  873 |   );
@bb/app:lint:      `----
@bb/app:lint:   help: React refs are values that are not needed for rendering. Refs should only be accessed outside of render, such as in event handlers or effects. Accessing a ref value (the `current` property) during render can cause your component not to update as expected
@bb/app:lint:   note: React Compiler skipped optimizing this component or hook. Additional guidance: https://react.dev/reference/eslint-plugin-react-hooks/lints/refs
@bb/app:lint: 
@bb/app:lint:   ! react(refs): Cannot access refs during render
@bb/app:lint:      ,-[src/components/thread/embedded-chat/EmbeddedThreadChat.tsx:872:5]
@bb/app:lint:  871 |   const bottomComposerTextEffects = useComposerTextEffects(
@bb/app:lint:  872 |     bottomPluginComposerHost?.textEffectKey ?? null,
@bb/app:lint:      :     ^^^^^^^^^^^^^^^^^^^|^^^^^^^^^^^^^^^^^^^
@bb/app:lint:      :                        `-- Cannot access ref value during render
@bb/app:lint:  873 |   );
@bb/app:lint:      `----
@bb/app:lint:   help: React refs are values that are not needed for rendering. Refs should only be accessed outside of render, such as in event handlers or effects. Accessing a ref value (the `current` property) during render can cause your component not to update as expected
@bb/app:lint:   note: React Compiler skipped optimizing this component or hook. Additional guidance: https://react.dev/reference/eslint-plugin-react-hooks/lints/refs
@bb/app:lint: 
@bb/app:lint:   ! react(refs): Cannot access refs during render
@bb/app:lint:      ,-[src/components/thread/embedded-chat/EmbeddedThreadChat.tsx:875:5]
@bb/app:lint:  874 |   const queuedComposerTextEffects = useComposerTextEffects(
@bb/app:lint:  875 |     queuedPluginComposerHost?.textEffectKey ?? null,
@bb/app:lint:      :     ^^^^^^^^^^^^|^^^^^^^^^^^
@bb/app:lint:      :                 `-- Cannot access ref value during render
@bb/app:lint:  876 |   );
@bb/app:lint:      `----
@bb/app:lint:   help: React refs are values that are not needed for rendering. Refs should only be accessed outside of render, such as in event handlers or effects. Accessing a ref value (the `current` property) during render can cause your component not to update as expected
@bb/app:lint:   note: React Compiler skipped optimizing this component or hook. Additional guidance: https://react.dev/reference/eslint-plugin-react-hooks/lints/refs
@bb/app:lint: 
@bb/app:lint:   ! react(refs): Cannot access refs during render
@bb/app:lint:      ,-[src/components/thread/embedded-chat/EmbeddedThreadChat.tsx:875:5]
@bb/app:lint:  874 |   const queuedComposerTextEffects = useComposerTextEffects(
@bb/app:lint:  875 |     queuedPluginComposerHost?.textEffectKey ?? null,
@bb/app:lint:      :     ^^^^^^^^^^^^^^^^^^^|^^^^^^^^^^^^^^^^^^^
@bb/app:lint:      :                        `-- Cannot access ref value during render
@bb/app:lint:  876 |   );
@bb/app:lint:      `----
@bb/app:lint:   help: React refs are values that are not needed for rendering. Refs should only be accessed outside of render, such as in event handlers or effects. Accessing a ref value (the `current` property) during render can cause your component not to update as expected
@bb/app:lint:   note: React Compiler skipped optimizing this component or hook. Additional guidance: https://react.dev/reference/eslint-plugin-react-hooks/lints/refs
@bb/app:lint: 
@bb/app:lint:   ! react(refs): Cannot access refs during render
@bb/app:lint:       ,-[src/components/thread/embedded-chat/EmbeddedThreadChat.tsx:1130:8]
@bb/app:lint:  1129 |       !inlineEditingQueuedMessage ||
@bb/app:lint:  1130 |       !inlineComposerConfig ||
@bb/app:lint:       :        ^^^^^^^^^^|^^^^^^^^^
@bb/app:lint:       :                  `-- Cannot access ref value during render
@bb/app:lint:  1131 |       !inlineExecutionConfig ||
@bb/app:lint:       `----
@bb/app:lint:   help: React refs are values that are not needed for rendering. Refs should only be accessed outside of render, such as in event handlers or effects. Accessing a ref value (the `current` property) during render can cause your component not to update as expected
@bb/app:lint:   note: React Compiler skipped optimizing this component or hook. Additional guidance: https://react.dev/reference/eslint-plugin-react-hooks/lints/refs
@bb/app:lint: 
@bb/app:lint:   ! react(refs): Cannot access refs during render
@bb/app:lint:       ,-[src/components/thread/embedded-chat/EmbeddedThreadChat.tsx:1146:32]
@bb/app:lint:  1145 |           pluginComposerHost={queuedPluginComposerHost}
@bb/app:lint:  1146 |           pluginComposerScope={queuedPluginComposerHost?.scope ?? null}
@bb/app:lint:       :                                ^^^^^^^^^^^^|^^^^^^^^^^^
@bb/app:lint:       :                                            `-- Cannot access ref value during render
@bb/app:lint:  1147 |           textEffects={queuedComposerTextEffects}
@bb/app:lint:       `----
@bb/app:lint:   help: React refs are values that are not needed for rendering. Refs should only be accessed outside of render, such as in event handlers or effects. Accessing a ref value (the `current` property) during render can cause your component not to update as expected
@bb/app:lint:   note: React Compiler skipped optimizing this component or hook. Additional guidance: https://react.dev/reference/eslint-plugin-react-hooks/lints/refs
@bb/app:lint: 
@bb/app:lint:   ! react(refs): Cannot access refs during render
@bb/app:lint:       ,-[src/components/thread/embedded-chat/EmbeddedThreadChat.tsx:1146:32]
@bb/app:lint:  1145 |           pluginComposerHost={queuedPluginComposerHost}
@bb/app:lint:  1146 |           pluginComposerScope={queuedPluginComposerHost?.scope ?? null}
@bb/app:lint:       :                                ^^^^^^^^^^^^^^^|^^^^^^^^^^^^^^^
@bb/app:lint:       :                                               `-- Cannot access ref value during render
@bb/app:lint:  1147 |           textEffects={queuedComposerTextEffects}
@bb/app:lint:       `----
@bb/app:lint:   help: React refs are values that are not needed for rendering. Refs should only be accessed outside of render, such as in event handlers or effects. Accessing a ref value (the `current` property) during render can cause your component not to update as expected
@bb/app:lint:   note: React Compiler skipped optimizing this component or hook. Additional guidance: https://react.dev/reference/eslint-plugin-react-hooks/lints/refs
@bb/app:lint: 
@bb/app:lint:   ! react(refs): Cannot access refs during render
@bb/app:lint:       ,-[src/components/thread/embedded-chat/EmbeddedThreadChat.tsx:1242:32]
@bb/app:lint:  1241 |           voiceDraft={promptDraft}
@bb/app:lint:  1242 |           pluginComposerScope={bottomPluginComposerHost?.scope ?? null}
@bb/app:lint:       :                                ^^^^^^^^^^^^|^^^^^^^^^^^
@bb/app:lint:       :                                            `-- Cannot access ref value during render
@bb/app:lint:  1243 |           textEffects={bottomComposerTextEffects}
@bb/app:lint:       `----
@bb/app:lint:   help: React refs are values that are not needed for rendering. Refs should only be accessed outside of render, such as in event handlers or effects. Accessing a ref value (the `current` property) during render can cause your component not to update as expected
@bb/app:lint:   note: React Compiler skipped optimizing this component or hook. Additional guidance: https://react.dev/reference/eslint-plugin-react-hooks/lints/refs
@bb/app:lint: 
@bb/app:lint:   ! react(refs): Cannot access refs during render
@bb/app:lint:       ,-[src/components/thread/embedded-chat/EmbeddedThreadChat.tsx:1242:32]
@bb/app:lint:  1241 |           voiceDraft={promptDraft}
@bb/app:lint:  1242 |           pluginComposerScope={bottomPluginComposerHost?.scope ?? null}
@bb/app:lint:       :                                ^^^^^^^^^^^^^^^|^^^^^^^^^^^^^^^
@bb/app:lint:       :                                               `-- Cannot access ref value during render
@bb/app:lint:  1243 |           textEffects={bottomComposerTextEffects}
@bb/app:lint:       `----
@bb/app:lint:   help: React refs are values that are not needed for rendering. Refs should only be accessed outside of render, such as in event handlers or effects. Accessing a ref value (the `current` property) during render can cause your component not to update as expected
@bb/app:lint:   note: React Compiler skipped optimizing this component or hook. Additional guidance: https://react.dev/reference/eslint-plugin-react-hooks/lints/refs
@bb/app:lint: 
@bb/app:lint:   ! react(set-state-in-effect): Calling setState synchronously within an effect can trigger cascading renders
@bb/app:lint:      ,-[src/components/tools/SkillsCollection.tsx:406:7]
@bb/app:lint:  403 |   }, [providerCounts, providerRoster, providerFilters]);
@bb/app:lint:  404 |   useEffect(() => {
@bb/app:lint:      :   ^^^^|^^^^
@bb/app:lint:      :       `-- This is the containing effect
@bb/app:lint:  405 |     if (sortMode === "provider" && providerBucketCount <= 1) {
@bb/app:lint:  406 |       setSortMode("alpha");
@bb/app:lint:      :       ^^^^^|^^^^^
@bb/app:lint:      :            `-- Avoid calling setState() directly within an effect
@bb/app:lint:  407 |       setSortDirection("asc");
@bb/app:lint:      `----
@bb/app:lint:   help: Effects should synchronize React with external systems. Calling setState synchronously inside an effect starts another render and is usually unnecessary. Derive the value during render, initialize state directly, or update it from the event that caused the change. Use an effect only when synchronizing with an external system.
@bb/app:lint:   note: React Compiler skipped optimizing this component or hook. Additional guidance: https://react.dev/reference/eslint-plugin-react-hooks/lints/set-state-in-effect
@bb/app:lint: 
@bb/app:lint:   ! react(set-state-in-effect): Calling setState synchronously within an effect can trigger cascading renders
@bb/app:lint:      ,-[src/components/tools/SkillsCollection.tsx:641:5]
@bb/app:lint:  639 | 
@bb/app:lint:  640 |   useEffect(() => {
@bb/app:lint:      :   ^^^^|^^^^
@bb/app:lint:      :       `-- This is the containing effect
@bb/app:lint:  641 |     setConfirmingDelete(false);
@bb/app:lint:      :     ^^^^^^^^^|^^^^^^^^^
@bb/app:lint:      :              `-- Avoid calling setState() directly within an effect
@bb/app:lint:  642 |   }, [skill?.id]);
@bb/app:lint:      `----
@bb/app:lint:   help: Effects should synchronize React with external systems. Calling setState synchronously inside an effect starts another render and is usually unnecessary. Derive the value during render, initialize state directly, or update it from the event that caused the change. Use an effect only when synchronizing with an external system.
@bb/app:lint:   note: React Compiler skipped optimizing this component or hook. Additional guidance: https://react.dev/reference/eslint-plugin-react-hooks/lints/set-state-in-effect
@bb/app:lint: 
@bb/app:lint:   ! react(set-state-in-effect): Calling setState synchronously within an effect can trigger cascading renders
@bb/app:lint:      ,-[src/components/tools/SkillsBrowse.tsx:258:19]
@bb/app:lint:  257 |   const [selectedPath, setSelectedPath] = useState("SKILL.md");
@bb/app:lint:  258 |   useEffect(() => setSelectedPath("SKILL.md"), [skill.id]);
@bb/app:lint:      :   ^^^^|^^^^       ^^^^^^^|^^^^^^^
@bb/app:lint:      :       |                  `-- Avoid calling setState() directly within an effect
@bb/app:lint:      :       `-- This is the containing effect
@bb/app:lint:  259 |   const { canOpenPreferredFileTarget, openPathInPreferredFileTarget } =
@bb/app:lint:      `----
@bb/app:lint:   help: Effects should synchronize React with external systems. Calling setState synchronously inside an effect starts another render and is usually unnecessary. Derive the value during render, initialize state directly, or update it from the event that caused the change. Use an effect only when synchronizing with an external system.
@bb/app:lint:   note: React Compiler skipped optimizing this component or hook. Additional guidance: https://react.dev/reference/eslint-plugin-react-hooks/lints/set-state-in-effect
@bb/app:lint: 
@bb/app:lint:   ! react(refs): Cannot access refs during render
@bb/app:lint:     ,-[src/components/settings/SidebarFooterSettings.tsx:92:14]
@bb/app:lint:  91 |         className="size-7 touch-none text-muted-foreground"
@bb/app:lint:  92 |         ref={dragBindings.setActivatorNodeRef}
@bb/app:lint:     :              ^^^^^^^^^^^^^^^^|^^^^^^^^^^^^^^^
@bb/app:lint:     :                              `-- Cannot access ref value during render
@bb/app:lint:  93 |         {...dragBindings.attributes}
@bb/app:lint:     `----
@bb/app:lint:   help: React refs are values that are not needed for rendering. Refs should only be accessed outside of render, such as in event handlers or effects. Accessing a ref value (the `current` property) during render can cause your component not to update as expected
@bb/app:lint:   note: React Compiler skipped optimizing this component or hook. Additional guidance: https://react.dev/reference/eslint-plugin-react-hooks/lints/refs
@bb/app:lint: 
@bb/app:lint:   ! react(refs): Cannot access refs during render
@bb/app:lint:     ,-[src/components/settings/SidebarFooterSettings.tsx:93:13]
@bb/app:lint:  92 |         ref={dragBindings.setActivatorNodeRef}
@bb/app:lint:  93 |         {...dragBindings.attributes}
@bb/app:lint:     :             ^^^^^^^^^^^|^^^^^^^^^^^
@bb/app:lint:     :                        `-- Cannot access ref value during render
@bb/app:lint:  94 |         {...dragBindings.listeners}
@bb/app:lint:     `----
@bb/app:lint:   help: React refs are values that are not needed for rendering. Refs should only be accessed outside of render, such as in event handlers or effects. Accessing a ref value (the `current` property) during render can cause your component not to update as expected
@bb/app:lint:   note: React Compiler skipped optimizing this component or hook. Additional guidance: https://react.dev/reference/eslint-plugin-react-hooks/lints/refs
@bb/app:lint: 
@bb/app:lint:   ! react(refs): Cannot access refs during render
@bb/app:lint:     ,-[src/components/settings/SidebarFooterSettings.tsx:94:13]
@bb/app:lint:  93 |         {...dragBindings.attributes}
@bb/app:lint:  94 |         {...dragBindings.listeners}
@bb/app:lint:     :             ^^^^^^^^^^^|^^^^^^^^^^
@bb/app:lint:     :                        `-- Cannot access ref value during render
@bb/app:lint:  95 |         aria-label={`Reorder ${item.label}`}
@bb/app:lint:     `----
@bb/app:lint:   help: React refs are values that are not needed for rendering. Refs should only be accessed outside of render, such as in event handlers or effects. Accessing a ref value (the `current` property) during render can cause your component not to update as expected
@bb/app:lint:   note: React Compiler skipped optimizing this component or hook. Additional guidance: https://react.dev/reference/eslint-plugin-react-hooks/lints/refs
@bb/app:lint: 
@bb/app:lint:   ! react(set-state-in-effect): Calling setState synchronously within an effect can trigger cascading renders
@bb/app:lint:      ,-[src/components/ui/bottom-anchored-scroll-body.tsx:972:5]
@bb/app:lint:  964 | 
@bb/app:lint:  965 |   useLayoutEffect(() => {
@bb/app:lint:      :   ^^^^^^^|^^^^^^^
@bb/app:lint:      :          `-- This is the containing effect
@bb/app:lint:  966 |     if (scrollAnchorThreadId === undefined) return;
@bb/app:lint:  967 |     const anchor = store.get(
@bb/app:lint:  968 |       threadTimelineScrollAnchorAtomFamily(scrollAnchorThreadId),
@bb/app:lint:  969 |     );
@bb/app:lint:  970 |     if (!anchor || anchor.atBottom) return;
@bb/app:lint:  971 |     shouldStickToBottomRef.current = false;
@bb/app:lint:  972 |     setIsAtBottom(false);
@bb/app:lint:      :     ^^^^^^|^^^^^^
@bb/app:lint:      :           `-- Avoid calling setState() directly within an effect
@bb/app:lint:  973 |     pendingScrollRestoreRef.current = {
@bb/app:lint:      `----
@bb/app:lint:   help: Effects should synchronize React with external systems. Calling setState synchronously inside an effect starts another render and is usually unnecessary. Derive the value during render, initialize state directly, or update it from the event that caused the change. Use an effect only when synchronizing with an external system.
@bb/app:lint:   note: React Compiler skipped optimizing this component or hook. Additional guidance: https://react.dev/reference/eslint-plugin-react-hooks/lints/set-state-in-effect
@bb/app:lint: 
@bb/app:lint:   ! react(set-state-in-effect): Calling setState synchronously within an effect can trigger cascading renders
@bb/app:lint:      ,-[src/components/thread/terminal/ThreadTerminalView.tsx:880:5]
@bb/app:lint:  877 | 
@bb/app:lint:  878 |   useEffect(() => {
@bb/app:lint:      :   ^^^^|^^^^
@bb/app:lint:      :       `-- This is the containing effect
@bb/app:lint:  879 |     touchFocusGestureRef.current = null;
@bb/app:lint:  880 |     setActiveSelection(null);
@bb/app:lint:      :     ^^^^^^^^^|^^^^^^^^
@bb/app:lint:      :              `-- Avoid calling setState() directly within an effect
@bb/app:lint:  881 |     updateHoveredTerminalLink(null);
@bb/app:lint:      `----
@bb/app:lint:   help: Effects should synchronize React with external systems. Calling setState synchronously inside an effect starts another render and is usually unnecessary. Derive the value during render, initialize state directly, or update it from the event that caused the change. Use an effect only when synchronizing with an external system.
@bb/app:lint:   note: React Compiler skipped optimizing this component or hook. Additional guidance: https://react.dev/reference/eslint-plugin-react-hooks/lints/set-state-in-effect
@bb/app:lint: 
@bb/app:lint:   ! react(refs): Cannot access refs during render
@bb/app:lint:      ,-[src/components/thread/terminal/ThreadTerminalView.tsx:713:15]
@bb/app:lint:  712 | 
@bb/app:lint:  713 |   autoFocusRef.current = autoFocus;
@bb/app:lint:      :   ^^^^^^|^^^^^^^^^|^^^
@bb/app:lint:      :         |         `-- Cannot update ref value during render
@bb/app:lint:      :         `-- This value is a ref
@bb/app:lint:  714 |   isPanelOpenRef.current = isPanelOpen;
@bb/app:lint:      `----
@bb/app:lint:   help: React refs are values that are not needed for rendering. Refs should only be accessed outside of render, such as in event handlers or effects. Accessing a ref value (the `current` property) during render can cause your component not to update as expected
@bb/app:lint:   note: React Compiler skipped optimizing this component or hook. Additional guidance: https://react.dev/reference/eslint-plugin-react-hooks/lints/refs
@bb/app:lint: 
@bb/app:lint:   ! react(refs): Cannot access refs during render
@bb/app:lint:      ,-[src/components/thread/terminal/ThreadTerminalView.tsx:714:17]
@bb/app:lint:  713 |   autoFocusRef.current = autoFocus;
@bb/app:lint:  714 |   isPanelOpenRef.current = isPanelOpen;
@bb/app:lint:      :   ^^^^^^^|^^^^^^^^^^|^^^
@bb/app:lint:      :          |          `-- Cannot update ref value during render
@bb/app:lint:      :          `-- This value is a ref
@bb/app:lint:  715 |   sessionStatusRef.current = session.status;
@bb/app:lint:      `----
@bb/app:lint:   help: React refs are values that are not needed for rendering. Refs should only be accessed outside of render, such as in event handlers or effects. Accessing a ref value (the `current` property) during render can cause your component not to update as expected
@bb/app:lint:   note: React Compiler skipped optimizing this component or hook. Additional guidance: https://react.dev/reference/eslint-plugin-react-hooks/lints/refs
@bb/app:lint: 
@bb/app:lint:   ! react(refs): Cannot access refs during render
@bb/app:lint:      ,-[src/components/thread/terminal/ThreadTerminalView.tsx:715:19]
@bb/app:lint:  714 |   isPanelOpenRef.current = isPanelOpen;
@bb/app:lint:  715 |   sessionStatusRef.current = session.status;
@bb/app:lint:      :   ^^^^^^^^|^^^^^^^^^^^|^^^
@bb/app:lint:      :           |           `-- Cannot update ref value during render
@bb/app:lint:      :           `-- This value is a ref
@bb/app:lint:  716 |   sessionRef.current = session;
@bb/app:lint:      `----
@bb/app:lint:   help: React refs are values that are not needed for rendering. Refs should only be accessed outside of render, such as in event handlers or effects. Accessing a ref value (the `current` property) during render can cause your component not to update as expected
@bb/app:lint:   note: React Compiler skipped optimizing this component or hook. Additional guidance: https://react.dev/reference/eslint-plugin-react-hooks/lints/refs
@bb/app:lint: 
@bb/app:lint:   ! react(refs): Cannot access refs during render
@bb/app:lint:      ,-[src/components/thread/terminal/ThreadTerminalView.tsx:716:13]
@bb/app:lint:  715 |   sessionStatusRef.current = session.status;
@bb/app:lint:  716 |   sessionRef.current = session;
@bb/app:lint:      :   ^^^^^|^^^^^^^^|^^^
@bb/app:lint:      :        |        `-- Cannot update ref value during render
@bb/app:lint:      :        `-- This value is a ref
@bb/app:lint:  717 |   onAutoFocusHandledRef.current = onAutoFocusHandled;
@bb/app:lint:      `----
@bb/app:lint:   help: React refs are values that are not needed for rendering. Refs should only be accessed outside of render, such as in event handlers or effects. Accessing a ref value (the `current` property) during render can cause your component not to update as expected
@bb/app:lint:   note: React Compiler skipped optimizing this component or hook. Additional guidance: https://react.dev/reference/eslint-plugin-react-hooks/lints/refs
@bb/app:lint: 
@bb/app:lint:   ! react(refs): Cannot access refs during render
@bb/app:lint:      ,-[src/components/thread/terminal/ThreadTerminalView.tsx:717:24]
@bb/app:lint:  716 |   sessionRef.current = session;
@bb/app:lint:  717 |   onAutoFocusHandledRef.current = onAutoFocusHandled;
@bb/app:lint:      :   ^^^^^^^^^^|^^^^^^^^^^^^^^|^^^
@bb/app:lint:      :             |              `-- Cannot update ref value during render
@bb/app:lint:      :             `-- This value is a ref
@bb/app:lint:  718 |   onOpenLinkRef.current = effectiveOnOpenLink;
@bb/app:lint:      `----
@bb/app:lint:   help: React refs are values that are not needed for rendering. Refs should only be accessed outside of render, such as in event handlers or effects. Accessing a ref value (the `current` property) during render can cause your component not to update as expected
@bb/app:lint:   note: React Compiler skipped optimizing this component or hook. Additional guidance: https://react.dev/reference/eslint-plugin-react-hooks/lints/refs
@bb/app:lint: 
@bb/app:lint:   ! react(refs): Cannot access refs during render
@bb/app:lint:      ,-[src/components/thread/terminal/ThreadTerminalView.tsx:718:16]
@bb/app:lint:  717 |   onAutoFocusHandledRef.current = onAutoFocusHandled;
@bb/app:lint:  718 |   onOpenLinkRef.current = effectiveOnOpenLink;
@bb/app:lint:      :   ^^^^^^|^^^^^^^^^^|^^^
@bb/app:lint:      :         |          `-- Cannot update ref value during render
@bb/app:lint:      :         `-- This value is a ref
@bb/app:lint:  719 |   onSessionChangeRef.current = onSessionChange;
@bb/app:lint:      `----
@bb/app:lint:   help: React refs are values that are not needed for rendering. Refs should only be accessed outside of render, such as in event handlers or effects. Accessing a ref value (the `current` property) during render can cause your component not to update as expected
@bb/app:lint:   note: React Compiler skipped optimizing this component or hook. Additional guidance: https://react.dev/reference/eslint-plugin-react-hooks/lints/refs
@bb/app:lint: 
@bb/app:lint:   ! react(refs): Cannot access refs during render
@bb/app:lint:      ,-[src/components/thread/terminal/ThreadTerminalView.tsx:719:21]
@bb/app:lint:  718 |   onOpenLinkRef.current = effectiveOnOpenLink;
@bb/app:lint:  719 |   onSessionChangeRef.current = onSessionChange;
@bb/app:lint:      :   ^^^^^^^^^|^^^^^^^^^^^^|^^^
@bb/app:lint:      :            |            `-- Cannot update ref value during render
@bb/app:lint:      :            `-- This value is a ref
@bb/app:lint:  720 |   onTitleChangeRef.current = onTitleChange;
@bb/app:lint:      `----
@bb/app:lint:   help: React refs are values that are not needed for rendering. Refs should only be accessed outside of render, such as in event handlers or effects. Accessing a ref value (the `current` property) during render can cause your component not to update as expected
@bb/app:lint:   note: React Compiler skipped optimizing this component or hook. Additional guidance: https://react.dev/reference/eslint-plugin-react-hooks/lints/refs
@bb/app:lint: 
@bb/app:lint:   ! react(refs): Cannot access refs during render
@bb/app:lint:      ,-[src/components/thread/terminal/ThreadTerminalView.tsx:720:19]
@bb/app:lint:  719 |   onSessionChangeRef.current = onSessionChange;
@bb/app:lint:  720 |   onTitleChangeRef.current = onTitleChange;
@bb/app:lint:      :   ^^^^^^^^|^^^^^^^^^^^|^^^
@bb/app:lint:      :           |           `-- Cannot update ref value during render
@bb/app:lint:      :           `-- This value is a ref
@bb/app:lint:  721 | 
@bb/app:lint:      `----
@bb/app:lint:   help: React refs are values that are not needed for rendering. Refs should only be accessed outside of render, such as in event handlers or effects. Accessing a ref value (the `current` property) during render can cause your component not to update as expected
@bb/app:lint:   note: React Compiler skipped optimizing this component or hook. Additional guidance: https://react.dev/reference/eslint-plugin-react-hooks/lints/refs
@bb/app:lint: 
@bb/app:lint:   ! react(set-state-in-effect): Calling setState synchronously within an effect can trigger cascading renders
@bb/app:lint:      ,-[src/components/sidebar/SidebarNavigationRegion.tsx:192:7]
@bb/app:lint:  189 | 
@bb/app:lint:  190 |   useEffect(() => {
@bb/app:lint:      :   ^^^^|^^^^
@bb/app:lint:      :       `-- This is the containing effect
@bb/app:lint:  191 |     if (!isCustomizing) {
@bb/app:lint:  192 |       setEditorShown(false);
@bb/app:lint:      :       ^^^^^^^|^^^^^^
@bb/app:lint:      :              `-- Avoid calling setState() directly within an effect
@bb/app:lint:  193 |       return;
@bb/app:lint:      `----
@bb/app:lint:   help: Effects should synchronize React with external systems. Calling setState synchronously inside an effect starts another render and is usually unnecessary. Derive the value during render, initialize state directly, or update it from the event that caused the change. Use an effect only when synchronizing with an external system.
@bb/app:lint:   note: React Compiler skipped optimizing this component or hook. Additional guidance: https://react.dev/reference/eslint-plugin-react-hooks/lints/set-state-in-effect
@bb/app:lint: 
@bb/app:lint:   ! react(set-state-in-effect): Calling setState synchronously within an effect can trigger cascading renders
@bb/app:lint:     ,-[src/components/tools/SkillsLibrary.tsx:91:5]
@bb/app:lint:  89 |   const [selectedPath, setSelectedPath] = useState("SKILL.md");
@bb/app:lint:  90 |   useEffect(() => {
@bb/app:lint:     :   ^^^^|^^^^
@bb/app:lint:     :       `-- This is the containing effect
@bb/app:lint:  91 |     setSelectedPath("SKILL.md");
@bb/app:lint:     :     ^^^^^^^|^^^^^^^
@bb/app:lint:     :            `-- Avoid calling setState() directly within an effect
@bb/app:lint:  92 |   }, [skill?.id]);
@bb/app:lint:     `----
@bb/app:lint:   help: Effects should synchronize React with external systems. Calling setState synchronously inside an effect starts another render and is usually unnecessary. Derive the value during render, initialize state directly, or update it from the event that caused the change. Use an effect only when synchronizing with an external system.
@bb/app:lint:   note: React Compiler skipped optimizing this component or hook. Additional guidance: https://react.dev/reference/eslint-plugin-react-hooks/lints/set-state-in-effect
@bb/app:lint: 
@bb/app:lint:   ! react(set-state-in-effect): Calling setState synchronously within an effect can trigger cascading renders
@bb/app:lint:      ,-[src/components/tools/SkillsLibrary.tsx:209:5]
@bb/app:lint:  205 |   });
@bb/app:lint:  206 |   useEffect(() => {
@bb/app:lint:      :   ^^^^|^^^^
@bb/app:lint:      :       `-- This is the containing effect
@bb/app:lint:  207 |     const data = registryQuery.data;
@bb/app:lint:  208 |     if (data === undefined) return;
@bb/app:lint:  209 |     setLoadedRegistry((current) => {
@bb/app:lint:      :     ^^^^^^^^|^^^^^^^^
@bb/app:lint:      :             `-- Avoid calling setState() directly within an effect
@bb/app:lint:  210 |       const matches =
@bb/app:lint:      `----
@bb/app:lint:   help: Effects should synchronize React with external systems. Calling setState synchronously inside an effect starts another render and is usually unnecessary. Derive the value during render, initialize state directly, or update it from the event that caused the change. Use an effect only when synchronizing with an external system.
@bb/app:lint:   note: React Compiler skipped optimizing this component or hook. Additional guidance: https://react.dev/reference/eslint-plugin-react-hooks/lints/set-state-in-effect
@bb/app:lint: 
@bb/app:lint:   ! react(set-state-in-effect): Calling setState synchronously within an effect can trigger cascading renders
@bb/app:lint:      ,-[src/components/pickers/BranchPicker.tsx:321:7]
@bb/app:lint:  318 | 
@bb/app:lint:  319 |   useEffect(() => {
@bb/app:lint:      :   ^^^^|^^^^
@bb/app:lint:      :       `-- This is the containing effect
@bb/app:lint:  320 |     if (!open) {
@bb/app:lint:  321 |       setQuery("");
@bb/app:lint:      :       ^^^^|^^^
@bb/app:lint:      :           `-- Avoid calling setState() directly within an effect
@bb/app:lint:  322 |       onSearchQueryChange?.("");
@bb/app:lint:      `----
@bb/app:lint:   help: Effects should synchronize React with external systems. Calling setState synchronously inside an effect starts another render and is usually unnecessary. Derive the value during render, initialize state directly, or update it from the event that caused the change. Use an effect only when synchronizing with an external system.
@bb/app:lint:   note: React Compiler skipped optimizing this component or hook. Additional guidance: https://react.dev/reference/eslint-plugin-react-hooks/lints/set-state-in-effect
@bb/app:lint: 
@bb/app:lint:   ! react(refs): Cannot access refs during render
@bb/app:lint:      ,-[src/components/thread/ThreadTitleMentions.tsx:245:18]
@bb/app:lint:  244 | 
@bb/app:lint:  245 |   flushPendingRef.current = () => {
@bb/app:lint:      :   ^^^^^^^|^^^^^^^^^^^|^^^
@bb/app:lint:      :          |           `-- Cannot update ref value during render
@bb/app:lint:      :          `-- This value is a ref
@bb/app:lint:  246 |     const threadIds = [...pendingIdsRef.current].slice(
@bb/app:lint:      `----
@bb/app:lint:   help: React refs are values that are not needed for rendering. Refs should only be accessed outside of render, such as in event handlers or effects. Accessing a ref value (the `current` property) during render can cause your component not to update as expected
@bb/app:lint:   note: React Compiler skipped optimizing this component or hook. Additional guidance: https://react.dev/reference/eslint-plugin-react-hooks/lints/refs
@bb/app:lint: 
@bb/app:lint:   ! react(immutability): Cannot reassign variable after render completes
@bb/app:lint:      ,-[src/components/thread/ThreadTitleMentions.tsx:936:5]
@bb/app:lint:  932 |   const resources = useContext(ThreadTitleMentionResourcesContext);
@bb/app:lint:  933 |   let offset = 0;
@bb/app:lint:      :       ^^^|^^
@bb/app:lint:      :          `-- `offset` is declared here
@bb/app:lint:  934 |   return threadTitleTextSegments(title, resources).map((segment, index) => {
@bb/app:lint:  935 |     const segmentOffset = offset;
@bb/app:lint:  936 |     offset += (segment.serializedText ?? segment.text).length;
@bb/app:lint:      :     ^^^|^^
@bb/app:lint:      :        `-- Cannot reassign `offset` after render completes
@bb/app:lint:  937 |     return segment.unresolvedThreadId !== null &&
@bb/app:lint:      `----
@bb/app:lint:   help: Reassigning `offset` after render has completed can cause inconsistent behavior on subsequent renders. Consider using state instead
@bb/app:lint:   note: React Compiler skipped optimizing this component or hook. Additional guidance: https://react.dev/reference/eslint-plugin-react-hooks/lints/immutability
@bb/app:lint: 
@bb/app:lint:   ! react(refs): Cannot access refs during render
@bb/app:lint:      ,-[src/components/sidebar/SidebarVisibilityCustomize.tsx:156:14]
@bb/app:lint:  155 |         type="button"
@bb/app:lint:  156 |         ref={dragBindings.setActivatorNodeRef}
@bb/app:lint:      :              ^^^^^^^^^^^^^^^^|^^^^^^^^^^^^^^^
@bb/app:lint:      :                              `-- Cannot access ref value during render
@bb/app:lint:  157 |         {...dragBindings.attributes}
@bb/app:lint:      `----
@bb/app:lint:   help: React refs are values that are not needed for rendering. Refs should only be accessed outside of render, such as in event handlers or effects. Accessing a ref value (the `current` property) during render can cause your component not to update as expected
@bb/app:lint:   note: React Compiler skipped optimizing this component or hook. Additional guidance: https://react.dev/reference/eslint-plugin-react-hooks/lints/refs
@bb/app:lint: 
@bb/app:lint:   ! react(refs): Cannot access refs during render
@bb/app:lint:      ,-[src/components/sidebar/SidebarVisibilityCustomize.tsx:157:13]
@bb/app:lint:  156 |         ref={dragBindings.setActivatorNodeRef}
@bb/app:lint:  157 |         {...dragBindings.attributes}
@bb/app:lint:      :             ^^^^^^^^^^^|^^^^^^^^^^^
@bb/app:lint:      :                        `-- Cannot access ref value during render
@bb/app:lint:  158 |         {...dragBindings.listeners}
@bb/app:lint:      `----
@bb/app:lint:   help: React refs are values that are not needed for rendering. Refs should only be accessed outside of render, such as in event handlers or effects. Accessing a ref value (the `current` property) during render can cause your component not to update as expected
@bb/app:lint:   note: React Compiler skipped optimizing this component or hook. Additional guidance: https://react.dev/reference/eslint-plugin-react-hooks/lints/refs
@bb/app:lint: 
@bb/app:lint:   ! react(refs): Cannot access refs during render
@bb/app:lint:      ,-[src/components/sidebar/SidebarVisibilityCustomize.tsx:158:13]
@bb/app:lint:  157 |         {...dragBindings.attributes}
@bb/app:lint:  158 |         {...dragBindings.listeners}
@bb/app:lint:      :             ^^^^^^^^^^^|^^^^^^^^^^
@bb/app:lint:      :                        `-- Cannot access ref value during render
@bb/app:lint:  159 |         aria-label={`Reorder ${item.title}`}
@bb/app:lint:      `----
@bb/app:lint:   help: React refs are values that are not needed for rendering. Refs should only be accessed outside of render, such as in event handlers or effects. Accessing a ref value (the `current` property) during render can cause your component not to update as expected
@bb/app:lint:   note: React Compiler skipped optimizing this component or hook. Additional guidance: https://react.dev/reference/eslint-plugin-react-hooks/lints/refs
@bb/app:lint: 
@bb/app:lint:   ! react(refs): Cannot access refs during render
@bb/app:lint:     ,-[src/components/thread/embedded-chat/useQueuedMessageActions.ts:76:20]
@bb/app:lint:  75 |   const queuedMessagesRef = useRef<readonly ThreadQueuedMessage[]>([]);
@bb/app:lint:  76 |   queuedMessagesRef.current = queuedMessages;
@bb/app:lint:     :   ^^^^^^^^|^^^^^^^^^^^^|^^^
@bb/app:lint:     :           |            `-- Cannot update ref value during render
@bb/app:lint:     :           `-- This value is a ref
@bb/app:lint:  77 | 
@bb/app:lint:     `----
@bb/app:lint:   help: React refs are values that are not needed for rendering. Refs should only be accessed outside of render, such as in event handlers or effects. Accessing a ref value (the `current` property) during render can cause your component not to update as expected
@bb/app:lint:   note: React Compiler skipped optimizing this component or hook. Additional guidance: https://react.dev/reference/eslint-plugin-react-hooks/lints/refs
@bb/app:lint: 
@bb/app:lint:   ! react(set-state-in-effect): Calling setState synchronously within an effect can trigger cascading renders
@bb/app:lint:     ,-[src/components/ui/hooks/use-hover-popover.ts:75:18]
@bb/app:lint:  69 | 
@bb/app:lint:  70 |   useEffect(() => {
@bb/app:lint:     :   ^^^^|^^^^
@bb/app:lint:     :       `-- This is the containing effect
@bb/app:lint:  71 |     clearToggleTimeout();
@bb/app:lint:  72 |     if (!supportsHover) return;
@bb/app:lint:  73 | 
@bb/app:lint:  74 |     if (isFocusOverTrigger || isFocusOverContent) {
@bb/app:lint:  75 |       if (!open) setOpen(true);
@bb/app:lint:     :                  ^^^|^^^
@bb/app:lint:     :                     `-- Avoid calling setState() directly within an effect
@bb/app:lint:  76 |       return;
@bb/app:lint:     `----
@bb/app:lint:   help: Effects should synchronize React with external systems. Calling setState synchronously inside an effect starts another render and is usually unnecessary. Derive the value during render, initialize state directly, or update it from the event that caused the change. Use an effect only when synchronizing with an external system.
@bb/app:lint:   note: React Compiler skipped optimizing this component or hook. Additional guidance: https://react.dev/reference/eslint-plugin-react-hooks/lints/set-state-in-effect
@bb/app:lint: 
@bb/app:lint:   ! react(refs): Cannot access refs during render
@bb/app:lint:      ,-[src/components/sidebar/SidebarNavigationModel.tsx:143:28]
@bb/app:lint:  142 |         const byId = new Map<string, ExperimentalSidebarNavigationItem>();
@bb/app:lint:  143 | ,->     const list = items.map((item) => {
@bb/app:lint:  144 | |         const prior = previous.byId.get(item.id);
@bb/app:lint:  145 | |         const stable =
@bb/app:lint:  146 | |           prior && isSameSidebarNavigationItem(prior, item) ? prior : item;
@bb/app:lint:  147 | |         byId.set(item.id, stable);
@bb/app:lint:  148 | |         return stable;
@bb/app:lint:  149 | |->     });
@bb/app:lint:      : `---- Passing a ref to a function may read its value during render
@bb/app:lint:  150 |         const unchanged =
@bb/app:lint:      `----
@bb/app:lint:   help: React refs are values that are not needed for rendering. Refs should only be accessed outside of render, such as in event handlers or effects. Accessing a ref value (the `current` property) during render can cause your component not to update as expected
@bb/app:lint:   note: React Compiler skipped optimizing this component or hook. Additional guidance: https://react.dev/reference/eslint-plugin-react-hooks/lints/refs
@bb/app:lint: 
@bb/app:lint:   ! react(refs): Cannot access refs during render
@bb/app:lint:      ,-[src/components/sidebar/SidebarNavigationModel.tsx:151:23]
@bb/app:lint:  150 |     const unchanged =
@bb/app:lint:  151 |       list.length === previous.list.length &&
@bb/app:lint:      :                       ^^^^^^^^^^|^^^^^^^^^
@bb/app:lint:      :                                 `-- Cannot access ref value during render
@bb/app:lint:  152 |       list.every((item, index) => item === previous.list[index]);
@bb/app:lint:      `----
@bb/app:lint:   help: React refs are values that are not needed for rendering. Refs should only be accessed outside of render, such as in event handlers or effects. Accessing a ref value (the `current` property) during render can cause your component not to update as expected
@bb/app:lint:   note: React Compiler skipped optimizing this component or hook. Additional guidance: https://react.dev/reference/eslint-plugin-react-hooks/lints/refs
@bb/app:lint: 
@bb/app:lint:   ! react(refs): Cannot access refs during render
@bb/app:lint:      ,-[src/components/sidebar/SidebarNavigationModel.tsx:152:18]
@bb/app:lint:  151 |       list.length === previous.list.length &&
@bb/app:lint:  152 |       list.every((item, index) => item === previous.list[index]);
@bb/app:lint:      :                  ^^^^^^^^^^^^^^^^^^^^^^^|^^^^^^^^^^^^^^^^^^^^^^
@bb/app:lint:      :                                         `-- Passing a ref to a function may read its value during render
@bb/app:lint:  153 |     const next = unchanged ? previous.list : list;
@bb/app:lint:      `----
@bb/app:lint:   help: React refs are values that are not needed for rendering. Refs should only be accessed outside of render, such as in event handlers or effects. Accessing a ref value (the `current` property) during render can cause your component not to update as expected
@bb/app:lint:   note: React Compiler skipped optimizing this component or hook. Additional guidance: https://react.dev/reference/eslint-plugin-react-hooks/lints/refs
@bb/app:lint: 
@bb/app:lint:   ! react(refs): Cannot access refs during render
@bb/app:lint:      ,-[src/components/sidebar/SidebarNavigationModel.tsx:154:41]
@bb/app:lint:  153 |     const next = unchanged ? previous.list : list;
@bb/app:lint:  154 |     previousRef.current = { byId, list: next };
@bb/app:lint:      :                                         ^^|^
@bb/app:lint:      :                                           `-- Cannot access ref value during render
@bb/app:lint:  155 |     return next;
@bb/app:lint:      `----
@bb/app:lint:   help: React refs are values that are not needed for rendering. Refs should only be accessed outside of render, such as in event handlers or effects. Accessing a ref value (the `current` property) during render can cause your component not to update as expected
@bb/app:lint:   note: React Compiler skipped optimizing this component or hook. Additional guidance: https://react.dev/reference/eslint-plugin-react-hooks/lints/refs
@bb/app:lint: 
@bb/app:lint:   ! react(refs): Cannot access refs during render
@bb/app:lint:      ,-[src/components/sidebar/SidebarNavigationModel.tsx:154:16]
@bb/app:lint:  153 |     const next = unchanged ? previous.list : list;
@bb/app:lint:  154 |     previousRef.current = { byId, list: next };
@bb/app:lint:      :     ^^^^^|^^^^^^^^^|^^^
@bb/app:lint:      :          |         `-- Cannot update ref value during render
@bb/app:lint:      :          `-- This value is a ref
@bb/app:lint:  155 |     return next;
@bb/app:lint:      `----
@bb/app:lint:   help: React refs are values that are not needed for rendering. Refs should only be accessed outside of render, such as in event handlers or effects. Accessing a ref value (the `current` property) during render can cause your component not to update as expected
@bb/app:lint:   note: React Compiler skipped optimizing this component or hook. Additional guidance: https://react.dev/reference/eslint-plugin-react-hooks/lints/refs
@bb/app:lint: 
@bb/app:lint:   ! react(refs): Cannot access refs during render
@bb/app:lint:      ,-[src/components/sidebar/SidebarNavigationModel.tsx:154:27]
@bb/app:lint:  153 |     const next = unchanged ? previous.list : list;
@bb/app:lint:  154 |     previousRef.current = { byId, list: next };
@bb/app:lint:      :                           ^^^^^^^^^^|^^^^^^^^^
@bb/app:lint:      :                                     `-- Cannot access ref value during render
@bb/app:lint:  155 |     return next;
@bb/app:lint:      `----
@bb/app:lint:   help: React refs are values that are not needed for rendering. Refs should only be accessed outside of render, such as in event handlers or effects. Accessing a ref value (the `current` property) during render can cause your component not to update as expected
@bb/app:lint:   note: React Compiler skipped optimizing this component or hook. Additional guidance: https://react.dev/reference/eslint-plugin-react-hooks/lints/refs
@bb/app:lint: 
@bb/app:lint:   ! react(refs): Cannot access refs during render
@bb/app:lint:      ,-[src/components/sidebar/SidebarNavigationModel.tsx:140:10]
@bb/app:lint:  139 |       }>({ byId: new Map(), list: [] });
@bb/app:lint:  140 | ,->   return useMemo(() => {
@bb/app:lint:  141 | |       const previous = previousRef.current;
@bb/app:lint:  142 | |       const byId = new Map<string, ExperimentalSidebarNavigationItem>();
@bb/app:lint:  143 | |       const list = items.map((item) => {
@bb/app:lint:  144 | |         const prior = previous.byId.get(item.id);
@bb/app:lint:  145 | |         const stable =
@bb/app:lint:  146 | |           prior && isSameSidebarNavigationItem(prior, item) ? prior : item;
@bb/app:lint:  147 | |         byId.set(item.id, stable);
@bb/app:lint:  148 | |         return stable;
@bb/app:lint:  149 | |       });
@bb/app:lint:  150 | |       const unchanged =
@bb/app:lint:  151 | |         list.length === previous.list.length &&
@bb/app:lint:  152 | |         list.every((item, index) => item === previous.list[index]);
@bb/app:lint:  153 | |       const next = unchanged ? previous.list : list;
@bb/app:lint:  154 | |       previousRef.current = { byId, list: next };
@bb/app:lint:  155 | |       return next;
@bb/app:lint:  156 | |->   }, [items]);
@bb/app:lint:      : `---- Cannot access ref value during render
@bb/app:lint:  157 |     }
@bb/app:lint:      `----
@bb/app:lint:   help: React refs are values that are not needed for rendering. Refs should only be accessed outside of render, such as in event handlers or effects. Accessing a ref value (the `current` property) during render can cause your component not to update as expected
@bb/app:lint:   note: React Compiler skipped optimizing this component or hook. Additional guidance: https://react.dev/reference/eslint-plugin-react-hooks/lints/refs
@bb/app:lint: 
@bb/app:lint:   ! react(set-state-in-effect): Calling setState synchronously within an effect can trigger cascading renders
@bb/app:lint:      ,-[src/components/settings/ProjectsSettingsSection.tsx:230:5]
@bb/app:lint:  228 |   const serverProjects = sidebarNavigationQuery.data?.projects;
@bb/app:lint:  229 |   useEffect(() => {
@bb/app:lint:      :   ^^^^|^^^^
@bb/app:lint:      :       `-- This is the containing effect
@bb/app:lint:  230 |     setOptimisticOrder(null);
@bb/app:lint:      :     ^^^^^^^^^|^^^^^^^^
@bb/app:lint:      :              `-- Avoid calling setState() directly within an effect
@bb/app:lint:  231 |   }, [serverProjects]);
@bb/app:lint:      `----
@bb/app:lint:   help: Effects should synchronize React with external systems. Calling setState synchronously inside an effect starts another render and is usually unnecessary. Derive the value during render, initialize state directly, or update it from the event that caused the change. Use an effect only when synchronizing with an external system.
@bb/app:lint:   note: React Compiler skipped optimizing this component or hook. Additional guidance: https://react.dev/reference/eslint-plugin-react-hooks/lints/set-state-in-effect
@bb/app:lint: 
@bb/app:lint:   ! react(set-state-in-effect): Calling setState synchronously within an effect can trigger cascading renders
@bb/app:lint:      ,-[src/components/thread/embedded-chat/useInlineQueuedMessageEditing.ts:108:7]
@bb/app:lint:  102 |   );
@bb/app:lint:  103 |   useEffect(() => {
@bb/app:lint:      :   ^^^^|^^^^
@bb/app:lint:      :       `-- This is the containing effect
@bb/app:lint:  104 |     if (
@bb/app:lint:  105 |       inlineEditingQueuedMessageState !== null &&
@bb/app:lint:  106 |       inlineEditingQueuedMessage === null
@bb/app:lint:  107 |     ) {
@bb/app:lint:  108 |       dismissInlineQueuedMessageEditor();
@bb/app:lint:      :       ^^^^^^^^^^^^^^^^|^^^^^^^^^^^^^^^
@bb/app:lint:      :                       `-- Avoid calling setState() directly within an effect
@bb/app:lint:  109 |     }
@bb/app:lint:      `----
@bb/app:lint:   help: Effects should synchronize React with external systems. Calling setState synchronously inside an effect starts another render and is usually unnecessary. Derive the value during render, initialize state directly, or update it from the event that caused the change. Use an effect only when synchronizing with an external system.
@bb/app:lint:   note: React Compiler skipped optimizing this component or hook. Additional guidance: https://react.dev/reference/eslint-plugin-react-hooks/lints/set-state-in-effect
@bb/app:lint: 
@bb/app:lint:   ! react(refs): Cannot access refs during render
@bb/app:lint:     ,-[src/components/thread/embedded-chat/useInlineQueuedMessageEditing.ts:58:24]
@bb/app:lint:  57 |   >(new Map());
@bb/app:lint:  58 |   queuedMessagesByIdRef.current = useMemo(() => {
@bb/app:lint:     :   ^^^^^^^^^^|^^^^^^^^^^^^^^|^^^
@bb/app:lint:     :             |              `-- Cannot update ref value during render
@bb/app:lint:     :             `-- This value is a ref
@bb/app:lint:  59 |     const next = new Map<string, ThreadQueuedMessage>();
@bb/app:lint:     `----
@bb/app:lint:   help: React refs are values that are not needed for rendering. Refs should only be accessed outside of render, such as in event handlers or effects. Accessing a ref value (the `current` property) during render can cause your component not to update as expected
@bb/app:lint:   note: React Compiler skipped optimizing this component or hook. Additional guidance: https://react.dev/reference/eslint-plugin-react-hooks/lints/refs
@bb/app:lint: 
@bb/app:lint:   ! react(incompatible-library): Use of incompatible library
@bb/app:lint:      ,-[src/components/thread/timeline/TimelineWindowedItems.tsx:171:23]
@bb/app:lint:  170 | 
@bb/app:lint:  171 |   const virtualizer = useVirtualizer<HTMLElement, HTMLDivElement>({
@bb/app:lint:      :                       ^^^^^^^|^^^^^^
@bb/app:lint:      :                              `-- TanStack Virtual's `useVirtualizer()` API returns functions that cannot be memoized safely
@bb/app:lint:  172 |     count: itemKeys.length,
@bb/app:lint:      `----
@bb/app:lint:   help: This API returns functions which cannot be memoized without leading to stale UI. To prevent this, by default React Compiler will skip memoizing this component/hook. However, you may see issues if values from this API are passed to other components/hooks that are memoized
@bb/app:lint:   note: React Compiler skipped optimizing this component or hook. Additional guidance: https://react.dev/reference/eslint-plugin-react-hooks/lints/incompatible-library
@bb/app:lint: 
@bb/app:lint:   ! react(set-state-in-effect): Calling setState synchronously within an effect can trigger cascading renders
@bb/app:lint:      ,-[src/components/sidebar/AppSidebar.tsx:194:7]
@bb/app:lint:  191 |     isCompactViewport && isNavigationCustomizing;
@bb/app:lint:  192 |   useEffect(() => {
@bb/app:lint:      :   ^^^^|^^^^
@bb/app:lint:      :       `-- This is the containing effect
@bb/app:lint:  193 |     if (isCompactViewport && (!openMobile || isHiddenHostedBody)) {
@bb/app:lint:  194 |       setNavigationCustomizing(false);
@bb/app:lint:      :       ^^^^^^^^^^^^|^^^^^^^^^^^
@bb/app:lint:      :                   `-- Avoid calling setState() directly within an effect
@bb/app:lint:  195 |       setFooterCustomizing(false);
@bb/app:lint:      `----
@bb/app:lint:   help: Effects should synchronize React with external systems. Calling setState synchronously inside an effect starts another render and is usually unnecessary. Derive the value during render, initialize state directly, or update it from the event that caused the change. Use an effect only when synchronizing with an external system.
@bb/app:lint:   note: React Compiler skipped optimizing this component or hook. Additional guidance: https://react.dev/reference/eslint-plugin-react-hooks/lints/set-state-in-effect
@bb/app:lint: 
@bb/app:lint:   ! react(set-state-in-effect): Calling setState synchronously within an effect can trigger cascading renders
@bb/app:lint:      ,-[src/components/sidebar/AppSidebar.tsx:226:5]
@bb/app:lint:  220 | 
@bb/app:lint:  221 |   useEffect(() => {
@bb/app:lint:      :   ^^^^|^^^^
@bb/app:lint:      :       `-- This is the containing effect
@bb/app:lint:  222 |     if (isAppCommandModifierHeld) {
@bb/app:lint:  223 |       showThreadShortcuts();
@bb/app:lint:  224 |       return;
@bb/app:lint:  225 |     }
@bb/app:lint:  226 |     hideThreadShortcuts();
@bb/app:lint:      :     ^^^^^^^^^|^^^^^^^^^
@bb/app:lint:      :              `-- Avoid calling setState() directly within an effect
@bb/app:lint:  227 |   }, [hideThreadShortcuts, isAppCommandModifierHeld, showThreadShortcuts]);
@bb/app:lint:      `----
@bb/app:lint:   help: Effects should synchronize React with external systems. Calling setState synchronously inside an effect starts another render and is usually unnecessary. Derive the value during render, initialize state directly, or update it from the event that caused the change. Use an effect only when synchronizing with an external system.
@bb/app:lint:   note: React Compiler skipped optimizing this component or hook. Additional guidance: https://react.dev/reference/eslint-plugin-react-hooks/lints/set-state-in-effect
@bb/app:lint: 
@bb/app:lint:   ! react(purity): Cannot call impure function during render
@bb/app:lint:      ,-[src/components/pickers/MachinePicker.tsx:102:15]
@bb/app:lint:  101 |   );
@bb/app:lint:  102 |   const now = Date.now();
@bb/app:lint:      :               ^^^^^|^^^^
@bb/app:lint:      :                    `-- Cannot call impure function
@bb/app:lint:  103 |   const handleOpenChange = (nextOpen: boolean) => {
@bb/app:lint:      `----
@bb/app:lint:   help: `Date.now` is an impure function. Calling an impure function can produce unstable results that update unpredictably when the component re-renders
@bb/app:lint:   note: React Compiler skipped optimizing this component or hook. Additional guidance: https://react.dev/reference/eslint-plugin-react-hooks/lints/purity
@bb/app:lint: 
@bb/app:lint:   ! react(set-state-in-effect): Calling setState synchronously within an effect can trigger cascading renders
@bb/app:lint:      ,-[src/components/git-diff/GitDiffCardBody.tsx:277:5]
@bb/app:lint:  274 |   const isPointerCoarse = usePointerCoarse();
@bb/app:lint:  275 |   useEffect(() => {
@bb/app:lint:      :   ^^^^|^^^^
@bb/app:lint:      :       `-- This is the containing effect
@bb/app:lint:  276 |     enrichmentStatusRef.current = "idle";
@bb/app:lint:  277 |     setEnrichment({ status: "idle" });
@bb/app:lint:      :     ^^^^^^|^^^^^^
@bb/app:lint:      :           `-- Avoid calling setState() directly within an effect
@bb/app:lint:  278 |     setHasLoadedDeletedDiff(false);
@bb/app:lint:      `----
@bb/app:lint:   help: Effects should synchronize React with external systems. Calling setState synchronously inside an effect starts another render and is usually unnecessary. Derive the value during render, initialize state directly, or update it from the event that caused the change. Use an effect only when synchronizing with an external system.
@bb/app:lint:   note: React Compiler skipped optimizing this component or hook. Additional guidance: https://react.dev/reference/eslint-plugin-react-hooks/lints/set-state-in-effect
@bb/app:lint: 
@bb/app:lint:   ! react(set-state-in-effect): Calling setState synchronously within an effect can trigger cascading renders
@bb/app:lint:      ,-[src/components/git-diff/GitDiffCardBody.tsx:283:7]
@bb/app:lint:  280 |   }, [fileContentPlan.identity, isImageCard, isSvgCard]);
@bb/app:lint:  281 |   useEffect(() => {
@bb/app:lint:      :   ^^^^|^^^^
@bb/app:lint:      :       `-- This is the containing effect
@bb/app:lint:  282 |     if (isBodyVisible) {
@bb/app:lint:  283 |       setHasBodyEnteredViewport(true);
@bb/app:lint:      :       ^^^^^^^^^^^^|^^^^^^^^^^^^
@bb/app:lint:      :                   `-- Avoid calling setState() directly within an effect
@bb/app:lint:  284 |     }
@bb/app:lint:      `----
@bb/app:lint:   help: Effects should synchronize React with external systems. Calling setState synchronously inside an effect starts another render and is usually unnecessary. Derive the value during render, initialize state directly, or update it from the event that caused the change. Use an effect only when synchronizing with an external system.
@bb/app:lint:   note: React Compiler skipped optimizing this component or hook. Additional guidance: https://react.dev/reference/eslint-plugin-react-hooks/lints/set-state-in-effect
@bb/app:lint: 
@bb/app:lint:   ! react(set-state-in-effect): Calling setState synchronously within an effect can trigger cascading renders
@bb/app:lint:      ,-[src/components/secondary-panel/git-diff/DiffFileCard.tsx:191:5]
@bb/app:lint:  188 | 
@bb/app:lint:  189 |   useEffect(() => {
@bb/app:lint:      :   ^^^^|^^^^
@bb/app:lint:      :       `-- This is the containing effect
@bb/app:lint:  190 |     statusRef.current = "idle";
@bb/app:lint:  191 |     setState(EMPTY_BINARY_IMAGE_PREVIEW_STATE);
@bb/app:lint:      :     ^^^^|^^^
@bb/app:lint:      :         `-- Avoid calling setState() directly within an effect
@bb/app:lint:  192 |   }, [planIdentity, onRequestFileContents]);
@bb/app:lint:      `----
@bb/app:lint:   help: Effects should synchronize React with external systems. Calling setState synchronously inside an effect starts another render and is usually unnecessary. Derive the value during render, initialize state directly, or update it from the event that caused the change. Use an effect only when synchronizing with an external system.
@bb/app:lint:   note: React Compiler skipped optimizing this component or hook. Additional guidance: https://react.dev/reference/eslint-plugin-react-hooks/lints/set-state-in-effect
@bb/app:lint: 
@bb/app:lint:   ! react(set-state-in-effect): Calling setState synchronously within an effect can trigger cascading renders
@bb/app:lint:      ,-[src/components/secondary-panel/git-diff/DiffFileCard.tsx:272:5]
@bb/app:lint:  270 |     useState<GitDiffCardSvgDisplayMode>("preview");
@bb/app:lint:  271 |   useEffect(() => {
@bb/app:lint:      :   ^^^^|^^^^
@bb/app:lint:      :       `-- This is the containing effect
@bb/app:lint:  272 |     setSvgDisplayMode("preview");
@bb/app:lint:      :     ^^^^^^^^|^^^^^^^^
@bb/app:lint:      :             `-- Avoid calling setState() directly within an effect
@bb/app:lint:  273 |   }, [entry.path, entry.previousPath, patchState.patch]);
@bb/app:lint:      `----
@bb/app:lint:   help: Effects should synchronize React with external systems. Calling setState synchronously inside an effect starts another render and is usually unnecessary. Derive the value during render, initialize state directly, or update it from the event that caused the change. Use an effect only when synchronizing with an external system.
@bb/app:lint:   note: React Compiler skipped optimizing this component or hook. Additional guidance: https://react.dev/reference/eslint-plugin-react-hooks/lints/set-state-in-effect
@bb/app:lint: 
@bb/app:lint:   ! react(refs): Cannot access refs during render
@bb/app:lint:     ,-[src/components/thread/embedded-chat/useComposerAttachmentUploads.ts:78:12]
@bb/app:lint:  77 |   const targetRef = useRef(target);
@bb/app:lint:  78 |   targetRef.current = target;
@bb/app:lint:     :   ^^^^|^^^^^^^^|^^^
@bb/app:lint:     :       |        `-- Cannot update ref value during render
@bb/app:lint:     :       `-- This value is a ref
@bb/app:lint:  79 |   const [operation, setOperation] = useState<DraftAttachmentOperationState>({
@bb/app:lint:     `----
@bb/app:lint:   help: React refs are values that are not needed for rendering. Refs should only be accessed outside of render, such as in event handlers or effects. Accessing a ref value (the `current` property) during render can cause your component not to update as expected
@bb/app:lint:   note: React Compiler skipped optimizing this component or hook. Additional guidance: https://react.dev/reference/eslint-plugin-react-hooks/lints/refs
@bb/app:lint: 
@bb/app:lint:   ! react(set-state-in-effect): Calling setState synchronously within an effect can trigger cascading renders
@bb/app:lint:     ,-[src/components/thread/timeline/Streaming.stories.tsx:54:5]
@bb/app:lint:  52 |   const [step, setStep] = useState(0);
@bb/app:lint:  53 |   useEffect(() => {
@bb/app:lint:     :   ^^^^|^^^^
@bb/app:lint:     :       `-- This is the containing effect
@bb/app:lint:  54 |     setStep(0);
@bb/app:lint:     :     ^^^|^^^
@bb/app:lint:     :        `-- Avoid calling setState() directly within an effect
@bb/app:lint:  55 |     if (totalSteps === 0) return;
@bb/app:lint:     `----
@bb/app:lint:   help: Effects should synchronize React with external systems. Calling setState synchronously inside an effect starts another render and is usually unnecessary. Derive the value during render, initialize state directly, or update it from the event that caused the change. Use an effect only when synchronizing with an external system.
@bb/app:lint:   note: React Compiler skipped optimizing this component or hook. Additional guidance: https://react.dev/reference/eslint-plugin-react-hooks/lints/set-state-in-effect
@bb/app:lint: 
@bb/app:lint:   ! react(refs): Cannot access refs during render
@bb/app:lint:      ,-[src/components/thread/timeline/TimelineSelectionMenu.tsx:145:19]
@bb/app:lint:  144 |   const virtualAnchorRef = useRef(virtualAnchor);
@bb/app:lint:  145 |   virtualAnchorRef.current = virtualAnchor;
@bb/app:lint:      :   ^^^^^^^^|^^^^^^^^^^^|^^^
@bb/app:lint:      :           |           `-- Cannot update ref value during render
@bb/app:lint:      :           `-- This value is a ref
@bb/app:lint:  146 | 
@bb/app:lint:      `----
@bb/app:lint:   help: React refs are values that are not needed for rendering. Refs should only be accessed outside of render, such as in event handlers or effects. Accessing a ref value (the `current` property) during render can cause your component not to update as expected
@bb/app:lint:   note: React Compiler skipped optimizing this component or hook. Additional guidance: https://react.dev/reference/eslint-plugin-react-hooks/lints/refs
@bb/app:lint: 
@bb/app:lint:   ! react(refs): Cannot access refs during render
@bb/app:lint:      ,-[src/components/thread/timeline/SelectableMessageProse.tsx:594:14]
@bb/app:lint:  593 |   const onSelectRef = useRef(onSelect);
@bb/app:lint:  594 |   onSelectRef.current = onSelect;
@bb/app:lint:      :   ^^^^^|^^^^^^^^^|^^^
@bb/app:lint:      :        |         `-- Cannot update ref value during render
@bb/app:lint:      :        `-- This value is a ref
@bb/app:lint:  595 | 
@bb/app:lint:      `----
@bb/app:lint:   help: React refs are values that are not needed for rendering. Refs should only be accessed outside of render, such as in event handlers or effects. Accessing a ref value (the `current` property) during render can cause your component not to update as expected
@bb/app:lint:   note: React Compiler skipped optimizing this component or hook. Additional guidance: https://react.dev/reference/eslint-plugin-react-hooks/lints/refs
@bb/app:lint: 
@bb/app:lint:   ! react(purity): Cannot call impure function during render
@bb/app:lint:      ,-[src/components/settings/MachinesSettingsSection.tsx:231:15]
@bb/app:lint:  230 | 
@bb/app:lint:  231 |   const now = Date.now();
@bb/app:lint:      :               ^^^^^|^^^^
@bb/app:lint:      :                    `-- Cannot call impure function
@bb/app:lint:  232 |   const primaryHostPlatform = systemConfig.data?.primaryHostPlatform ?? null;
@bb/app:lint:      `----
@bb/app:lint:   help: `Date.now` is an impure function. Calling an impure function can produce unstable results that update unpredictably when the component re-renders
@bb/app:lint:   note: React Compiler skipped optimizing this component or hook. Additional guidance: https://react.dev/reference/eslint-plugin-react-hooks/lints/purity
@bb/app:lint: 
@bb/app:lint:   ! react(set-state-in-effect): Calling setState synchronously within an effect can trigger cascading renders
@bb/app:lint:     ,-[src/components/thread/timeline/TimelineRowDetails.tsx:90:5]
@bb/app:lint:  88 | 
@bb/app:lint:  89 |   useEffect(() => {
@bb/app:lint:     :   ^^^^|^^^^
@bb/app:lint:     :       `-- This is the containing effect
@bb/app:lint:  90 |     setLoadError(false);
@bb/app:lint:     :     ^^^^^^|^^^^^
@bb/app:lint:     :           `-- Avoid calling setState() directly within an effect
@bb/app:lint:  91 |     setLightboxOpen(false);
@bb/app:lint:     `----
@bb/app:lint:   help: Effects should synchronize React with external systems. Calling setState synchronously inside an effect starts another render and is usually unnecessary. Derive the value during render, initialize state directly, or update it from the event that caused the change. Use an effect only when synchronizing with an external system.
@bb/app:lint:   note: React Compiler skipped optimizing this component or hook. Additional guidance: https://react.dev/reference/eslint-plugin-react-hooks/lints/set-state-in-effect
@bb/app:lint: 
@bb/app:lint:   ! react(purity): Cannot call impure function during render
@bb/app:lint:      ,-[src/components/pickers/EnvironmentPicker.tsx:753:15]
@bb/app:lint:  752 | }: MachineGroupedEnvironmentOptionsProps) {
@bb/app:lint:  753 |   const now = Date.now();
@bb/app:lint:      :               ^^^^^|^^^^
@bb/app:lint:      :                    `-- Cannot call impure function
@bb/app:lint:  754 |   const orderedHosts = useMemo(
@bb/app:lint:      `----
@bb/app:lint:   help: `Date.now` is an impure function. Calling an impure function can produce unstable results that update unpredictably when the component re-renders
@bb/app:lint:   note: React Compiler skipped optimizing this component or hook. Additional guidance: https://react.dev/reference/eslint-plugin-react-hooks/lints/purity
@bb/app:lint: 
@bb/app:lint:   ! react(purity): Cannot call impure function during render
@bb/app:lint:      ,-[src/components/pickers/EnvironmentPicker.tsx:813:15]
@bb/app:lint:  812 |   const machineListRef = useResetPickerScroll<HTMLDivElement>(searchQuery);
@bb/app:lint:  813 |   const now = Date.now();
@bb/app:lint:      :               ^^^^^|^^^^
@bb/app:lint:      :                    `-- Cannot call impure function
@bb/app:lint:  814 |   const orderedHosts = useMemo(
@bb/app:lint:      `----
@bb/app:lint:   help: `Date.now` is an impure function. Calling an impure function can produce unstable results that update unpredictably when the component re-renders
@bb/app:lint:   note: React Compiler skipped optimizing this component or hook. Additional guidance: https://react.dev/reference/eslint-plugin-react-hooks/lints/purity
@bb/app:lint: 
@bb/app:lint:   ! react(set-state-in-effect): Calling setState synchronously within an effect can trigger cascading renders
@bb/app:lint:     ,-[src/lib/use-desktop-browser-reveal.ts:40:5]
@bb/app:lint:  30 | 
@bb/app:lint:  31 |   useEffect(() => {
@bb/app:lint:     :   ^^^^|^^^^
@bb/app:lint:     :       `-- This is the containing effect
@bb/app:lint:  32 |     if (
@bb/app:lint:  33 |       !isFocused ||
@bb/app:lint:  34 |       pending === null ||
@bb/app:lint:  35 |       pending.threadId !== threadId ||
@bb/app:lint:  36 |       !browserTabs.some((tab) => tab.id === pending.tabId)
@bb/app:lint:  37 |     )
@bb/app:lint:  38 |       return;
@bb/app:lint:  39 |     activateTab(pending.tabId);
@bb/app:lint:  40 |     setPending(null);
@bb/app:lint:     :     ^^^^^|^^^^
@bb/app:lint:     :          `-- Avoid calling setState() directly within an effect
@bb/app:lint:  41 |   }, [isFocused, threadId, pending, browserTabs, activateTab]);
@bb/app:lint:     `----
@bb/app:lint:   help: Effects should synchronize React with external systems. Calling setState synchronously inside an effect starts another render and is usually unnecessary. Derive the value during render, initialize state directly, or update it from the event that caused the change. Use an effect only when synchronizing with an external system.
@bb/app:lint:   note: React Compiler skipped optimizing this component or hook. Additional guidance: https://react.dev/reference/eslint-plugin-react-hooks/lints/set-state-in-effect
@bb/app:lint: 
@bb/app:lint:   ! react(set-state-in-effect): Calling setState synchronously within an effect can trigger cascading renders
@bb/app:lint:      ,-[src/components/thread/timeline/StreamingRows.stories.tsx:107:5]
@bb/app:lint:  105 |   const [counter, setCounter] = useState(0);
@bb/app:lint:  106 |   useEffect(() => {
@bb/app:lint:      :   ^^^^|^^^^
@bb/app:lint:      :       `-- This is the containing effect
@bb/app:lint:  107 |     setCounter(0);
@bb/app:lint:      :     ^^^^^|^^^^
@bb/app:lint:      :          `-- Avoid calling setState() directly within an effect
@bb/app:lint:  108 |   }, [restartKey]);
@bb/app:lint:      `----
@bb/app:lint:   help: Effects should synchronize React with external systems. Calling setState synchronously inside an effect starts another render and is usually unnecessary. Derive the value during render, initialize state directly, or update it from the event that caused the change. Use an effect only when synchronizing with an external system.
@bb/app:lint:   note: React Compiler skipped optimizing this component or hook. Additional guidance: https://react.dev/reference/eslint-plugin-react-hooks/lints/set-state-in-effect
@bb/app:lint: 
@bb/app:lint:   ! react(set-state-in-effect): Calling setState synchronously within an effect can trigger cascading renders
@bb/app:lint:      ,-[src/components/thread/timeline/StreamingRows.stories.tsx:626:5]
@bb/app:lint:  624 |   const [phaseIndex, setPhaseIndex] = useState(0);
@bb/app:lint:  625 |   useEffect(() => {
@bb/app:lint:      :   ^^^^|^^^^
@bb/app:lint:      :       `-- This is the containing effect
@bb/app:lint:  626 |     setPhaseIndex(0);
@bb/app:lint:      :     ^^^^^^|^^^^^^
@bb/app:lint:      :           `-- Avoid calling setState() directly within an effect
@bb/app:lint:  627 |   }, [restartKey]);
@bb/app:lint:      `----
@bb/app:lint:   help: Effects should synchronize React with external systems. Calling setState synchronously inside an effect starts another render and is usually unnecessary. Derive the value during render, initialize state directly, or update it from the event that caused the change. Use an effect only when synchronizing with an external system.
@bb/app:lint:   note: React Compiler skipped optimizing this component or hook. Additional guidance: https://react.dev/reference/eslint-plugin-react-hooks/lints/set-state-in-effect
@bb/app:lint: 
@bb/app:lint:   ! react(set-state-in-effect): Calling setState synchronously within an effect can trigger cascading renders
@bb/app:lint:      ,-[src/components/sidebar/PluginThreadList.stories.tsx:142:5]
@bb/app:lint:  114 |   const [ready, setReady] = useState(false);
@bb/app:lint:  115 |   useEffect(() => {
@bb/app:lint:      :   ^^^^|^^^^
@bb/app:lint:      :       `-- This is the containing effect
@bb/app:lint:  116 |     const preferences = { ...initial };
@bb/app:lint:  117 |     const prefix = `/api/v1/plugins/${THREAD_LIST_PLUGIN_ID}/rpc/`;
@bb/app:lint:  118 |     const originalFetch = globalThis.fetch;
@bb/app:lint:  119 |     globalThis.fetch = async (input, init) => {
@bb/app:lint:  120 |       const url =
@bb/app:lint:  121 |         typeof input === "string"
@bb/app:lint:  122 |           ? input
@bb/app:lint:  123 |           : input instanceof URL
@bb/app:lint:  124 |             ? input.href
@bb/app:lint:  125 |             : input.url;
@bb/app:lint:  126 |       const method = url.includes(prefix) ? url.split(prefix)[1] : null;
@bb/app:lint:  127 |       const reply = (result: unknown) =>
@bb/app:lint:  128 |         new Response(JSON.stringify({ ok: true, result }), {
@bb/app:lint:  129 |           headers: { "content-type": "application/json" },
@bb/app:lint:  130 |         });
@bb/app:lint:  131 |       if (method === "listPreferences") return reply({ preferences });
@bb/app:lint:  132 |       if (method === "setPreference" && typeof init?.body === "string") {
@bb/app:lint:  133 |         const { key, value } = JSON.parse(init.body) as {
@bb/app:lint:  134 |           key: string;
@bb/app:lint:  135 |           value: unknown;
@bb/app:lint:  136 |         };
@bb/app:lint:  137 |         preferences[key] = value;
@bb/app:lint:  138 |         return reply({ key, value });
@bb/app:lint:  139 |       }
@bb/app:lint:  140 |       return originalFetch(input, init);
@bb/app:lint:  141 |     };
@bb/app:lint:  142 |     setReady(true);
@bb/app:lint:      :     ^^^^|^^^
@bb/app:lint:      :         `-- Avoid calling setState() directly within an effect
@bb/app:lint:  143 |     return () => {
@bb/app:lint:      `----
@bb/app:lint:   help: Effects should synchronize React with external systems. Calling setState synchronously inside an effect starts another render and is usually unnecessary. Derive the value during render, initialize state directly, or update it from the event that caused the change. Use an effect only when synchronizing with an external system.
@bb/app:lint:   note: React Compiler skipped optimizing this component or hook. Additional guidance: https://react.dev/reference/eslint-plugin-react-hooks/lints/set-state-in-effect
@bb/app:lint: 
@bb/app:lint:   ! react(refs): Cannot access refs during render
@bb/app:lint:      ,-[src/components/sidebar/SidebarFooterCustomize.tsx:164:18]
@bb/app:lint:  163 |             type="button"
@bb/app:lint:  164 |             ref={dragBindings.setActivatorNodeRef}
@bb/app:lint:      :                  ^^^^^^^^^^^^^^^^|^^^^^^^^^^^^^^^
@bb/app:lint:      :                                  `-- Cannot access ref value during render
@bb/app:lint:  165 |             {...dragBindings.attributes}
@bb/app:lint:      `----
@bb/app:lint:   help: React refs are values that are not needed for rendering. Refs should only be accessed outside of render, such as in event handlers or effects. Accessing a ref value (the `current` property) during render can cause your component not to update as expected
@bb/app:lint:   note: React Compiler skipped optimizing this component or hook. Additional guidance: https://react.dev/reference/eslint-plugin-react-hooks/lints/refs
@bb/app:lint: 
@bb/app:lint:   ! react(refs): Cannot access refs during render
@bb/app:lint:      ,-[src/components/sidebar/SidebarFooterCustomize.tsx:165:17]
@bb/app:lint:  164 |             ref={dragBindings.setActivatorNodeRef}
@bb/app:lint:  165 |             {...dragBindings.attributes}
@bb/app:lint:      :                 ^^^^^^^^^^^|^^^^^^^^^^^
@bb/app:lint:      :                            `-- Cannot access ref value during render
@bb/app:lint:  166 |             {...dragBindings.listeners}
@bb/app:lint:      `----
@bb/app:lint:   help: React refs are values that are not needed for rendering. Refs should only be accessed outside of render, such as in event handlers or effects. Accessing a ref value (the `current` property) during render can cause your component not to update as expected
@bb/app:lint:   note: React Compiler skipped optimizing this component or hook. Additional guidance: https://react.dev/reference/eslint-plugin-react-hooks/lints/refs
@bb/app:lint: 
@bb/app:lint:   ! react(refs): Cannot access refs during render
@bb/app:lint:      ,-[src/components/sidebar/SidebarFooterCustomize.tsx:166:17]
@bb/app:lint:  165 |             {...dragBindings.attributes}
@bb/app:lint:  166 |             {...dragBindings.listeners}
@bb/app:lint:      :                 ^^^^^^^^^^^|^^^^^^^^^^
@bb/app:lint:      :                            `-- Cannot access ref value during render
@bb/app:lint:  167 |             aria-label={`Reorder ${item.label}`}
@bb/app:lint:      `----
@bb/app:lint:   help: React refs are values that are not needed for rendering. Refs should only be accessed outside of render, such as in event handlers or effects. Accessing a ref value (the `current` property) during render can cause your component not to update as expected
@bb/app:lint:   note: React Compiler skipped optimizing this component or hook. Additional guidance: https://react.dev/reference/eslint-plugin-react-hooks/lints/refs
@bb/app:lint: 
@bb/app:lint:   ! react(refs): Cannot access refs during render
@bb/app:lint:      ,-[src/components/sidebar/SidebarFooterCustomize.tsx:218:14]
@bb/app:lint:  217 |         type="button"
@bb/app:lint:  218 |         ref={dragBindings.setActivatorNodeRef}
@bb/app:lint:      :              ^^^^^^^^^^^^^^^^|^^^^^^^^^^^^^^^
@bb/app:lint:      :                              `-- Cannot access ref value during render
@bb/app:lint:  219 |         {...dragBindings.attributes}
@bb/app:lint:      `----
@bb/app:lint:   help: React refs are values that are not needed for rendering. Refs should only be accessed outside of render, such as in event handlers or effects. Accessing a ref value (the `current` property) during render can cause your component not to update as expected
@bb/app:lint:   note: React Compiler skipped optimizing this component or hook. Additional guidance: https://react.dev/reference/eslint-plugin-react-hooks/lints/refs
@bb/app:lint: 
@bb/app:lint:   ! react(refs): Cannot access refs during render
@bb/app:lint:      ,-[src/components/sidebar/SidebarFooterCustomize.tsx:219:13]
@bb/app:lint:  218 |         ref={dragBindings.setActivatorNodeRef}
@bb/app:lint:  219 |         {...dragBindings.attributes}
@bb/app:lint:      :             ^^^^^^^^^^^|^^^^^^^^^^^
@bb/app:lint:      :                        `-- Cannot access ref value during render
@bb/app:lint:  220 |         {...dragBindings.listeners}
@bb/app:lint:      `----
@bb/app:lint:   help: React refs are values that are not needed for rendering. Refs should only be accessed outside of render, such as in event handlers or effects. Accessing a ref value (the `current` property) during render can cause your component not to update as expected
@bb/app:lint:   note: React Compiler skipped optimizing this component or hook. Additional guidance: https://react.dev/reference/eslint-plugin-react-hooks/lints/refs
@bb/app:lint: 
@bb/app:lint:   ! react(refs): Cannot access refs during render
@bb/app:lint:      ,-[src/components/sidebar/SidebarFooterCustomize.tsx:220:13]
@bb/app:lint:  219 |         {...dragBindings.attributes}
@bb/app:lint:  220 |         {...dragBindings.listeners}
@bb/app:lint:      :             ^^^^^^^^^^^|^^^^^^^^^^
@bb/app:lint:      :                        `-- Cannot access ref value during render
@bb/app:lint:  221 |         aria-label={`Reorder ${item.label}`}
@bb/app:lint:      `----
@bb/app:lint:   help: React refs are values that are not needed for rendering. Refs should only be accessed outside of render, such as in event handlers or effects. Accessing a ref value (the `current` property) during render can cause your component not to update as expected
@bb/app:lint:   note: React Compiler skipped optimizing this component or hook. Additional guidance: https://react.dev/reference/eslint-plugin-react-hooks/lints/refs
@bb/app:lint: 
@bb/app:lint:   ! react(set-state-in-effect): Calling setState synchronously within an effect can trigger cascading renders
@bb/app:lint:      ,-[src/components/secondary-panel/git-diff/useGitDiffPanel.ts:138:5]
@bb/app:lint:  136 |   );
@bb/app:lint:  137 |   useEffect(() => {
@bb/app:lint:      :   ^^^^|^^^^
@bb/app:lint:      :       `-- This is the containing effect
@bb/app:lint:  138 |     setMergeBaseBranchSearchQuery("");
@bb/app:lint:      :     ^^^^^^^^^^^^^^|^^^^^^^^^^^^^^
@bb/app:lint:      :                   `-- Avoid calling setState() directly within an effect
@bb/app:lint:  139 |     setPendingGitDiffIntent(null);
@bb/app:lint:      `----
@bb/app:lint:   help: Effects should synchronize React with external systems. Calling setState synchronously inside an effect starts another render and is usually unnecessary. Derive the value during render, initialize state directly, or update it from the event that caused the change. Use an effect only when synchronizing with an external system.
@bb/app:lint:   note: React Compiler skipped optimizing this component or hook. Additional guidance: https://react.dev/reference/eslint-plugin-react-hooks/lints/set-state-in-effect
@bb/app:lint: 
@bb/app:lint:   ! react(set-state-in-effect): Calling setState synchronously within an effect can trigger cascading renders
@bb/app:lint:      ,-[src/components/secondary-panel/BrowserTabContent.tsx:422:5]
@bb/app:lint:  418 |   const [control, setControl] = useState<BbDesktopBrowserControl | null>(null);
@bb/app:lint:  419 |   useEffect(() => {
@bb/app:lint:      :   ^^^^|^^^^
@bb/app:lint:      :       `-- This is the containing effect
@bb/app:lint:  420 |     let current = true;
@bb/app:lint:  421 |     let receivedEvent = false;
@bb/app:lint:  422 |     setControl(null);
@bb/app:lint:      :     ^^^^^|^^^^
@bb/app:lint:      :          `-- Avoid calling setState() directly within an effect
@bb/app:lint:  423 |     const accept = (next: {
@bb/app:lint:      `----
@bb/app:lint:   help: Effects should synchronize React with external systems. Calling setState synchronously inside an effect starts another render and is usually unnecessary. Derive the value during render, initialize state directly, or update it from the event that caused the change. Use an effect only when synchronizing with an external system.
@bb/app:lint:   note: React Compiler skipped optimizing this component or hook. Additional guidance: https://react.dev/reference/eslint-plugin-react-hooks/lints/set-state-in-effect
@bb/app:lint: 
@bb/app:lint:   ! react(set-state-in-effect): Calling setState synchronously within an effect can trigger cascading renders
@bb/app:lint:      ,-[src/components/secondary-panel/BrowserTabContent.tsx:558:5]
@bb/app:lint:  538 | 
@bb/app:lint:  539 |   useEffect(() => {
@bb/app:lint:      :   ^^^^|^^^^
@bb/app:lint:      :       `-- This is the containing effect
@bb/app:lint:  540 |     if (desktopBrowser === null) {
@bb/app:lint:  541 |       return;
@bb/app:lint:  542 |     }
@bb/app:lint:  543 |     const initialBounds = syncInitialBounds();
@bb/app:lint:  544 |     const mountUrl = initialUrlRef.current;
@bb/app:lint:  545 |     registerBrowserView({ environmentId, tabId, threadId });
@bb/app:lint:  546 |     const target = desktopTargetRef.current;
@bb/app:lint:  547 |     const attachExistingOnly =
@bb/app:lint:  548 |       existingOnlyRef.current === true &&
@bb/app:lint:  549 |       (target === undefined || !takeBrowserViewRecreation(tabId, target));
@bb/app:lint:  550 |     desktopBrowser.attach({
@bb/app:lint:  551 |       tabId,
@bb/app:lint:  552 |       threadId,
@bb/app:lint:  553 |       ...(attachExistingOnly ? { existingOnly: true } : {}),
@bb/app:lint:  554 |       url: mountUrl,
@bb/app:lint:  555 |       bounds: initialBounds,
@bb/app:lint:  556 |       visible: false,
@bb/app:lint:  557 |     });
@bb/app:lint:  558 |     setAttachedBrowserViewIdentity({ environmentId, tabId, threadId });
@bb/app:lint:      :     ^^^^^^^^^^^^^^^|^^^^^^^^^^^^^^
@bb/app:lint:      :                    `-- Avoid calling setState() directly within an effect
@bb/app:lint:  559 | 
@bb/app:lint:      `----
@bb/app:lint:   help: Effects should synchronize React with external systems. Calling setState synchronously inside an effect starts another render and is usually unnecessary. Derive the value during render, initialize state directly, or update it from the event that caused the change. Use an effect only when synchronizing with an external system.
@bb/app:lint:   note: React Compiler skipped optimizing this component or hook. Additional guidance: https://react.dev/reference/eslint-plugin-react-hooks/lints/set-state-in-effect
@bb/app:lint: 
@bb/app:lint:   ! react(set-state-in-effect): Calling setState synchronously within an effect can trigger cascading renders
@bb/app:lint:      ,-[src/components/secondary-panel/BrowserTabContent.tsx:687:7]
@bb/app:lint:  678 | 
@bb/app:lint:  679 |   useLayoutEffect(() => {
@bb/app:lint:      :   ^^^^^^^|^^^^^^^
@bb/app:lint:      :          `-- This is the containing effect
@bb/app:lint:  680 |     if (!isPageFocusPending) return;
@bb/app:lint:  681 |     if (
@bb/app:lint:  682 |       !canShowNativeBrowserView ||
@bb/app:lint:  683 |       !canHandleBrowserCommands ||
@bb/app:lint:  684 |       hasPageLoadError ||
@bb/app:lint:  685 |       isBrowserDimmingModalOpen
@bb/app:lint:  686 |     ) {
@bb/app:lint:  687 |       setIsPageFocusPending(false);
@bb/app:lint:      :       ^^^^^^^^^^|^^^^^^^^^^
@bb/app:lint:      :                 `-- Avoid calling setState() directly within an effect
@bb/app:lint:  688 |       return;
@bb/app:lint:      `----
@bb/app:lint:   help: Effects should synchronize React with external systems. Calling setState synchronously inside an effect starts another render and is usually unnecessary. Derive the value during render, initialize state directly, or update it from the event that caused the change. Use an effect only when synchronizing with an external system.
@bb/app:lint:   note: React Compiler skipped optimizing this component or hook. Additional guidance: https://react.dev/reference/eslint-plugin-react-hooks/lints/set-state-in-effect
@bb/app:lint: 
@bb/app:lint:   ! react(set-state-in-effect): Calling setState synchronously within an effect can trigger cascading renders
@bb/app:lint:      ,-[src/components/secondary-panel/BrowserTabContent.tsx:725:5]
@bb/app:lint:  712 | 
@bb/app:lint:  713 |   useEffect(() => {
@bb/app:lint:      :   ^^^^|^^^^
@bb/app:lint:      :       `-- This is the containing effect
@bb/app:lint:  714 |     if (addressFocusRequest === null) {
@bb/app:lint:  715 |       return;
@bb/app:lint:  716 |     }
@bb/app:lint:  717 |     if (addressFocusRequest.tabId !== tabId) {
@bb/app:lint:  718 |       return;
@bb/app:lint:  719 |     }
@bb/app:lint:  720 |     if (isPointerCoarse) {
@bb/app:lint:  721 |       onAddressFocusRequestConsumed?.(addressFocusRequest);
@bb/app:lint:  722 |       return;
@bb/app:lint:  723 |     }
@bb/app:lint:  724 | 
@bb/app:lint:  725 |     setAddressDraft(currentUrl);
@bb/app:lint:      :     ^^^^^^^|^^^^^^^
@bb/app:lint:      :            `-- Avoid calling setState() directly within an effect
@bb/app:lint:  726 |     setIsEditing(true);
@bb/app:lint:      `----
@bb/app:lint:   help: Effects should synchronize React with external systems. Calling setState synchronously inside an effect starts another render and is usually unnecessary. Derive the value during render, initialize state directly, or update it from the event that caused the change. Use an effect only when synchronizing with an external system.
@bb/app:lint:   note: React Compiler skipped optimizing this component or hook. Additional guidance: https://react.dev/reference/eslint-plugin-react-hooks/lints/set-state-in-effect
@bb/app:lint: 
@bb/app:lint:   ! react(set-state-in-effect): Calling setState synchronously within an effect can trigger cascading renders
@bb/app:lint:      ,-[src/components/secondary-panel/BrowserTabContent.tsx:859:7]
@bb/app:lint:  856 | 
@bb/app:lint:  857 |   useEffect(() => {
@bb/app:lint:      :   ^^^^|^^^^
@bb/app:lint:      :       `-- This is the containing effect
@bb/app:lint:  858 |     if (isFindOpen && !canFindInPage) {
@bb/app:lint:  859 |       setIsFindOpen(false);
@bb/app:lint:      :       ^^^^^^|^^^^^^
@bb/app:lint:      :             `-- Avoid calling setState() directly within an effect
@bb/app:lint:  860 |       clearFind();
@bb/app:lint:      `----
@bb/app:lint:   help: Effects should synchronize React with external systems. Calling setState synchronously inside an effect starts another render and is usually unnecessary. Derive the value during render, initialize state directly, or update it from the event that caused the change. Use an effect only when synchronizing with an external system.
@bb/app:lint:   note: React Compiler skipped optimizing this component or hook. Additional guidance: https://react.dev/reference/eslint-plugin-react-hooks/lints/set-state-in-effect
@bb/app:lint: 
@bb/app:lint:   ! react(refs): Cannot access refs during render
@bb/app:lint:      ,-[src/components/secondary-panel/BrowserTabContent.tsx:453:16]
@bb/app:lint:  452 |   const isFindOpenRef = useRef(false);
@bb/app:lint:  453 |   isFindOpenRef.current = isFindOpen;
@bb/app:lint:      :   ^^^^^^|^^^^^^^^^^|^^^
@bb/app:lint:      :         |          `-- Cannot update ref value during render
@bb/app:lint:      :         `-- This value is a ref
@bb/app:lint:  454 |   const [findQuery, setFindQuery] = useState("");
@bb/app:lint:      `----
@bb/app:lint:   help: React refs are values that are not needed for rendering. Refs should only be accessed outside of render, such as in event handlers or effects. Accessing a ref value (the `current` property) during render can cause your component not to update as expected
@bb/app:lint:   note: React Compiler skipped optimizing this component or hook. Additional guidance: https://react.dev/reference/eslint-plugin-react-hooks/lints/refs
@bb/app:lint: 
@bb/app:lint:   ! react(refs): Cannot access refs during render
@bb/app:lint:      ,-[src/components/secondary-panel/BrowserTabContent.tsx:464:14]
@bb/app:lint:  463 |   const recordVisitRef = useRef(recordVisit);
@bb/app:lint:  464 |   onUpdateRef.current = onUpdate;
@bb/app:lint:      :   ^^^^^|^^^^^^^^^|^^^
@bb/app:lint:      :        |         `-- Cannot update ref value during render
@bb/app:lint:      :        `-- This value is a ref
@bb/app:lint:  465 |   recordVisitRef.current = recordVisit;
@bb/app:lint:      `----
@bb/app:lint:   help: React refs are values that are not needed for rendering. Refs should only be accessed outside of render, such as in event handlers or effects. Accessing a ref value (the `current` property) during render can cause your component not to update as expected
@bb/app:lint:   note: React Compiler skipped optimizing this component or hook. Additional guidance: https://react.dev/reference/eslint-plugin-react-hooks/lints/refs
@bb/app:lint: 
@bb/app:lint:   ! react(refs): Cannot access refs during render
@bb/app:lint:      ,-[src/components/secondary-panel/BrowserTabContent.tsx:465:17]
@bb/app:lint:  464 |   onUpdateRef.current = onUpdate;
@bb/app:lint:  465 |   recordVisitRef.current = recordVisit;
@bb/app:lint:      :   ^^^^^^^|^^^^^^^^^^|^^^
@bb/app:lint:      :          |          `-- Cannot update ref value during render
@bb/app:lint:      :          `-- This value is a ref
@bb/app:lint:  466 |   const initialUrlRef = useRef(initialUrl);
@bb/app:lint:      `----
@bb/app:lint:   help: React refs are values that are not needed for rendering. Refs should only be accessed outside of render, such as in event handlers or effects. Accessing a ref value (the `current` property) during render can cause your component not to update as expected
@bb/app:lint:   note: React Compiler skipped optimizing this component or hook. Additional guidance: https://react.dev/reference/eslint-plugin-react-hooks/lints/refs
@bb/app:lint: 
@bb/app:lint:   ! react(set-state-in-effect): Calling setState synchronously within an effect can trigger cascading renders
@bb/app:lint:      ,-[src/components/thread/toc/ThreadTableOfContents.tsx:303:7]
@bb/app:lint:  298 | 
@bb/app:lint:  299 |   useEffect(() => {
@bb/app:lint:      :   ^^^^|^^^^
@bb/app:lint:      :       `-- This is the containing effect
@bb/app:lint:  300 |     const host =
@bb/app:lint:  301 |       rootElement?.closest<HTMLElement>("[data-scroll-overlay]") ?? null;
@bb/app:lint:  302 |     if (typeof ResizeObserver === "undefined") {
@bb/app:lint:  303 |       setVisible(true);
@bb/app:lint:      :       ^^^^^|^^^^
@bb/app:lint:      :            `-- Avoid calling setState() directly within an effect
@bb/app:lint:  304 |       return;
@bb/app:lint:      `----
@bb/app:lint:   help: Effects should synchronize React with external systems. Calling setState synchronously inside an effect starts another render and is usually unnecessary. Derive the value during render, initialize state directly, or update it from the event that caused the change. Use an effect only when synchronizing with an external system.
@bb/app:lint:   note: React Compiler skipped optimizing this component or hook. Additional guidance: https://react.dev/reference/eslint-plugin-react-hooks/lints/set-state-in-effect
@bb/app:lint: 
@bb/app:lint:   ! react(refs): Cannot access refs during render
@bb/app:lint:      ,-[src/components/thread/toc/ThreadTableOfContents.tsx:545:14]
@bb/app:lint:  544 |   const hasOlderRef = useRef(hasOlderTimelineRows);
@bb/app:lint:  545 |   hasOlderRef.current = hasOlderTimelineRows;
@bb/app:lint:      :   ^^^^^|^^^^^^^^^|^^^
@bb/app:lint:      :        |         `-- Cannot update ref value during render
@bb/app:lint:      :        `-- This value is a ref
@bb/app:lint:  546 |   const loadOlderRef = useRef(loadOlderTimelineRows);
@bb/app:lint:      `----
@bb/app:lint:   help: React refs are values that are not needed for rendering. Refs should only be accessed outside of render, such as in event handlers or effects. Accessing a ref value (the `current` property) during render can cause your component not to update as expected
@bb/app:lint:   note: React Compiler skipped optimizing this component or hook. Additional guidance: https://react.dev/reference/eslint-plugin-react-hooks/lints/refs
@bb/app:lint: 
@bb/app:lint:   ! react(refs): Cannot access refs during render
@bb/app:lint:      ,-[src/components/thread/toc/ThreadTableOfContents.tsx:547:15]
@bb/app:lint:  546 |   const loadOlderRef = useRef(loadOlderTimelineRows);
@bb/app:lint:  547 |   loadOlderRef.current = loadOlderTimelineRows;
@bb/app:lint:      :   ^^^^^^|^^^^^^^^^|^^^
@bb/app:lint:      :         |         `-- Cannot update ref value during render
@bb/app:lint:      :         `-- This value is a ref
@bb/app:lint:  548 |   const jumpInProgressRef = useRef(false);
@bb/app:lint:      `----
@bb/app:lint:   help: React refs are values that are not needed for rendering. Refs should only be accessed outside of render, such as in event handlers or effects. Accessing a ref value (the `current` property) during render can cause your component not to update as expected
@bb/app:lint:   note: React Compiler skipped optimizing this component or hook. Additional guidance: https://react.dev/reference/eslint-plugin-react-hooks/lints/refs
@bb/app:lint: 
@bb/app:lint:   ! react(refs): Cannot access refs during render
@bb/app:lint:      ,-[src/components/ui/disclosure.tsx:309:9]
@bb/app:lint:  308 |     : isClosing
@bb/app:lint:  309 |       ? renderedBodyRef.current
@bb/app:lint:      :         ^^^^^^^^^^^|^^^^^^^^^^^
@bb/app:lint:      :                    `-- Cannot access ref value during render
@bb/app:lint:  310 |       : null;
@bb/app:lint:      `----
@bb/app:lint:   help: React refs are values that are not needed for rendering. Refs should only be accessed outside of render, such as in event handlers or effects. Accessing a ref value (the `current` property) during render can cause your component not to update as expected
@bb/app:lint:   note: React Compiler skipped optimizing this component or hook. Additional guidance: https://react.dev/reference/eslint-plugin-react-hooks/lints/refs
@bb/app:lint: 
@bb/app:lint:   ! react(refs): Cannot access refs during render
@bb/app:lint:      ,-[src/components/ui/disclosure.tsx:309:9]
@bb/app:lint:  308 |     : isClosing
@bb/app:lint:  309 |       ? renderedBodyRef.current
@bb/app:lint:      :         ^^^^^^^^^^^|^^^^^^^^^^^
@bb/app:lint:      :                    `-- Cannot access ref value during render
@bb/app:lint:  310 |       : null;
@bb/app:lint:      `----
@bb/app:lint:   help: React refs are values that are not needed for rendering. Refs should only be accessed outside of render, such as in event handlers or effects. Accessing a ref value (the `current` property) during render can cause your component not to update as expected
@bb/app:lint:   note: React Compiler skipped optimizing this component or hook. Additional guidance: https://react.dev/reference/eslint-plugin-react-hooks/lints/refs
@bb/app:lint: 
@bb/app:lint:   ! react(purity): Cannot call impure function during render
@bb/app:lint:     ,-[src/components/secondary-panel/BrowserNewTabScreen.tsx:67:15]
@bb/app:lint:  66 | }: BrowserNewTabScreenProps) {
@bb/app:lint:  67 |   const now = Date.now();
@bb/app:lint:     :               ^^^^^|^^^^
@bb/app:lint:     :                    `-- Cannot call impure function
@bb/app:lint:  68 | 
@bb/app:lint:     `----
@bb/app:lint:   help: `Date.now` is an impure function. Calling an impure function can produce unstable results that update unpredictably when the component re-renders
@bb/app:lint:   note: React Compiler skipped optimizing this component or hook. Additional guidance: https://react.dev/reference/eslint-plugin-react-hooks/lints/purity
@bb/app:lint: 
@bb/app:lint:   ! react(refs): Cannot access refs during render
@bb/app:lint:      ,-[src/components/secondary-panel/SidebarSplitContainer.tsx:582:21]
@bb/app:lint:  581 |           <div ref={containerRef} className="flex min-h-0 flex-1 flex-col">
@bb/app:lint:  582 | ,->         {renderPane({
@bb/app:lint:  583 | |             group,
@bb/app:lint:  584 | |             isFocused: true,
@bb/app:lint:  585 | |             isLeftEdge: true,
@bb/app:lint:  586 | |             isMaximized: isFullScreen,
@bb/app:lint:  587 | |             isTopRow: true,
@bb/app:lint:  588 | |             onBeginTabDrag: (tabId, event) =>
@bb/app:lint:  589 | |               beginTabDrag(firstPane.paneId, tabId, event),
@bb/app:lint:  590 | |             onReorderTab: (request) => reorderTab(firstPane.paneId, request),
@bb/app:lint:  591 | |             onFocusPane: () => focusPane(firstPane.paneId),
@bb/app:lint:  592 | |             onRemoveSplit: undefined,
@bb/app:lint:  593 | |             onMoveActiveTabToSide: moveActiveTabHandler(firstPane.paneId),
@bb/app:lint:  594 | |             onSelectTab: (tabId) => selectTab(firstPane.paneId, tabId),
@bb/app:lint:  595 | |             onToggleMaximize: onToggleFullScreen,
@bb/app:lint:  596 | |             paneId: firstPane.paneId,
@bb/app:lint:  597 | |             showOuterControls: true,
@bb/app:lint:  598 | |->         })}
@bb/app:lint:      : `---- Cannot access ref value during render
@bb/app:lint:  599 |           </div>
@bb/app:lint:      `----
@bb/app:lint:   help: React refs are values that are not needed for rendering. Refs should only be accessed outside of render, such as in event handlers or effects. Accessing a ref value (the `current` property) during render can cause your component not to update as expected
@bb/app:lint:   note: React Compiler skipped optimizing this component or hook. Additional guidance: https://react.dev/reference/eslint-plugin-react-hooks/lints/refs
@bb/app:lint: 
@bb/app:lint:   ! react(set-state-in-effect): Calling setState synchronously within an effect can trigger cascading renders
@bb/app:lint:     ,-[src/components/secondary-panel/MobilePanelTabPager.tsx:64:38]
@bb/app:lint:  62 | 
@bb/app:lint:  63 |   useEffect(() => {
@bb/app:lint:     :   ^^^^|^^^^
@bb/app:lint:     :       `-- This is the containing effect
@bb/app:lint:  64 |     if (activeContentTabId !== null) setLastContentTabId(activeContentTabId);
@bb/app:lint:     :                                      ^^^^^^^^^|^^^^^^^^^
@bb/app:lint:     :                                               `-- Avoid calling setState() directly within an effect
@bb/app:lint:  65 |   }, [activeContentTabId]);
@bb/app:lint:     `----
@bb/app:lint:   help: Effects should synchronize React with external systems. Calling setState synchronously inside an effect starts another render and is usually unnecessary. Derive the value during render, initialize state directly, or update it from the event that caused the change. Use an effect only when synchronizing with an external system.
@bb/app:lint:   note: React Compiler skipped optimizing this component or hook. Additional guidance: https://react.dev/reference/eslint-plugin-react-hooks/lints/set-state-in-effect
@bb/app:lint: 
@bb/app:lint:   ! react(set-state-in-effect): Calling setState synchronously within an effect can trigger cascading renders
@bb/app:lint:     ,-[src/components/settings/MachineAccessSettings.tsx:54:49]
@bb/app:lint:  52 |   );
@bb/app:lint:  53 |   useEffect(() => {
@bb/app:lint:     :   ^^^^|^^^^
@bb/app:lint:     :       `-- This is the containing effect
@bb/app:lint:  54 |     if (selectedProviderId === savedProviderId) setSelectedProviderId(null);
@bb/app:lint:     :                                                 ^^^^^^^^^^|^^^^^^^^^^
@bb/app:lint:     :                                                           `-- Avoid calling setState() directly within an effect
@bb/app:lint:  55 |   }, [savedProviderId, selectedProviderId]);
@bb/app:lint:     `----
@bb/app:lint:   help: Effects should synchronize React with external systems. Calling setState synchronously inside an effect starts another render and is usually unnecessary. Derive the value during render, initialize state directly, or update it from the event that caused the change. Use an effect only when synchronizing with an external system.
@bb/app:lint:   note: React Compiler skipped optimizing this component or hook. Additional guidance: https://react.dev/reference/eslint-plugin-react-hooks/lints/set-state-in-effect
@bb/app:lint: 
@bb/app:lint:   ! react(set-state-in-effect): Calling setState synchronously within an effect can trigger cascading renders
@bb/app:lint:      ,-[src/components/secondary-panel/NewTabFileSearch.tsx:582:5]
@bb/app:lint:  580 | 
@bb/app:lint:  581 |   useEffect(() => {
@bb/app:lint:      :   ^^^^|^^^^
@bb/app:lint:      :       `-- This is the containing effect
@bb/app:lint:  582 |     setActiveIndex(navigableEntriesKey.length > 0 ? 0 : -1);
@bb/app:lint:      :     ^^^^^^^|^^^^^^
@bb/app:lint:      :            `-- Avoid calling setState() directly within an effect
@bb/app:lint:  583 |   }, [navigableEntriesKey]);
@bb/app:lint:      `----
@bb/app:lint:   help: Effects should synchronize React with external systems. Calling setState synchronously inside an effect starts another render and is usually unnecessary. Derive the value during render, initialize state directly, or update it from the event that caused the change. Use an effect only when synchronizing with an external system.
@bb/app:lint:   note: React Compiler skipped optimizing this component or hook. Additional guidance: https://react.dev/reference/eslint-plugin-react-hooks/lints/set-state-in-effect
@bb/app:lint: 
@bb/app:lint:   ! react(set-state-in-effect): Calling setState synchronously within an effect can trigger cascading renders
@bb/app:lint:     ,-[src/views/thread-detail/SplitWorkspaceSecondaryPanelHost.tsx:93:7]
@bb/app:lint:  80 | 
@bb/app:lint:  81 |   useLayoutEffect(() => {
@bb/app:lint:     :   ^^^^^^^|^^^^^^^
@bb/app:lint:     :          `-- This is the containing effect
@bb/app:lint:  82 |     if (model === null) {
@bb/app:lint:  83 |       lastTargetRef.current = null;
@bb/app:lint:  84 |       return;
@bb/app:lint:  85 |     }
@bb/app:lint:  86 |     const previousTarget = lastTargetRef.current;
@bb/app:lint:  87 |     lastTargetRef.current = {
@bb/app:lint:  88 |       paneId: focusedPaneId,
@bb/app:lint:  89 |       contentKey: model.contentKey,
@bb/app:lint:  90 |       isOpen: model.isOpen,
@bb/app:lint:  91 |     };
@bb/app:lint:  92 |     if (isPanelVisible === null) {
@bb/app:lint:  93 |       setIsPanelVisible(model.isOpen);
@bb/app:lint:     :       ^^^^^^^^|^^^^^^^^
@bb/app:lint:     :               `-- Avoid calling setState() directly within an effect
@bb/app:lint:  94 |       return;
@bb/app:lint:     `----
@bb/app:lint:   help: Effects should synchronize React with external systems. Calling setState synchronously inside an effect starts another render and is usually unnecessary. Derive the value during render, initialize state directly, or update it from the event that caused the change. Use an effect only when synchronizing with an external system.
@bb/app:lint:   note: React Compiler skipped optimizing this component or hook. Additional guidance: https://react.dev/reference/eslint-plugin-react-hooks/lints/set-state-in-effect
@bb/app:lint: 
@bb/app:lint:   ! react(set-state-in-effect): Calling setState synchronously within an effect can trigger cascading renders
@bb/app:lint:      ,-[src/components/settings/BrowserSettingsSection.tsx:164:5]
@bb/app:lint:  162 | 
@bb/app:lint:  163 |   useEffect(() => {
@bb/app:lint:      :   ^^^^|^^^^
@bb/app:lint:      :       `-- This is the containing effect
@bb/app:lint:  164 |     refresh();
@bb/app:lint:      :     ^^^|^^^
@bb/app:lint:      :        `-- Avoid calling setState() directly within an effect
@bb/app:lint:  165 |   }, [refresh]);
@bb/app:lint:      `----
@bb/app:lint:   help: Effects should synchronize React with external systems. Calling setState synchronously inside an effect starts another render and is usually unnecessary. Derive the value during render, initialize state directly, or update it from the event that caused the change. Use an effect only when synchronizing with an external system.
@bb/app:lint:   note: React Compiler skipped optimizing this component or hook. Additional guidance: https://react.dev/reference/eslint-plugin-react-hooks/lints/set-state-in-effect
@bb/app:lint: 
@bb/app:lint:   ! react(purity): Cannot call impure function during render
@bb/app:lint:      ,-[src/components/settings/BrowserSettingsSection.tsx:230:15]
@bb/app:lint:  229 |   const listed = state.status === "ready" ? listedSources(state.sources) : [];
@bb/app:lint:  230 |   const now = Date.now();
@bb/app:lint:      :               ^^^^^|^^^^
@bb/app:lint:      :                    `-- Cannot call impure function
@bb/app:lint:  231 | 
@bb/app:lint:      `----
@bb/app:lint:   help: `Date.now` is an impure function. Calling an impure function can produce unstable results that update unpredictably when the component re-renders
@bb/app:lint:   note: React Compiler skipped optimizing this component or hook. Additional guidance: https://react.dev/reference/eslint-plugin-react-hooks/lints/purity
@bb/app:lint: 
@bb/app:lint:   ! react(purity): Cannot call impure function during render
@bb/app:lint:      ,-[src/components/settings/BrowserSettingsSection.tsx:172:60]
@bb/app:lint:  171 |   ) => {
@bb/app:lint:  172 |     const record = recordFromOutcome(outcome, profileName, Date.now());
@bb/app:lint:      :                                                            ^^^^^|^^^^
@bb/app:lint:      :                                                                 `-- Cannot call impure function
@bb/app:lint:  173 |     setRecords((current) => {
@bb/app:lint:      `----
@bb/app:lint:   help: `Date.now` is an impure function. Calling an impure function can produce unstable results that update unpredictably when the component re-renders
@bb/app:lint:   note: React Compiler skipped optimizing this component or hook. Additional guidance: https://react.dev/reference/eslint-plugin-react-hooks/lints/purity
@bb/app:lint: 
@bb/app:lint:   ! react(refs): Cannot access refs during render
@bb/app:lint:      ,-[src/components/settings/KeyboardSettingsSection.tsx:807:30]
@bb/app:lint:  806 |             >
@bb/app:lint:  807 | ,->           {visibleGroups.map((group) => (
@bb/app:lint:  808 | |               <section key={group.label}>
@bb/app:lint:  809 | |                 <h3 className="mb-2 text-xs font-medium text-subtle-foreground">
@bb/app:lint:  810 | |                   {group.label}
@bb/app:lint:  811 | |                 </h3>
@bb/app:lint:  812 | |                 <div className="divide-y divide-border">
@bb/app:lint:  813 | |                   {group.commands.map((metadata) => {
@bb/app:lint:  814 | |                     const model = commandRowModels.get(metadata.command);
@bb/app:lint:  815 | |                     if (model === undefined) return null;
@bb/app:lint:  816 | |                     return (
@bb/app:lint:  817 | |                       <KeyboardCommandRow
@bb/app:lint:  818 | |                         key={metadata.command}
@bb/app:lint:  819 | |                         model={model}
@bb/app:lint:  820 | |                         onChange={updateCommand}
@bb/app:lint:  821 | |                         onReset={resetCommand}
@bb/app:lint:  822 | |                         onRecordingChange={setRecordingCommand}
@bb/app:lint:  823 | |                         pending={pendingCommand === metadata.command}
@bb/app:lint:  824 | |                         platform={platform}
@bb/app:lint:  825 | |                         recording={recordingCommand === metadata.command}
@bb/app:lint:  826 | |                       />
@bb/app:lint:  827 | |                     );
@bb/app:lint:  828 | |                   })}
@bb/app:lint:  829 | |                 </div>
@bb/app:lint:  830 | |               </section>
@bb/app:lint:  831 | |->           ))}
@bb/app:lint:      : `---- Cannot access ref value during render
@bb/app:lint:  832 |               {visibleGroups.length === 0 ? (
@bb/app:lint:      `----
@bb/app:lint:   help: React refs are values that are not needed for rendering. Refs should only be accessed outside of render, such as in event handlers or effects. Accessing a ref value (the `current` property) during render can cause your component not to update as expected
@bb/app:lint:   note: React Compiler skipped optimizing this component or hook. Additional guidance: https://react.dev/reference/eslint-plugin-react-hooks/lints/refs
@bb/app:lint: 
@bb/app:lint:   ! react(set-state-in-effect): Calling setState synchronously within an effect can trigger cascading renders
@bb/app:lint:     ,-[src/components/secondary-panel/CompactSecondaryPanelShelf.tsx:97:5]
@bb/app:lint:  95 |   const [portalTarget, setPortalTarget] = useState<HTMLElement | null>(null);
@bb/app:lint:  96 |   useEffect(() => {
@bb/app:lint:     :   ^^^^|^^^^
@bb/app:lint:     :       `-- This is the containing effect
@bb/app:lint:  97 |     setPortalTarget(document.body);
@bb/app:lint:     :     ^^^^^^^|^^^^^^^
@bb/app:lint:     :            `-- Avoid calling setState() directly within an effect
@bb/app:lint:  98 |   }, []);
@bb/app:lint:     `----
@bb/app:lint:   help: Effects should synchronize React with external systems. Calling setState synchronously inside an effect starts another render and is usually unnecessary. Derive the value during render, initialize state directly, or update it from the event that caused the change. Use an effect only when synchronizing with an external system.
@bb/app:lint:   note: React Compiler skipped optimizing this component or hook. Additional guidance: https://react.dev/reference/eslint-plugin-react-hooks/lints/set-state-in-effect
@bb/app:lint: 
@bb/app:lint:   ! react(preserve-manual-memoization): Existing memoization could not be preserved
@bb/app:lint:      ,-[src/views/ProjectDetailSettingsView.tsx:218:56]
@bb/app:lint:  217 |   const projectSources = project?.sources;
@bb/app:lint:  218 |   const sources = useMemo(() => projectSources ?? [], [projectSources]);
@bb/app:lint:      :                                                        ^^^^^^^|^^^^^^
@bb/app:lint:      :                                                               `-- This dependency may be modified later
@bb/app:lint:  219 |   const projectName = project?.name ?? "";
@bb/app:lint:      `----
@bb/app:lint:   help: React Compiler has skipped optimizing this component because the existing manual memoization could not be preserved. This dependency may be mutated later, which could cause the value to change unexpectedly
@bb/app:lint:   note: React Compiler skipped optimizing this component or hook. Additional guidance: https://react.dev/reference/eslint-plugin-react-hooks/lints/preserve-manual-memoization
@bb/app:lint: 
@bb/app:lint:   ! react(preserve-manual-memoization): Existing memoization could not be preserved
@bb/app:lint:      ,-[src/views/ProjectDetailSettingsView.tsx:292:39]
@bb/app:lint:  291 |     },
@bb/app:lint:  292 |     [localSourcePicker, pickerHostId, project],
@bb/app:lint:      :                                       ^^^|^^^
@bb/app:lint:      :                                          `-- This dependency may be modified later
@bb/app:lint:  293 |   );
@bb/app:lint:      `----
@bb/app:lint:   help: React Compiler has skipped optimizing this component because the existing manual memoization could not be preserved. This dependency may be mutated later, which could cause the value to change unexpectedly
@bb/app:lint:   note: React Compiler skipped optimizing this component or hook. Additional guidance: https://react.dev/reference/eslint-plugin-react-hooks/lints/preserve-manual-memoization
@bb/app:lint: 
@bb/app:lint:   ! react(preserve-manual-memoization): Existing memoization could not be preserved
@bb/app:lint:      ,-[src/views/ProjectDetailSettingsView.tsx:273:21]
@bb/app:lint:  272 | 
@bb/app:lint:  273 |   const openSetUp = useCallback(
@bb/app:lint:      :                     ^^^^^|^^^^^
@bb/app:lint:      :                          `-- Manual memoization is not preserved here
@bb/app:lint:  274 |     (host: Host) => {
@bb/app:lint:      :     |
@bb/app:lint:      :     `-- Manual memoization callback starts here
@bb/app:lint:  275 |       if (!project) return;
@bb/app:lint:      `----
@bb/app:lint:   help: React Compiler could not prove that this useMemo/useCallback remains memoized. Fix related React Compiler errors inside the callback first. If manual memoization is not required for semantics, remove it; otherwise restructure the callback to avoid values that invalidate memoization
@bb/app:lint:   note: React Compiler skipped optimizing this component or hook. Additional guidance: https://react.dev/reference/eslint-plugin-react-hooks/lints/preserve-manual-memoization
@bb/app:lint: 
@bb/app:lint:   ! react(purity): Cannot call impure function during render
@bb/app:lint:      ,-[src/views/ProjectDetailSettingsView.tsx:338:15]
@bb/app:lint:  337 |         )?.label ?? defaults.permissionMode);
@bb/app:lint:  338 |   const now = Date.now();
@bb/app:lint:      :               ^^^^^|^^^^
@bb/app:lint:      :                    `-- Cannot call impure function
@bb/app:lint:  339 | 
@bb/app:lint:      `----
@bb/app:lint:   help: `Date.now` is an impure function. Calling an impure function can produce unstable results that update unpredictably when the component re-renders
@bb/app:lint:   note: React Compiler skipped optimizing this component or hook. Additional guidance: https://react.dev/reference/eslint-plugin-react-hooks/lints/purity
@bb/app:lint: 
@bb/app:lint:   ! react(set-state-in-effect): Calling setState synchronously within an effect can trigger cascading renders
@bb/app:lint:      ,-[src/components/secondary-panel/FilePreview.tsx:508:5]
@bb/app:lint:  506 |   );
@bb/app:lint:  507 |   useEffect(() => {
@bb/app:lint:      :   ^^^^|^^^^
@bb/app:lint:      :       `-- This is the containing effect
@bb/app:lint:  508 |     setViewMode(
@bb/app:lint:      :     ^^^^^|^^^^^
@bb/app:lint:      :          `-- Avoid calling setState() directly within an effect
@bb/app:lint:  509 |       getInitialFilePreviewViewMode({
@bb/app:lint:      `----
@bb/app:lint:   help: Effects should synchronize React with external systems. Calling setState synchronously inside an effect starts another render and is usually unnecessary. Derive the value during render, initialize state directly, or update it from the event that caused the change. Use an effect only when synchronizing with an external system.
@bb/app:lint:   note: React Compiler skipped optimizing this component or hook. Additional guidance: https://react.dev/reference/eslint-plugin-react-hooks/lints/set-state-in-effect
@bb/app:lint: 
@bb/app:lint:   ! react(set-state-in-effect): Calling setState synchronously within an effect can trigger cascading renders
@bb/app:lint:       ,-[src/components/secondary-panel/FilePreview.tsx:1240:7]
@bb/app:lint:  1237 |   const [showLoading, setShowLoading] = useState(false);
@bb/app:lint:  1238 |   useEffect(() => {
@bb/app:lint:       :   ^^^^|^^^^
@bb/app:lint:       :       `-- This is the containing effect
@bb/app:lint:  1239 |     if (!loading) {
@bb/app:lint:  1240 |       setShowLoading(false);
@bb/app:lint:       :       ^^^^^^^|^^^^^^
@bb/app:lint:       :              `-- Avoid calling setState() directly within an effect
@bb/app:lint:  1241 |       return;
@bb/app:lint:       `----
@bb/app:lint:   help: Effects should synchronize React with external systems. Calling setState synchronously inside an effect starts another render and is usually unnecessary. Derive the value during render, initialize state directly, or update it from the event that caused the change. Use an effect only when synchronizing with an external system.
@bb/app:lint:   note: React Compiler skipped optimizing this component or hook. Additional guidance: https://react.dev/reference/eslint-plugin-react-hooks/lints/set-state-in-effect
@bb/app:lint: 
@bb/app:lint:   ! react(incompatible-library): Use of incompatible library
@bb/app:lint:       ,-[src/components/secondary-panel/FilePreview.tsx:1072:26]
@bb/app:lint:  1071 |   const scrollRef = useRef<HTMLDivElement>(null);
@bb/app:lint:  1072 |   const rowVirtualizer = useVirtualizer({
@bb/app:lint:       :                          ^^^^^^^|^^^^^^
@bb/app:lint:       :                                 `-- TanStack Virtual's `useVirtualizer()` API returns functions that cannot be memoized safely
@bb/app:lint:  1073 |     count: bodyRows.length,
@bb/app:lint:       `----
@bb/app:lint:   help: This API returns functions which cannot be memoized without leading to stale UI. To prevent this, by default React Compiler will skip memoizing this component/hook. However, you may see issues if values from this API are passed to other components/hooks that are memoized
@bb/app:lint:   note: React Compiler skipped optimizing this component or hook. Additional guidance: https://react.dev/reference/eslint-plugin-react-hooks/lints/incompatible-library
@bb/app:lint: 
@bb/app:lint:   ! react(set-state-in-effect): Calling setState synchronously within an effect can trigger cascading renders
@bb/app:lint:      ,-[src/views/thread-detail/ThreadDetailView.tsx:991:5]
@bb/app:lint:  986 |     !sentMessageEditTargetStillPresent;
@bb/app:lint:  987 |   useEffect(() => {
@bb/app:lint:      :   ^^^^|^^^^
@bb/app:lint:      :       `-- This is the containing effect
@bb/app:lint:  988 |     if (!shouldDiscardMissingSentMessageEdit) {
@bb/app:lint:  989 |       return;
@bb/app:lint:  990 |     }
@bb/app:lint:  991 |     setSentMessageEditHostElement(null);
@bb/app:lint:      :     ^^^^^^^^^^^^^^|^^^^^^^^^^^^^^
@bb/app:lint:      :                   `-- Avoid calling setState() directly within an effect
@bb/app:lint:  992 |     setSentMessageEditSession(null);
@bb/app:lint:      `----
@bb/app:lint:   help: Effects should synchronize React with external systems. Calling setState synchronously inside an effect starts another render and is usually unnecessary. Derive the value during render, initialize state directly, or update it from the event that caused the change. Use an effect only when synchronizing with an external system.
@bb/app:lint:   note: React Compiler skipped optimizing this component or hook. Additional guidance: https://react.dev/reference/eslint-plugin-react-hooks/lints/set-state-in-effect
@bb/app:lint: 
@bb/app:lint:   ! react(set-state-in-effect): Calling setState synchronously within an effect can trigger cascading renders
@bb/app:lint:       ,-[src/views/thread-detail/ThreadDetailView.tsx:1316:5]
@bb/app:lint:  1314 |   }, [setStoredConversationCollapsed]);
@bb/app:lint:  1315 |   useEffect(() => {
@bb/app:lint:       :   ^^^^|^^^^
@bb/app:lint:       :       `-- This is the containing effect
@bb/app:lint:  1316 |     setHasRequestedMergeBaseOptions(false);
@bb/app:lint:       :     ^^^^^^^^^^^^^^^|^^^^^^^^^^^^^^^
@bb/app:lint:       :                    `-- Avoid calling setState() directly within an effect
@bb/app:lint:  1317 |   }, [thread?.environmentId]);
@bb/app:lint:       `----
@bb/app:lint:   help: Effects should synchronize React with external systems. Calling setState synchronously inside an effect starts another render and is usually unnecessary. Derive the value during render, initialize state directly, or update it from the event that caused the change. Use an effect only when synchronizing with an external system.
@bb/app:lint:   note: React Compiler skipped optimizing this component or hook. Additional guidance: https://react.dev/reference/eslint-plugin-react-hooks/lints/set-state-in-effect
@bb/app:lint: 
@bb/app:lint:   ! react(preserve-manual-memoization): Existing memoization could not be preserved
@bb/app:lint:      ,-[src/views/thread-detail/ThreadDetailView.tsx:778:5]
@bb/app:lint:  773 |     (open: boolean) => {
@bb/app:lint:  774 |       if (open && thread?.id) {
@bb/app:lint:      :                   ^^^^^|^^^^
@bb/app:lint:      :                        `-- This dependency is inferred here
@bb/app:lint:  775 |         setParentThreadsRequestedForThreadId(thread.id);
@bb/app:lint:  776 |       }
@bb/app:lint:  777 |     },
@bb/app:lint:  778 |     [thread?.id],
@bb/app:lint:      :     ^^^^^^|^^^^^
@bb/app:lint:      :           `-- This dependency list does not match the dependencies inferred from the callback
@bb/app:lint:  779 |   );
@bb/app:lint:      `----
@bb/app:lint:   help: React Compiler has skipped optimizing this component because the existing manual memoization could not be preserved. The inferred dependencies did not match the manually specified dependencies, which could cause the value to change more or less frequently than expected. The inferred dependency was `thread`, but the source dependencies were [thread?.id]. Inferred less specific property
@bb/app:lint:         than source
@bb/app:lint:   note: React Compiler skipped optimizing this component or hook. Additional guidance: https://react.dev/reference/eslint-plugin-react-hooks/lints/preserve-manual-memoization
@bb/app:lint: 
@bb/app:lint:   ! react(preserve-manual-memoization): Existing memoization could not be preserved
@bb/app:lint:       ,-[src/views/thread-detail/ThreadDetailView.tsx:2143:5]
@bb/app:lint:  2128 |       if (
@bb/app:lint:  2129 |         thread?.environmentId === null ||
@bb/app:lint:       :         ^^^^^^^^^^|^^^^^^^^^^
@bb/app:lint:       :                   `-- This dependency is inferred here
@bb/app:lint:  2130 |         thread?.environmentId === undefined
@bb/app:lint:  2131 |       ) {
@bb/app:lint:  2132 |         return;
@bb/app:lint:  2133 |       }
@bb/app:lint:  2134 |       openLiveFilePreview({
@bb/app:lint:  2135 |         target: {
@bb/app:lint:  2136 |           kind: "workspace",
@bb/app:lint:  2137 |           environmentId: thread.environmentId,
@bb/app:lint:  2138 |           path: relativePath,
@bb/app:lint:  2139 |         },
@bb/app:lint:  2140 |         location: null,
@bb/app:lint:  2141 |       });
@bb/app:lint:  2142 |     },
@bb/app:lint:  2143 |     [openLiveFilePreview, thread?.environmentId],
@bb/app:lint:       :     ^^^^^^^^^^^^^^^^^^^^^^|^^^^^^^^^^^^^^^^^^^^^
@bb/app:lint:       :                           `-- This dependency list does not match the dependencies inferred from the callback
@bb/app:lint:  2144 |   );
@bb/app:lint:       `----
@bb/app:lint:   help: React Compiler has skipped optimizing this component because the existing manual memoization could not be preserved. The inferred dependencies did not match the manually specified dependencies, which could cause the value to change more or less frequently than expected. The inferred dependency was `thread`, but the source dependencies were [openLiveFilePreview, thread?.environmentId].
@bb/app:lint:         Inferred less specific property than source
@bb/app:lint:   note: React Compiler skipped optimizing this component or hook. Additional guidance: https://react.dev/reference/eslint-plugin-react-hooks/lints/preserve-manual-memoization
@bb/app:lint: 
@bb/app:lint:   ! react(refs): Cannot access refs during render
@bb/app:lint:      ,-[src/views/thread-detail/ThreadDetailView.tsx:955:26]
@bb/app:lint:  954 |   const sentMessageEditEntryRef = useRef({ canEditSentMessages, thread });
@bb/app:lint:  955 |   sentMessageEditEntryRef.current = { canEditSentMessages, thread };
@bb/app:lint:      :   ^^^^^^^^^^^|^^^^^^^^^^^^^^^|^^^
@bb/app:lint:      :              |               `-- Cannot update ref value during render
@bb/app:lint:      :              `-- This value is a ref
@bb/app:lint:  956 |   const handleEditSentMessage = useCallback<ThreadTimelineEditMessageHandler>(
@bb/app:lint:      `----
@bb/app:lint:   help: React refs are values that are not needed for rendering. Refs should only be accessed outside of render, such as in event handlers or effects. Accessing a ref value (the `current` property) during render can cause your component not to update as expected
@bb/app:lint:   note: React Compiler skipped optimizing this component or hook. Additional guidance: https://react.dev/reference/eslint-plugin-react-hooks/lints/refs
@bb/app:lint: 
@bb/app:lint:   ! react(set-state-in-effect): Calling setState synchronously within an effect can trigger cascading renders
@bb/app:lint:      ,-[src/components/secondary-panel/ThreadSecondaryPanel.stories.tsx:134:5]
@bb/app:lint:  132 |   const [panel, setPanel] = useState(initialPanel);
@bb/app:lint:  133 |   useEffect(() => {
@bb/app:lint:      :   ^^^^|^^^^
@bb/app:lint:      :       `-- This is the containing effect
@bb/app:lint:  134 |     setPanel(initialPanel);
@bb/app:lint:      :     ^^^^|^^^
@bb/app:lint:      :         `-- Avoid calling setState() directly within an effect
@bb/app:lint:  135 |   }, [initialPanel]);
@bb/app:lint:      `----
@bb/app:lint:   help: Effects should synchronize React with external systems. Calling setState synchronously inside an effect starts another render and is usually unnecessary. Derive the value during render, initialize state directly, or update it from the event that caused the change. Use an effect only when synchronizing with an external system.
@bb/app:lint:   note: React Compiler skipped optimizing this component or hook. Additional guidance: https://react.dev/reference/eslint-plugin-react-hooks/lints/set-state-in-effect
@bb/app:lint: 
@bb/app:lint:   ! react(set-state-in-effect): Calling setState synchronously within an effect can trigger cascading renders
@bb/app:lint:      ,-[src/components/secondary-panel/ThreadSecondaryPanel.stories.tsx:483:5]
@bb/app:lint:  481 |   );
@bb/app:lint:  482 |   useEffect(() => {
@bb/app:lint:      :   ^^^^|^^^^
@bb/app:lint:      :       `-- This is the containing effect
@bb/app:lint:  483 |     setOpenTerminals(terminals);
@bb/app:lint:      :     ^^^^^^^^|^^^^^^^
@bb/app:lint:      :             `-- Avoid calling setState() directly within an effect
@bb/app:lint:  484 |     setActiveTerminalId(initialActiveTerminalId);
@bb/app:lint:      `----
@bb/app:lint:   help: Effects should synchronize React with external systems. Calling setState synchronously inside an effect starts another render and is usually unnecessary. Derive the value during render, initialize state directly, or update it from the event that caused the change. Use an effect only when synchronizing with an external system.
@bb/app:lint:   note: React Compiler skipped optimizing this component or hook. Additional guidance: https://react.dev/reference/eslint-plugin-react-hooks/lints/set-state-in-effect
@bb/app:lint: 
@bb/app:lint:   ! react(set-state-in-effect): Calling setState synchronously within an effect can trigger cascading renders
@bb/app:lint:      ,-[src/views/thread-detail/ThreadDetailPromptArea.tsx:871:7]
@bb/app:lint:  868 |   const hasSentMessageEdit = sentMessageEdit !== undefined;
@bb/app:lint:  869 |   useEffect(() => {
@bb/app:lint:      :   ^^^^|^^^^
@bb/app:lint:      :       `-- This is the containing effect
@bb/app:lint:  870 |     if (hasSentMessageEdit && isHandoffSelection) {
@bb/app:lint:  871 |       exitHandoff();
@bb/app:lint:      :       ^^^^^|^^^^^
@bb/app:lint:      :            `-- Avoid calling setState() directly within an effect
@bb/app:lint:  872 |     }
@bb/app:lint:      `----
@bb/app:lint:   help: Effects should synchronize React with external systems. Calling setState synchronously inside an effect starts another render and is usually unnecessary. Derive the value during render, initialize state directly, or update it from the event that caused the change. Use an effect only when synchronizing with an external system.
@bb/app:lint:   note: React Compiler skipped optimizing this component or hook. Additional guidance: https://react.dev/reference/eslint-plugin-react-hooks/lints/set-state-in-effect
@bb/app:lint: 
@bb/app:lint:   ! react(refs): Cannot access refs during render
@bb/app:lint:       ,-[src/views/thread-detail/ThreadDetailPromptArea.tsx:1892:8]
@bb/app:lint:  1891 |       !inlinePermissionConfig ||
@bb/app:lint:  1892 |       !queuedMessagePluginComposerHost
@bb/app:lint:       :        ^^^^^^^^^^^^^^^|^^^^^^^^^^^^^^^
@bb/app:lint:       :                       `-- Cannot access ref value during render
@bb/app:lint:  1893 |     ) {
@bb/app:lint:       `----
@bb/app:lint:   help: React refs are values that are not needed for rendering. Refs should only be accessed outside of render, such as in event handlers or effects. Accessing a ref value (the `current` property) during render can cause your component not to update as expected
@bb/app:lint:   note: React Compiler skipped optimizing this component or hook. Additional guidance: https://react.dev/reference/eslint-plugin-react-hooks/lints/refs
@bb/app:lint: 
@bb/app:lint:   ! react(refs): Cannot access refs during render
@bb/app:lint:       ,-[src/views/thread-detail/ThreadDetailPromptArea.tsx:2027:43]
@bb/app:lint:  2026 |   const sentMessageEditorPortal = useMemo(() => {
@bb/app:lint:  2027 |     if (!sentMessageEdit?.hostElement || !sentMessagePluginComposerHost) {
@bb/app:lint:       :                                           ^^^^^^^^^^^^^^|^^^^^^^^^^^^^^
@bb/app:lint:       :                                                         `-- Cannot access ref value during render
@bb/app:lint:  2028 |       return null;
@bb/app:lint:       `----
@bb/app:lint:   help: React refs are values that are not needed for rendering. Refs should only be accessed outside of render, such as in event handlers or effects. Accessing a ref value (the `current` property) during render can cause your component not to update as expected
@bb/app:lint:   note: React Compiler skipped optimizing this component or hook. Additional guidance: https://react.dev/reference/eslint-plugin-react-hooks/lints/refs
@bb/app:lint: 
@bb/app:lint: Found 250 warnings and 0 errors.
@bb/app:lint: Finished in 1.1s on 1708 files with 21 rules using 20 threads.

 Tasks:    5 successful, 5 total
Cached:    3 cached, 5 total
  Time:    10.385s 

